date,temperature,temperature_max,temperature_min,precipitation,humidity,solar_radiation,wind_speed,year,month,day_of_year,season,temperature_ma7,temperature_ma30,temperature_ma365,precipitation_ma7,precipitation_ma30,temperature_lag1,temperature_lag7,temperature_lag30
2015-01-01,16.3,21.3,12.0,0.0,68,10.17,8.9,2015,1,1,Winter,16.3,16.3,16.3,0.0,0.0,16.3,16.3,16.3
2015-01-02,15.3,17.2,14.2,4.2,83,4.91,11.2,2015,1,2,Winter,15.8,15.8,15.8,2.1,2.1,16.3,16.3,16.3
2015-01-03,15.6,17.9,14.0,0.1,84,4.59,9.0,2015,1,3,Winter,15.733333333333334,15.733333333333334,15.733333333333334,1.4333333333333333,1.4333333333333333,15.3,16.3,16.3
2015-01-04,14.4,19.1,10.9,0.0,78,12.68,13.5,2015,1,4,Winter,15.4,15.4,15.4,1.075,1.075,15.6,16.3,16.3
2015-01-05,14.3,20.7,9.6,0.0,74,14.72,27.0,2015,1,5,Winter,15.180000000000001,15.180000000000001,15.180000000000001,0.86,0.86,14.4,16.3,16.3
2015-01-06,15.1,20.6,10.5,0.0,75,12.46,21.7,2015,1,6,Winter,15.166666666666666,15.166666666666666,15.166666666666666,0.7166666666666667,0.7166666666666667,14.3,16.3,16.3
2015-01-07,13.8,18.1,10.0,0.0,79,8.16,11.3,2015,1,7,Winter,14.971428571428572,14.971428571428572,14.971428571428572,0.6142857142857142,0.6142857142857142,15.1,16.3,16.3
2015-01-08,13.0,19.6,6.9,0.0,80,14.2,9.4,2015,1,8,Winter,14.5,14.725,14.725,0.6142857142857142,0.5375,13.8,16.3,16.3
2015-01-09,12.4,18.7,6.3,0.0,83,14.3,9.4,2015,1,9,Winter,14.085714285714285,14.466666666666665,14.466666666666665,0.014285714285714287,0.47777777777777775,13.0,15.3,16.3
2015-01-10,11.9,18.1,7.4,0.0,81,14.77,13.8,2015,1,10,Winter,13.557142857142859,14.209999999999999,14.209999999999999,0.0,0.43,12.4,15.6,16.3
2015-01-11,11.7,18.1,6.9,0.0,84,13.54,11.8,2015,1,11,Winter,13.171428571428569,13.981818181818182,13.981818181818182,0.0,0.3909090909090909,11.9,14.4,16.3
2015-01-12,11.3,17.7,6.0,0.0,87,12.18,9.7,2015,1,12,Winter,12.742857142857144,13.758333333333333,13.758333333333333,0.0,0.35833333333333334,11.7,14.3,16.3
2015-01-13,11.2,17.6,6.6,0.0,87,11.58,12.2,2015,1,13,Winter,12.185714285714285,13.561538461538463,13.561538461538463,0.0,0.33076923076923076,11.3,15.1,16.3
2015-01-14,12.9,16.8,10.1,4.1,85,11.35,19.7,2015,1,14,Winter,12.057142857142859,13.514285714285714,13.514285714285714,0.5857142857142856,0.5999999999999999,11.2,13.8,16.3
2015-01-15,12.0,18.3,7.7,0.0,84,12.63,8.3,2015,1,15,Winter,11.914285714285715,13.413333333333332,13.413333333333332,0.5857142857142856,0.5599999999999999,12.9,13.0,16.3
2015-01-16,13.3,19.5,7.7,0.0,78,14.28,9.3,2015,1,16,Winter,12.042857142857143,13.40625,13.40625,0.5857142857142856,0.5249999999999999,12.0,12.4,16.3
2015-01-17,13.8,20.3,8.1,0.0,79,15.27,9.9,2015,1,17,Winter,12.314285714285713,13.429411764705883,13.429411764705883,0.5857142857142856,0.49411764705882344,13.3,11.9,16.3
2015-01-18,13.7,20.4,7.7,0.0,76,15.75,8.7,2015,1,18,Winter,12.6,13.444444444444445,13.444444444444445,0.5857142857142856,0.46666666666666656,13.8,11.7,16.3
2015-01-19,13.1,19.7,6.2,0.0,75,15.86,8.3,2015,1,19,Winter,12.857142857142858,13.426315789473684,13.426315789473684,0.5857142857142856,0.44210526315789467,13.7,11.3,16.3
2015-01-20,12.7,19.2,6.3,0.0,79,15.52,12.4,2015,1,20,Winter,13.071428571428571,13.39,13.39,0.5857142857142856,0.41999999999999993,13.1,11.2,16.3
2015-01-21,12.6,16.3,9.9,3.8,81,8.35,17.0,2015,1,21,Winter,13.028571428571428,13.352380952380951,13.352380952380951,0.5428571428571428,0.5809523809523809,12.7,12.9,16.3
2015-01-22,12.8,15.6,11.2,17.0,87,7.1,14.1,2015,1,22,Winter,13.142857142857142,13.327272727272726,13.327272727272726,2.9714285714285715,1.3272727272727272,12.6,12.0,16.3
2015-01-23,14.1,17.9,11.1,0.0,83,7.75,9.6,2015,1,23,Winter,13.257142857142856,13.360869565217392,13.360869565217392,2.9714285714285715,1.2695652173913043,12.8,13.3,16.3
2015-01-24,14.4,17.4,10.9,0.0,80,9.12,11.8,2015,1,24,Winter,13.342857142857143,13.404166666666667,13.404166666666667,2.9714285714285715,1.2166666666666666,14.1,13.8,16.3
2015-01-25,13.7,17.5,9.2,0.0,75,12.55,9.2,2015,1,25,Winter,13.342857142857143,13.415999999999999,13.415999999999999,2.9714285714285715,1.168,14.4,13.7,16.3
2015-01-26,13.3,18.1,8.1,0.0,74,12.09,9.0,2015,1,26,Winter,13.37142857142857,13.411538461538461,13.411538461538461,2.9714285714285715,1.123076923076923,13.7,13.1,16.3
2015-01-27,12.9,17.7,8.9,0.0,69,15.44,15.1,2015,1,27,Winter,13.400000000000002,13.392592592592594,13.392592592592594,2.9714285714285715,1.0814814814814815,13.3,12.7,16.3
2015-01-28,11.4,17.2,6.9,0.0,74,16.67,15.1,2015,1,28,Winter,13.228571428571428,13.321428571428571,13.321428571428571,2.4285714285714284,1.042857142857143,12.9,12.6,16.3
2015-01-29,11.0,17.8,4.8,0.0,68,16.97,16.8,2015,1,29,Winter,12.971428571428572,13.241379310344827,13.241379310344827,0.0,1.006896551724138,11.4,12.8,16.3
2015-01-30,11.8,18.7,5.4,0.0,66,17.22,18.7,2015,1,30,Winter,12.642857142857142,13.193333333333333,13.193333333333333,0.0,0.9733333333333333,11.0,14.1,16.3
2015-01-31,13.1,19.9,7.7,0.0,65,16.42,16.0,2015,1,31,Winter,12.457142857142857,13.086666666666666,13.19032258064516,0.0,0.9733333333333333,11.8,14.4,16.3
2015-02-01,13.9,20.7,7.0,0.0,74,13.2,9.9,2015,2,32,Winter,12.485714285714286,13.04,13.2125,0.0,0.8333333333333334,13.1,13.7,15.3
2015-02-02,15.8,21.7,11.0,1.2,75,13.83,21.0,2015,2,33,Winter,12.842857142857143,13.046666666666669,13.290909090909091,0.17142857142857143,0.8699999999999999,13.9,13.3,15.6
2015-02-03,17.0,21.9,13.3,13.2,78,11.61,19.5,2015,2,34,Winter,13.428571428571429,13.133333333333333,13.4,2.057142857142857,1.3099999999999998,15.8,12.9,14.4
2015-02-04,13.9,19.9,10.0,0.0,86,14.48,14.6,2015,2,35,Winter,13.785714285714286,13.120000000000001,13.414285714285715,2.057142857142857,1.3099999999999998,17.0,11.4,14.3
2015-02-05,14.1,20.5,9.2,0.0,76,17.97,13.5,2015,2,36,Winter,14.22857142857143,13.086666666666668,13.433333333333334,2.057142857142857,1.3099999999999998,13.9,11.0,15.1
2015-02-06,13.5,20.7,7.1,0.0,72,17.96,9.2,2015,2,37,Winter,14.471428571428573,13.076666666666666,13.435135135135136,2.057142857142857,1.3099999999999998,14.1,11.8,13.8
2015-02-07,14.8,22.1,7.8,0.0,69,17.65,8.7,2015,2,38,Winter,14.714285714285714,13.136666666666667,13.471052631578948,2.057142857142857,1.3099999999999998,13.5,13.1,13.0
2015-02-08,15.3,22.3,9.8,2.1,73,15.36,9.0,2015,2,39,Winter,14.914285714285713,13.233333333333333,13.51794871794872,2.357142857142857,1.38,14.8,13.9,12.4
2015-02-09,15.8,23.1,10.0,0.0,71,18.09,14.1,2015,2,40,Winter,14.914285714285715,13.363333333333333,13.575,2.1857142857142855,1.38,15.3,15.8,11.9
2015-02-10,15.1,22.1,9.5,0.0,67,18.71,14.5,2015,2,41,Winter,14.642857142857142,13.476666666666667,13.61219512195122,0.3,1.38,15.8,17.0,11.7
2015-02-11,14.8,22.0,7.9,0.0,64,18.22,9.4,2015,2,42,Winter,14.771428571428572,13.593333333333334,13.640476190476189,0.3,1.38,15.1,13.9,11.3
2015-02-12,15.2,22.1,8.6,0.0,69,18.69,13.3,2015,2,43,Winter,14.928571428571429,13.726666666666667,13.676744186046513,0.3,1.38,14.8,14.1,11.2
2015-02-13,16.7,24.3,9.7,0.0,63,18.72,16.6,2015,2,44,Winter,15.385714285714284,13.853333333333333,13.745454545454544,0.3,1.2433333333333332,15.2,13.5,12.9
2015-02-14,18.8,26.5,11.4,0.0,63,18.45,9.4,2015,2,45,Winter,15.957142857142857,14.080000000000002,13.857777777777779,0.3,1.2433333333333332,16.7,14.8,12.0
2015-02-15,18.4,25.4,11.2,0.0,71,18.84,7.9,2015,2,46,Winter,16.4,14.25,13.956521739130435,0.0,1.2433333333333332,18.8,15.3,13.3
2015-02-16,19.8,26.2,13.9,0.0,70,18.13,21.9,2015,2,47,Winter,16.97142857142857,14.45,14.080851063829787,0.0,1.2433333333333332,18.4,15.8,13.8
2015-02-17,20.4,26.5,15.8,1.6,74,17.77,15.7,2015,2,48,Winter,17.728571428571428,14.673333333333334,14.2125,0.2285714285714286,1.2966666666666666,19.8,15.1,13.7
2015-02-18,19.7,26.1,15.6,12.0,77,17.54,21.3,2015,2,49,Winter,18.428571428571427,14.893333333333333,14.324489795918367,1.9428571428571428,1.6966666666666663,20.4,14.8,13.1
2015-02-19,20.1,26.7,14.4,1.6,78,17.01,25.1,2015,2,50,Winter,19.12857142857143,15.139999999999999,14.44,2.1714285714285713,1.7499999999999998,19.7,15.2,12.7
2015-02-20,21.2,27.0,17.0,0.0,74,18.36,18.7,2015,2,51,Winter,19.771428571428572,15.426666666666668,14.572549019607845,2.1714285714285713,1.6233333333333333,20.1,16.7,12.6
2015-02-21,20.7,26.5,15.0,0.0,75,19.1,17.8,2015,2,52,Winter,20.04285714285714,15.69,14.690384615384614,2.1714285714285713,1.0566666666666666,21.2,18.8,12.8
2015-02-22,20.6,27.1,15.4,0.0,69,19.7,21.5,2015,2,53,Winter,20.357142857142858,15.906666666666666,14.80188679245283,2.1714285714285713,1.0566666666666666,20.7,18.4,14.1
2015-02-23,20.2,26.4,13.5,0.0,77,18.59,9.5,2015,2,54,Winter,20.41428571428571,16.1,14.901851851851852,2.1714285714285713,1.0566666666666666,20.6,19.8,14.4
2015-02-24,21.0,27.2,14.3,0.1,79,13.74,12.2,2015,2,55,Winter,20.5,16.343333333333334,15.012727272727274,1.957142857142857,1.0599999999999998,20.2,20.4,13.7
2015-02-25,21.5,27.2,16.8,5.2,79,14.25,14.3,2015,2,56,Winter,20.75714285714286,16.616666666666667,15.12857142857143,0.9857142857142858,1.2333333333333334,21.0,19.7,13.3
2015-02-26,18.7,24.5,13.7,0.0,69,18.75,11.3,2015,2,57,Winter,20.557142857142857,16.81,15.191228070175438,0.7571428571428572,1.2333333333333334,21.5,20.1,12.9
2015-02-27,17.0,23.6,12.1,0.0,68,19.15,12.6,2015,2,58,Winter,19.957142857142856,16.996666666666666,15.222413793103447,0.7571428571428572,1.2333333333333334,18.7,21.2,11.4
2015-02-28,18.2,25.4,11.4,0.2,56,20.31,13.5,2015,2,59,Winter,19.599999999999998,17.236666666666668,15.272881355932205,0.7857142857142858,1.2399999999999998,17.0,20.7,11.0
2015-03-01,17.1,19.3,16.1,22.9,83,4.49,30.8,2015,3,60,Spring,19.099999999999998,17.413333333333334,15.303333333333335,4.057142857142857,2.003333333333333,18.2,20.6,11.8
2015-03-02,16.3,19.5,14.4,22.8,93,5.35,28.8,2015,3,61,Spring,18.542857142857144,17.52,15.319672131147541,7.314285714285715,2.7633333333333336,17.1,20.2,13.1
2015-03-03,15.7,19.6,12.6,1.0,86,14.88,9.4,2015,3,62,Spring,17.785714285714285,17.58,15.325806451612904,7.442857142857142,2.796666666666667,16.3,21.0,13.9
2015-03-04,15.2,21.6,9.7,0.0,72,20.91,15.9,2015,3,63,Spring,16.885714285714286,17.56,15.323809523809523,6.700000000000001,2.7566666666666664,15.7,21.5,15.8
2015-03-05,16.5,23.7,9.0,0.0,70,21.41,9.4,2015,3,64,Spring,16.571428571428573,17.543333333333333,15.3421875,6.700000000000001,2.316666666666667,15.2,18.7,17.0
2015-03-06,18.2,24.9,12.6,0.0,70,19.93,10.8,2015,3,65,Spring,16.74285714285714,17.686666666666667,15.386153846153846,6.700000000000001,2.316666666666667,16.5,17.0,13.9
2015-03-07,18.3,25.5,11.7,10.5,76,20.17,11.3,2015,3,66,Spring,16.75714285714286,17.826666666666664,15.43030303030303,8.171428571428573,2.6666666666666665,18.2,18.2,14.1
2015-03-08,18.3,24.0,14.2,0.9,79,19.48,18.8,2015,3,67,Spring,16.928571428571427,17.986666666666668,15.47313432835821,5.028571428571429,2.6966666666666668,18.3,17.1,13.5
2015-03-09,16.6,22.4,11.8,3.9,70,22.61,16.1,2015,3,68,Spring,16.97142857142857,18.046666666666667,15.48970588235294,2.3285714285714287,2.826666666666667,18.3,16.3,14.8
2015-03-10,16.1,23.1,9.6,0.0,69,22.84,13.8,2015,3,69,Spring,17.02857142857143,18.07333333333333,15.498550724637683,2.185714285714286,2.756666666666667,16.6,15.7,15.3
2015-03-11,17.4,24.7,10.6,0.0,70,22.26,11.5,2015,3,70,Spring,17.342857142857145,18.126666666666665,15.525714285714285,2.185714285714286,2.756666666666667,16.1,15.2,15.8
2015-03-12,18.5,26.5,10.1,0.0,67,21.92,10.0,2015,3,71,Spring,17.62857142857143,18.24,15.567605633802817,2.185714285714286,2.756666666666667,17.4,16.5,15.1
2015-03-13,19.0,25.9,13.9,2.9,76,16.88,10.2,2015,3,72,Spring,17.742857142857144,18.38,15.615277777777777,2.6,2.853333333333333,18.5,18.2,14.8
2015-03-14,20.0,26.1,14.3,4.1,79,15.96,13.0,2015,3,73,Spring,17.985714285714288,18.54,15.675342465753424,1.6857142857142855,2.99,19.0,18.3,15.2
2015-03-15,18.2,22.5,16.0,20.6,88,12.06,19.0,2015,3,74,Spring,17.97142857142857,18.59,15.70945945945946,4.5,3.6766666666666667,20.0,18.3,16.7
2015-03-16,18.2,22.7,15.2,6.7,87,11.34,19.6,2015,3,75,Spring,18.2,18.57,15.742666666666667,4.9,3.9,18.2,16.6,18.8
2015-03-17,19.3,25.1,14.2,0.0,76,21.82,17.7,2015,3,76,Spring,18.657142857142855,18.6,15.789473684210526,4.9,3.9,18.2,16.1,18.4
2015-03-18,18.9,24.7,13.6,0.0,70,22.92,18.6,2015,3,77,Spring,18.87142857142857,18.57,15.82987012987013,4.9,3.9,19.3,17.4,19.8
2015-03-19,19.2,26.3,12.2,0.0,69,23.69,11.2,2015,3,78,Spring,18.971428571428568,18.529999999999998,15.873076923076923,4.9,3.8466666666666667,18.9,18.5,20.4
2015-03-20,20.3,27.8,12.4,0.0,67,23.63,11.0,2015,3,79,Spring,19.157142857142855,18.55,15.929113924050634,4.485714285714286,3.4466666666666668,19.2,19.0,19.7
2015-03-21,22.0,29.2,14.8,0.0,69,23.27,10.3,2015,3,80,Spring,19.442857142857143,18.613333333333333,16.005000000000003,3.9,3.393333333333333,20.3,20.0,20.1
2015-03-22,23.2,30.2,16.8,0.0,63,23.39,18.3,2015,3,81,Spring,20.157142857142855,18.68,16.093827160493827,0.9571428571428572,3.393333333333333,22.0,18.2,21.2
2015-03-23,24.0,31.1,17.6,0.0,62,23.72,14.9,2015,3,82,Spring,20.985714285714288,18.790000000000003,16.190243902439022,0.0,3.393333333333333,23.2,18.2,20.7
2015-03-24,24.2,32.2,15.6,0.0,64,23.98,10.9,2015,3,83,Spring,21.685714285714287,18.91,16.28674698795181,0.0,3.393333333333333,24.0,19.3,20.6
2015-03-25,25.2,32.5,17.2,0.0,61,23.33,10.0,2015,3,84,Spring,22.585714285714285,19.076666666666664,16.392857142857142,0.0,3.393333333333333,24.2,18.9,20.2
2015-03-26,26.8,33.6,20.2,0.0,58,22.87,8.9,2015,3,85,Spring,23.671428571428574,19.269999999999996,16.51529411764706,0.0,3.39,25.2,19.2,21.0
2015-03-27,27.3,33.8,21.8,0.0,56,22.96,11.6,2015,3,86,Spring,24.67142857142857,19.46333333333333,16.640697674418604,0.0,3.216666666666667,26.8,20.3,21.5
2015-03-28,25.6,34.1,16.4,0.0,52,24.8,8.9,2015,3,87,Spring,25.185714285714287,19.693333333333335,16.74367816091954,0.0,3.216666666666667,27.3,22.0,18.7
2015-03-29,25.7,32.2,20.7,0.4,52,15.51,20.1,2015,3,88,Spring,25.542857142857144,19.983333333333334,16.845454545454547,0.05714285714285715,3.2299999999999995,25.6,23.2,17.0
2015-03-30,22.2,27.1,19.5,5.1,75,16.71,24.5,2015,3,89,Spring,25.285714285714285,20.116666666666667,16.905617977528088,0.7857142857142857,3.393333333333333,25.7,24.0,18.2
2015-03-31,23.0,28.0,17.4,0.1,70,20.26,14.2,2015,3,90,Spring,25.11428571428571,20.313333333333333,16.973333333333333,0.7999999999999999,2.6333333333333333,22.2,24.2,17.1
2015-04-01,24.3,30.8,17.9,0.6,66,19.88,15.4,2015,4,91,Spring,24.985714285714288,20.58,17.053846153846155,0.8857142857142858,1.8933333333333333,23.0,25.2,16.3
2015-04-02,26.6,33.3,19.2,0.0,56,24.0,14.9,2015,4,92,Spring,24.957142857142856,20.94333333333333,17.157608695652176,0.8857142857142858,1.8599999999999999,24.3,26.8,15.7
2015-04-03,23.5,30.1,19.1,10.8,72,19.44,15.2,2015,4,93,Spring,24.414285714285715,21.220000000000002,17.225806451612904,2.4285714285714284,2.2199999999999998,26.6,27.3,15.2
2015-04-04,20.9,25.1,18.6,17.8,83,12.48,13.0,2015,4,94,Spring,23.742857142857144,21.366666666666667,17.26489361702128,4.971428571428571,2.8133333333333335,23.5,25.6,16.5
2015-04-05,22.4,28.5,15.5,0.0,68,23.12,8.9,2015,4,95,Spring,23.271428571428572,21.506666666666664,17.318947368421053,4.9142857142857155,2.8133333333333335,20.9,25.7,18.2
2015-04-06,23.8,30.0,16.2,0.0,58,24.57,9.9,2015,4,96,Spring,23.5,21.69,17.386458333333334,4.185714285714286,2.4633333333333334,22.4,22.2,18.3
2015-04-07,22.3,27.7,16.9,5.5,67,21.92,10.9,2015,4,97,Spring,23.400000000000002,21.82333333333333,17.437113402061858,4.957142857142857,2.6166666666666667,23.8,23.0,18.3
2015-04-08,23.5,30.0,16.6,0.3,62,23.45,9.7,2015,4,98,Spring,23.285714285714285,22.053333333333335,17.498979591836736,4.914285714285714,2.496666666666667,22.3,24.3,16.6
2015-04-09,24.0,31.0,17.0,0.0,57,26.07,14.9,2015,4,99,Spring,22.914285714285715,22.316666666666666,17.564646464646465,4.914285714285714,2.496666666666667,23.5,26.6,16.1
2015-04-10,25.4,33.0,17.7,0.0,51,26.01,14.1,2015,4,100,Spring,23.185714285714287,22.583333333333332,17.643,3.3714285714285714,2.496666666666667,24.0,23.5,17.4
2015-04-11,26.1,34.1,18.2,0.1,49,24.1,9.4,2015,4,101,Spring,23.928571428571427,22.836666666666666,17.72673267326733,0.8428571428571429,2.5,25.4,20.9,18.5
2015-04-12,24.4,29.2,20.2,0.0,56,16.29,15.8,2015,4,102,Spring,24.214285714285715,23.016666666666666,17.7921568627451,0.8428571428571429,2.4033333333333333,26.1,22.4,19.0
2015-04-13,23.6,29.2,18.9,7.1,70,22.53,17.1,2015,4,103,Spring,24.185714285714287,23.136666666666667,17.84854368932039,1.8571428571428572,2.503333333333333,24.4,23.8,20.0
2015-04-14,24.2,29.7,19.1,0.6,70,22.38,13.7,2015,4,104,Spring,24.457142857142856,23.336666666666666,17.909615384615385,1.157142857142857,1.8366666666666667,23.6,22.3,18.2
2015-04-15,25.6,31.6,19.3,0.0,63,23.68,16.5,2015,4,105,Spring,24.75714285714286,23.583333333333332,17.982857142857142,1.1142857142857143,1.6133333333333333,24.2,23.5,18.2
2015-04-16,26.1,31.4,20.5,0.0,62,23.47,11.9,2015,4,106,Spring,25.057142857142857,23.81,18.05943396226415,1.1142857142857143,1.6133333333333333,25.6,24.0,19.3
2015-04-17,27.4,34.9,19.7,0.0,56,25.74,18.5,2015,4,107,Spring,25.342857142857138,24.093333333333337,18.146728971962617,1.1142857142857143,1.6133333333333333,26.1,25.4,18.9
2015-04-18,29.6,37.1,21.0,0.0,46,24.71,12.4,2015,4,108,Spring,25.842857142857145,24.439999999999998,18.252777777777776,1.0999999999999999,1.6133333333333333,27.4,26.1,19.2
2015-04-19,31.3,39.4,21.2,0.0,39,26.32,12.1,2015,4,109,Spring,26.828571428571426,24.80666666666667,18.37247706422018,1.0999999999999999,1.6133333333333333,29.6,24.4,20.3
2015-04-20,31.5,38.7,24.6,0.1,38,23.74,16.1,2015,4,110,Spring,27.957142857142856,25.123333333333335,18.491818181818182,0.09999999999999999,1.6166666666666667,31.3,23.6,22.0
2015-04-21,31.0,38.6,22.4,0.0,36,25.66,19.3,2015,4,111,Spring,28.928571428571427,25.383333333333333,18.604504504504504,0.014285714285714287,1.6166666666666667,31.5,24.2,23.2
2015-04-22,30.3,38.2,22.1,0.0,27,27.44,18.1,2015,4,112,Spring,29.599999999999998,25.59333333333333,18.708928571428572,0.014285714285714287,1.6166666666666667,31.0,25.6,24.0
2015-04-23,30.7,38.7,21.6,0.0,24,26.01,10.7,2015,4,113,Spring,30.257142857142856,25.810000000000002,18.81504424778761,0.014285714285714287,1.6166666666666667,30.3,26.1,24.2
2015-04-24,31.4,39.3,22.4,0.0,27,26.43,10.2,2015,4,114,Spring,30.828571428571426,26.016666666666666,18.92543859649123,0.014285714285714287,1.6166666666666667,30.7,27.4,25.2
2015-04-25,29.8,37.0,23.5,0.3,36,26.16,25.6,2015,4,115,Spring,30.857142857142858,26.116666666666667,19.020000000000003,0.05714285714285715,1.6266666666666665,31.4,29.6,26.8
2015-04-26,28.6,34.4,23.2,0.0,49,26.02,24.4,2015,4,116,Spring,30.47142857142857,26.16,19.102586206896554,0.05714285714285714,1.6266666666666665,29.8,31.3,27.3
2015-04-27,29.6,36.5,23.8,0.9,50,25.79,21.1,2015,4,117,Spring,30.2,26.293333333333333,19.192307692307693,0.17142857142857143,1.6566666666666665,28.6,31.5,25.6
2015-04-28,29.9,37.2,24.1,3.9,50,25.87,18.8,2015,4,118,Spring,30.042857142857144,26.433333333333334,19.283050847457627,0.7285714285714285,1.7733333333333332,29.6,31.0,25.7
2015-04-29,29.9,36.6,23.2,0.0,46,26.28,14.9,2015,4,119,Spring,29.985714285714288,26.689999999999998,19.372268907563026,0.7285714285714285,1.603333333333333,29.9,30.3,22.2
2015-04-30,30.6,38.1,22.8,1.1,46,26.42,27.3,2015,4,120,Spring,29.97142857142857,26.94333333333333,19.465833333333332,0.8857142857142858,1.6366666666666667,29.9,30.7,23.0
2015-05-01,30.4,36.5,24.1,0.0,40,26.19,21.4,2015,5,121,Spring,29.82857142857143,27.146666666666665,19.55619834710744,0.8857142857142858,1.6166666666666667,30.6,31.4,24.3
2015-05-02,30.2,37.3,22.0,0.0,29,27.45,18.0,2015,5,122,Spring,29.885714285714283,27.266666666666666,19.64344262295082,0.8428571428571429,1.6166666666666667,30.4,29.8,26.6
2015-05-03,30.3,38.0,21.0,0.0,25,27.4,11.3,2015,5,123,Spring,30.12857142857143,27.493333333333332,19.73008130081301,0.8428571428571429,1.2566666666666666,30.2,28.6,23.5
2015-05-04,30.6,38.9,20.9,0.0,28,28.14,11.1,2015,5,124,Spring,30.271428571428572,27.816666666666666,19.817741935483873,0.7142857142857143,0.6633333333333333,30.3,29.6,20.9
2015-05-05,31.7,40.0,20.9,0.0,28,27.62,16.3,2015,5,125,Spring,30.52857142857143,28.12666666666667,19.9128,0.15714285714285722,0.6633333333333333,30.6,29.9,22.4
2015-05-06,32.7,42.5,22.4,0.0,27,27.66,17.4,2015,5,126,Spring,30.928571428571427,28.423333333333336,20.014285714285716,0.15714285714285722,0.6633333333333333,31.7,29.9,23.8
2015-05-07,33.7,42.7,24.1,0.0,25,27.6,21.6,2015,5,127,Spring,31.371428571428574,28.803333333333335,20.12204724409449,0.0,0.48000000000000004,32.7,30.6,22.3
2015-05-08,34.7,42.1,26.7,0.0,18,27.84,14.4,2015,5,128,Spring,31.985714285714288,29.17666666666667,20.2359375,0.0,0.47,33.7,30.4,23.5
2015-05-09,34.1,40.8,26.8,0.0,23,26.94,11.6,2015,5,129,Spring,32.542857142857144,29.513333333333335,20.34341085271318,0.0,0.47,34.7,30.2,24.0
2015-05-10,33.6,41.7,25.1,0.0,25,27.11,14.7,2015,5,130,Spring,33.01428571428572,29.78666666666667,20.445384615384615,0.0,0.47,34.1,30.3,25.4
2015-05-11,32.9,39.6,25.4,0.8,34,26.23,13.7,2015,5,131,Spring,33.34285714285714,30.013333333333335,20.540458015267177,0.11428571428571435,0.4933333333333333,33.6,30.6,26.1
2015-05-12,31.2,36.3,25.8,1.3,48,24.34,24.4,2015,5,132,Spring,33.27142857142858,30.240000000000002,20.62121212121212,0.3000000000000001,0.5366666666666667,32.9,31.7,24.4
2015-05-13,30.1,35.7,26.1,5.8,60,22.64,11.0,2015,5,133,Spring,32.9,30.456666666666667,20.692481203007517,1.1285714285714286,0.49333333333333335,31.2,32.7,23.6
2015-05-14,29.6,35.8,24.3,1.3,58,25.77,10.2,2015,5,134,Spring,32.31428571428572,30.636666666666667,20.758955223880594,1.3142857142857145,0.5166666666666667,30.1,33.7,24.2
2015-05-15,29.8,36.6,24.4,3.5,50,24.81,16.6,2015,5,135,Spring,31.614285714285717,30.776666666666664,20.825925925925926,1.8142857142857143,0.6333333333333333,29.6,34.7,25.6
2015-05-16,30.1,35.9,23.3,0.0,55,27.5,7.4,2015,5,136,Spring,31.042857142857144,30.910000000000004,20.894117647058824,1.8142857142857143,0.6333333333333333,29.8,34.1,26.1
2015-05-17,31.6,37.9,24.7,0.0,47,27.49,9.5,2015,5,137,Spring,30.757142857142856,31.05,20.972262773722626,1.8142857142857143,0.6333333333333333,30.1,33.6,27.4
2015-05-18,34.6,41.2,27.6,0.3,39,26.59,11.3,2015,5,138,Spring,31.0,31.216666666666672,21.071014492753626,1.7428571428571427,0.6433333333333333,31.6,32.9,29.6
2015-05-19,34.1,41.5,26.8,1.4,31,25.65,23.7,2015,5,139,Spring,31.414285714285715,31.31,21.16474820143885,1.7571428571428573,0.69,34.6,31.2,31.3
2015-05-20,33.5,40.3,26.3,0.0,31,27.71,16.4,2015,5,140,Spring,31.900000000000002,31.376666666666665,21.252857142857142,0.9285714285714286,0.6866666666666666,34.1,30.1,31.5
2015-05-21,33.6,41.7,24.6,0.0,27,28.38,18.4,2015,5,141,Spring,32.471428571428575,31.46333333333333,21.340425531914892,0.7428571428571429,0.6866666666666666,33.5,29.6,31.0
2015-05-22,34.5,42.6,26.2,0.0,23,28.49,16.4,2015,5,142,Spring,33.142857142857146,31.603333333333335,21.433098591549296,0.24285714285714285,0.6866666666666666,33.6,29.8,30.3
2015-05-23,34.6,43.2,25.5,0.0,22,27.39,15.1,2015,5,143,Spring,33.785714285714285,31.733333333333334,21.525174825174826,0.24285714285714285,0.6866666666666666,34.5,30.1,30.7
2015-05-24,35.1,42.8,27.1,0.0,23,27.08,15.2,2015,5,144,Spring,34.285714285714285,31.85666666666667,21.619444444444444,0.24285714285714285,0.6866666666666666,34.6,31.6,31.4
2015-05-25,35.3,44.1,26.2,0.0,21,28.17,13.6,2015,5,145,Spring,34.385714285714286,32.04,21.713793103448275,0.19999999999999998,0.6766666666666665,35.1,34.6,29.8
2015-05-26,35.4,44.0,27.7,0.0,18,27.56,15.1,2015,5,146,Spring,34.57142857142857,32.266666666666666,21.807534246575344,0.0,0.6766666666666665,35.3,34.1,28.6
2015-05-27,34.0,41.8,26.1,0.0,17,29.21,16.0,2015,5,147,Spring,34.642857142857146,32.413333333333334,21.890476190476193,0.0,0.6466666666666666,35.4,33.5,29.6
2015-05-28,34.1,41.2,25.1,0.0,21,27.28,10.5,2015,5,148,Spring,34.714285714285715,32.553333333333335,21.972972972972972,0.0,0.5166666666666667,34.0,33.6,29.9
2015-05-29,35.1,41.7,27.0,0.0,26,27.47,12.6,2015,5,149,Spring,34.8,32.72666666666667,22.061073825503357,0.0,0.5166666666666667,34.1,34.5,29.9
2015-05-30,35.0,41.5,27.7,0.0,27,26.28,14.6,2015,5,150,Spring,34.857142857142854,32.873333333333335,22.147333333333332,0.0,0.4799999999999999,35.1,34.6,30.6
2015-05-31,34.8,41.5,26.9,0.1,25,26.71,20.5,2015,5,151,Spring,34.81428571428571,33.02,22.23112582781457,0.014285714285714287,0.48333333333333334,35.0,35.1,30.4
2015-06-01,33.3,39.8,25.9,0.2,30,24.48,11.3,2015,6,152,Summer,34.528571428571425,33.123333333333335,22.303947368421053,0.042857142857142864,0.49,34.8,35.3,30.2
2015-06-02,32.1,37.8,27.2,0.3,35,20.61,11.2,2015,6,153,Summer,34.05714285714286,33.18333333333334,22.36797385620915,0.08571428571428572,0.5,33.3,35.4,30.3
2015-06-03,31.2,37.9,25.4,0.5,42,24.6,16.2,2015,6,154,Summer,33.65714285714286,33.20333333333333,22.425324675324674,0.15714285714285717,0.5166666666666667,32.1,34.0,30.6
2015-06-04,30.8,37.5,24.4,0.0,48,25.77,15.3,2015,6,155,Summer,33.18571428571429,33.17333333333333,22.47935483870968,0.15714285714285717,0.5166666666666667,31.2,34.1,31.7
2015-06-05,32.8,37.9,27.2,0.1,40,24.73,13.0,2015,6,156,Summer,32.857142857142854,33.17666666666666,22.54551282051282,0.17142857142857143,0.52,30.8,35.1,32.7
2015-06-06,33.1,39.0,26.6,0.0,35,26.43,17.1,2015,6,157,Summer,32.58571428571428,33.156666666666666,22.612738853503185,0.17142857142857143,0.52,32.8,35.0,33.7
2015-06-07,34.3,40.4,26.2,0.0,31,24.35,14.5,2015,6,158,Summer,32.51428571428571,33.14333333333333,22.686708860759495,0.1571428571428571,0.52,33.1,34.8,34.7
2015-06-08,35.5,42.5,27.0,0.0,28,26.34,15.5,2015,6,159,Summer,32.82857142857143,33.19,22.767295597484278,0.12857142857142856,0.52,34.3,33.3,34.1
2015-06-09,36.3,42.6,29.5,0.0,25,22.98,29.3,2015,6,160,Summer,33.42857142857142,33.28,22.851875,0.08571428571428572,0.52,35.5,32.1,33.6
2015-06-10,36.3,41.4,30.8,0.5,33,25.05,24.9,2015,6,161,Summer,34.15714285714286,33.39333333333333,22.935403726708074,0.08571428571428572,0.51,36.3,31.2,32.9
2015-06-11,35.8,40.2,30.8,0.1,34,25.3,21.3,2015,6,162,Summer,34.871428571428574,33.54666666666667,23.014814814814816,0.09999999999999999,0.47,36.3,30.8,31.2
2015-06-12,35.4,40.6,29.9,0.0,37,25.39,17.9,2015,6,163,Summer,35.24285714285714,33.723333333333336,23.090797546012272,0.08571428571428572,0.27666666666666667,35.8,32.8,30.1
2015-06-13,34.1,40.1,30.2,2.4,38,22.96,15.9,2015,6,164,Summer,35.385714285714286,33.87333333333333,23.157926829268295,0.42857142857142855,0.31333333333333335,35.4,33.1,29.6
2015-06-14,29.0,32.9,25.6,3.7,69,20.33,9.9,2015,6,165,Summer,34.628571428571426,33.846666666666664,23.193333333333335,0.9571428571428572,0.32,34.1,34.3,29.8
2015-06-15,29.4,33.9,23.8,5.6,69,21.21,12.4,2015,6,166,Summer,33.75714285714285,33.82333333333334,23.230722891566266,1.7571428571428573,0.5066666666666666,29.0,35.5,30.1
2015-06-16,31.9,36.5,27.1,0.0,60,23.2,10.4,2015,6,167,Summer,33.128571428571426,33.833333333333336,23.28263473053892,1.7571428571428573,0.5066666666666666,29.4,36.3,31.6
2015-06-17,32.7,37.6,27.8,0.4,58,23.77,8.4,2015,6,168,Summer,32.614285714285714,33.769999999999996,23.338690476190475,1.7428571428571427,0.51,31.9,36.3,34.6
2015-06-18,34.1,39.1,28.6,0.0,46,24.36,8.4,2015,6,169,Summer,32.371428571428574,33.77,23.402366863905325,1.7285714285714284,0.4633333333333333,32.7,35.8,34.1
2015-06-19,34.5,39.2,29.4,0.1,48,24.07,15.0,2015,6,170,Summer,32.24285714285714,33.803333333333335,23.46764705882353,1.742857142857143,0.4666666666666667,34.1,35.4,33.5
2015-06-20,32.8,37.2,28.8,1.1,58,22.56,22.3,2015,6,171,Summer,32.05714285714286,33.776666666666664,23.522222222222222,1.5571428571428572,0.5033333333333333,34.5,34.1,33.6
2015-06-21,32.1,36.4,28.9,1.7,62,22.36,16.6,2015,6,172,Summer,32.5,33.696666666666665,23.572093023255814,1.2714285714285716,0.56,32.8,29.0,34.5
2015-06-22,32.0,36.9,26.7,0.6,62,23.12,20.5,2015,6,173,Summer,32.871428571428574,33.61,23.620809248554913,0.5571428571428572,0.58,32.1,29.4,34.6
2015-06-23,33.1,38.2,28.6,0.0,56,23.95,15.7,2015,6,174,Summer,33.042857142857144,33.54333333333333,23.67528735632184,0.5571428571428572,0.58,32.0,31.9,35.1
2015-06-24,31.1,36.4,26.6,16.8,70,20.38,13.9,2015,6,175,Summer,32.81428571428572,33.403333333333336,23.717714285714287,2.9,1.1400000000000001,33.1,32.7,35.3
2015-06-25,26.1,27.2,25.2,32.6,92,5.1,13.5,2015,6,176,Summer,31.671428571428574,33.093333333333334,23.73125,7.557142857142858,2.2266666666666666,31.1,34.1,35.4
2015-06-26,29.8,34.7,24.6,0.0,70,24.18,16.4,2015,6,177,Summer,31.0,32.95333333333333,23.76553672316384,7.542857142857143,2.2266666666666666,26.1,34.5,34.0
2015-06-27,31.5,35.9,27.6,0.0,66,24.48,17.4,2015,6,178,Summer,30.814285714285717,32.86666666666667,23.808988764044944,7.385714285714285,2.2266666666666666,29.8,32.8,34.1
2015-06-28,32.4,37.2,28.1,0.4,64,22.92,15.2,2015,6,179,Summer,30.857142857142858,32.776666666666664,23.85698324022346,7.2,2.24,31.5,32.1,35.1
2015-06-29,30.5,33.8,27.0,0.0,67,23.91,19.0,2015,6,180,Summer,30.642857142857142,32.626666666666665,23.89388888888889,7.114285714285714,2.24,32.4,32.0,35.0
2015-06-30,28.8,32.9,25.8,0.4,68,20.27,13.1,2015,6,181,Summer,30.02857142857143,32.42666666666667,23.92099447513812,7.171428571428571,2.25,30.5,33.1,34.8
2015-07-01,30.1,34.8,25.6,0.8,70,23.03,8.3,2015,7,182,Summer,29.885714285714283,32.32,23.954945054945057,4.885714285714285,2.27,28.8,31.1,33.3
2015-07-02,30.8,36.0,26.7,0.6,68,23.82,11.9,2015,7,183,Summer,30.557142857142857,32.276666666666664,23.99234972677596,0.31428571428571433,2.2800000000000002,30.1,26.1,32.1
2015-07-03,32.1,37.2,28.1,0.3,64,23.6,18.9,2015,7,184,Summer,30.885714285714283,32.306666666666665,24.03641304347826,0.35714285714285715,2.2733333333333334,30.8,29.8,31.2
2015-07-04,31.8,35.8,27.1,0.6,64,21.88,18.6,2015,7,185,Summer,30.928571428571427,32.339999999999996,24.07837837837838,0.4428571428571429,2.2933333333333334,32.1,31.5,30.8
2015-07-05,31.5,37.3,27.5,12.3,68,22.92,23.8,2015,7,186,Summer,30.800000000000004,32.29666666666667,24.118279569892472,2.142857142857143,2.7,31.8,32.4,32.8
2015-07-06,29.7,32.6,25.9,6.3,77,15.99,13.1,2015,7,187,Summer,30.685714285714287,32.18333333333333,24.14812834224599,3.042857142857143,2.9099999999999997,31.5,30.5,33.1
2015-07-07,27.6,31.5,24.9,14.6,84,15.06,10.6,2015,7,188,Summer,30.514285714285716,31.96,24.16648936170213,5.071428571428571,3.3966666666666665,29.7,28.8,34.3
2015-07-08,28.2,31.9,25.4,16.5,84,16.47,9.7,2015,7,189,Summer,30.242857142857144,31.716666666666665,24.187830687830687,7.314285714285714,3.9466666666666663,27.6,30.1,35.5
2015-07-09,27.8,31.8,25.7,18.7,87,14.7,7.8,2015,7,190,Summer,29.814285714285713,31.433333333333334,24.20684210526316,9.9,4.569999999999999,28.2,30.8,36.3
2015-07-10,26.5,28.2,25.6,61.6,93,4.47,13.7,2015,7,191,Summer,29.014285714285716,31.10666666666667,24.218848167539267,18.657142857142862,6.6066666666666665,27.8,32.1,36.3
2015-07-11,24.9,28.0,23.9,44.1,91,5.29,15.8,2015,7,192,Summer,28.02857142857143,30.743333333333336,24.222395833333334,24.871428571428574,8.073333333333332,26.5,31.8,35.8
2015-07-12,25.4,26.9,24.1,6.4,89,5.84,20.0,2015,7,193,Summer,27.157142857142855,30.410000000000004,24.228497409326426,24.028571428571432,8.286666666666667,24.9,31.5,35.4
2015-07-13,27.9,32.0,24.0,1.6,80,19.64,11.4,2015,7,194,Summer,26.900000000000002,30.203333333333333,24.24742268041237,23.357142857142858,8.26,25.4,29.7,34.1
2015-07-14,29.5,32.9,26.2,0.8,77,20.36,19.1,2015,7,195,Summer,27.17142857142857,30.220000000000002,24.274358974358975,21.385714285714283,8.163333333333334,27.9,27.6,29.0
2015-07-15,30.9,34.8,27.4,0.0,70,23.66,23.6,2015,7,196,Summer,27.557142857142853,30.27,24.30816326530612,19.02857142857143,7.9766666666666675,29.5,28.2,29.4
2015-07-16,30.3,34.3,26.5,2.3,69,18.99,15.9,2015,7,197,Summer,27.91428571428571,30.216666666666665,24.338578680203046,16.685714285714287,8.053333333333335,30.9,27.8,31.9
2015-07-17,28.1,31.3,26.2,35.2,86,10.32,14.2,2015,7,198,Summer,28.14285714285714,30.063333333333336,24.35757575757576,12.914285714285715,9.213333333333335,30.3,26.5,32.7
2015-07-18,29.0,32.7,26.4,5.3,83,18.94,9.3,2015,7,199,Summer,28.728571428571428,29.893333333333334,24.380904522613065,7.371428571428572,9.389999999999999,28.1,24.9,34.1
2015-07-19,28.7,32.3,26.3,12.5,84,18.06,8.8,2015,7,200,Summer,29.2,29.7,24.4025,8.242857142857144,9.803333333333333,29.0,25.4,34.5
2015-07-20,27.5,30.8,25.5,17.4,88,10.57,9.8,2015,7,201,Summer,29.142857142857142,29.523333333333333,24.417910447761194,10.5,10.346666666666668,28.7,27.9,32.8
2015-07-21,28.8,32.1,26.0,3.4,81,16.38,15.6,2015,7,202,Summer,29.04285714285714,29.413333333333338,24.43960396039604,10.871428571428572,10.403333333333332,27.5,29.5,32.1
2015-07-22,29.0,31.9,26.9,1.8,82,17.18,12.9,2015,7,203,Summer,28.77142857142857,29.313333333333336,24.462068965517243,11.12857142857143,10.443333333333333,28.8,30.9,32.0
2015-07-23,29.4,32.1,27.2,0.3,76,19.62,18.0,2015,7,204,Summer,28.642857142857142,29.19,24.48627450980392,10.842857142857143,10.453333333333335,29.0,30.3,33.1
2015-07-24,28.8,31.5,26.8,5.6,80,19.18,15.5,2015,7,205,Summer,28.742857142857144,29.113333333333333,24.507317073170732,6.614285714285714,10.08,29.4,28.1,31.1
2015-07-25,28.7,32.1,26.1,3.2,81,20.41,16.2,2015,7,206,Summer,28.7,29.2,24.52766990291262,6.314285714285715,9.1,28.8,29.0,26.1
2015-07-26,28.2,31.0,26.4,1.6,77,17.97,30.8,2015,7,207,Summer,28.628571428571426,29.146666666666665,24.545410628019322,4.757142857142857,9.153333333333332,28.7,28.7,29.8
2015-07-27,27.6,30.7,24.3,0.0,75,17.45,19.9,2015,7,208,Summer,28.642857142857142,29.016666666666666,24.560096153846153,2.2714285714285714,9.153333333333334,28.2,27.5,31.5
2015-07-28,27.7,31.1,24.7,0.2,75,18.49,16.9,2015,7,209,Summer,28.485714285714288,28.860000000000003,24.57511961722488,1.8142857142857143,9.146666666666667,27.6,28.8,32.4
2015-07-29,27.4,29.6,24.9,0.0,74,14.8,23.4,2015,7,210,Summer,28.25714285714286,28.756666666666668,24.58857142857143,1.5571428571428572,9.146666666666667,27.7,29.0,30.5
2015-07-30,27.6,30.2,25.2,2.1,79,15.13,16.3,2015,7,211,Summer,28.0,28.716666666666665,24.602843601895735,1.8142857142857143,9.203333333333335,27.4,29.4,28.8
2015-07-31,27.8,30.4,25.7,0.5,76,15.69,17.3,2015,7,212,Summer,27.857142857142858,28.639999999999997,24.617924528301888,1.0857142857142859,9.193333333333333,27.6,28.8,30.1
2015-08-01,26.8,29.4,25.4,5.5,84,11.07,10.8,2015,8,213,Summer,27.585714285714285,28.506666666666668,24.62816901408451,1.4142857142857144,9.356666666666666,27.8,28.7,30.8
2015-08-02,27.7,31.2,25.5,2.3,83,14.54,6.2,2015,8,214,Summer,27.514285714285712,28.36,24.64252336448598,1.5142857142857145,9.423333333333334,26.8,28.2,32.1
2015-08-03,28.8,33.0,25.7,0.7,81,20.62,11.1,2015,8,215,Summer,27.685714285714283,28.26,24.66186046511628,1.6142857142857143,9.426666666666668,27.7,27.6,31.8
2015-08-04,29.1,33.0,25.7,1.3,80,20.83,10.2,2015,8,216,Summer,27.88571428571429,28.18,24.682407407407407,1.7714285714285711,9.06,28.8,27.7,31.5
2015-08-05,28.5,32.3,25.7,7.2,87,19.42,9.4,2015,8,217,Summer,28.042857142857144,28.139999999999997,24.7,2.8000000000000003,9.09,29.1,27.4,29.7
2015-08-06,28.0,32.0,26.1,10.8,87,13.81,8.6,2015,8,218,Summer,28.1,28.15333333333333,24.7151376146789,4.042857142857143,8.963333333333335,28.5,27.6,27.6
2015-08-07,27.7,32.2,25.9,8.4,89,11.51,8.4,2015,8,219,Summer,28.085714285714285,28.136666666666667,24.72876712328767,5.171428571428572,8.693333333333333,28.0,27.8,28.2
2015-08-08,25.7,27.5,24.7,29.1,94,5.37,12.8,2015,8,220,Summer,27.928571428571427,28.066666666666666,24.73318181818182,8.542857142857143,9.04,27.7,26.8,27.8
2015-08-09,26.0,28.4,24.4,53.0,93,6.12,13.1,2015,8,221,Summer,27.685714285714283,28.05,24.73891402714932,15.785714285714286,8.753333333333334,25.7,27.7,26.5
2015-08-10,27.5,31.2,25.5,6.8,88,8.88,7.9,2015,8,222,Summer,27.5,28.136666666666667,24.751351351351353,16.657142857142855,7.51,26.0,28.8,24.9
2015-08-11,27.2,29.4,25.6,11.1,91,7.54,14.9,2015,8,223,Summer,27.228571428571428,28.196666666666665,24.76233183856502,18.057142857142857,7.666666666666667,27.5,29.1,25.4
2015-08-12,28.3,31.7,25.8,0.5,83,16.44,13.1,2015,8,224,Summer,27.199999999999996,28.21,24.778125,17.099999999999998,7.629999999999999,27.2,28.5,27.9
2015-08-13,29.1,33.1,26.2,0.5,83,18.6,8.7,2015,8,225,Summer,27.357142857142858,28.196666666666665,24.79733333333333,15.62857142857143,7.620000000000001,28.3,28.0,29.5
2015-08-14,28.7,32.0,26.0,6.4,85,16.75,9.7,2015,8,226,Summer,27.5,28.123333333333335,24.814601769911505,15.342857142857142,7.833333333333333,29.1,27.7,30.9
2015-08-15,27.9,30.4,26.3,11.1,88,12.6,11.8,2015,8,227,Summer,27.814285714285717,28.043333333333333,24.82819383259912,12.771428571428572,8.126666666666667,28.7,25.7,30.3
2015-08-16,27.3,29.9,25.4,6.5,89,9.28,5.6,2015,8,228,Summer,28.0,28.016666666666666,24.8390350877193,6.128571428571428,7.170000000000001,27.9,26.0,28.1
2015-08-17,28.7,32.7,25.1,0.3,83,19.92,6.6,2015,8,229,Summer,28.171428571428574,28.006666666666664,24.85589519650655,5.2,7.003333333333333,27.3,27.5,29.0
2015-08-18,28.9,33.6,26.0,3.2,84,18.87,13.6,2015,8,230,Summer,28.41428571428571,28.013333333333332,24.873478260869565,4.071428571428571,6.693333333333333,28.7,27.2,28.7
2015-08-19,29.0,33.0,25.8,1.8,78,21.12,19.1,2015,8,231,Summer,28.514285714285716,28.063333333333333,24.89134199134199,4.257142857142857,6.173333333333333,28.9,28.3,27.5
2015-08-20,29.2,32.0,26.7,0.0,71,19.77,20.9,2015,8,232,Summer,28.52857142857143,28.076666666666664,24.90991379310345,4.185714285714286,6.0600000000000005,29.0,29.1,28.8
2015-08-21,28.6,31.8,25.7,0.3,73,18.86,16.4,2015,8,233,Summer,28.514285714285712,28.063333333333333,24.925751072961372,3.314285714285714,6.010000000000001,29.2,28.7,29.0
2015-08-22,27.9,31.3,25.2,2.6,76,18.05,12.1,2015,8,234,Summer,28.514285714285712,28.013333333333332,24.93846153846154,2.1,6.086666666666667,28.6,27.9,29.4
2015-08-23,28.2,32.5,24.5,5.1,82,21.14,10.5,2015,8,235,Summer,28.642857142857142,27.993333333333336,24.952340425531915,1.9000000000000001,6.069999999999999,27.9,27.3,28.8
2015-08-24,28.7,32.9,25.4,0.4,76,20.7,15.0,2015,8,236,Summer,28.642857142857142,27.993333333333332,24.968220338983052,1.9142857142857141,5.9766666666666675,28.2,28.7,28.7
2015-08-25,29.6,33.7,26.4,0.0,71,22.31,19.2,2015,8,237,Summer,28.742857142857144,28.040000000000003,24.98776371308017,1.457142857142857,5.923333333333334,28.7,28.9,28.2
2015-08-26,30.0,33.9,26.6,0.0,72,22.06,15.4,2015,8,238,Summer,28.885714285714283,28.12,25.008823529411767,1.1999999999999997,5.923333333333334,29.6,29.0,27.6
2015-08-27,29.6,33.3,26.3,1.6,79,19.75,8.7,2015,8,239,Summer,28.942857142857143,28.183333333333334,25.028033472803347,1.4285714285714286,5.97,30.0,29.2,27.7
2015-08-28,29.3,33.4,25.1,0.7,82,20.36,13.1,2015,8,240,Summer,29.042857142857144,28.246666666666666,25.045833333333334,1.4857142857142858,5.993333333333333,29.6,28.6,27.4
2015-08-29,30.1,33.9,26.5,0.0,78,21.58,12.2,2015,8,241,Summer,29.357142857142858,28.33,25.066804979253114,1.1142857142857143,5.923333333333333,29.3,27.9,27.6
2015-08-30,30.1,34.3,26.1,0.2,75,20.25,13.9,2015,8,242,Summer,29.62857142857143,28.40666666666667,25.087603305785123,0.41428571428571426,5.913333333333333,30.1,28.2,27.8
2015-08-31,30.1,34.3,26.4,0.0,68,22.77,18.3,2015,8,243,Summer,29.82857142857143,28.516666666666666,25.1082304526749,0.35714285714285715,5.73,30.1,28.7,26.8
2015-09-01,29.5,34.5,25.6,0.0,63,23.18,19.3,2015,9,244,Autumn,29.814285714285713,28.576666666666668,25.126229508196722,0.35714285714285715,5.653333333333333,30.1,29.6,27.7
2015-09-02,29.0,33.8,25.5,0.0,59,21.93,19.2,2015,9,245,Autumn,29.67142857142857,28.583333333333332,25.14204081632653,0.35714285714285715,5.63,29.5,30.0,28.8
2015-09-03,29.1,34.4,25.2,0.0,57,23.08,16.6,2015,9,246,Autumn,29.6,28.583333333333332,25.15813008130081,0.12857142857142856,5.586666666666667,29.0,29.6,29.1
2015-09-04,29.7,34.8,24.0,0.0,61,22.13,14.6,2015,9,247,Autumn,29.657142857142855,28.623333333333335,25.17651821862348,0.028571428571428574,5.346666666666667,29.1,29.3,28.5
2015-09-05,28.8,34.8,23.2,0.0,60,22.64,19.4,2015,9,248,Autumn,29.47142857142857,28.65,25.191129032258065,0.028571428571428574,4.986666666666666,29.7,30.1,28.0
2015-09-06,28.7,34.8,23.3,0.0,57,22.02,16.6,2015,9,249,Autumn,29.271428571428572,28.683333333333334,25.20522088353414,0.0,4.706666666666667,28.8,30.1,27.7
2015-09-07,29.1,34.7,24.2,0.0,55,21.77,16.1,2015,9,250,Autumn,29.12857142857143,28.796666666666667,25.2208,0.0,3.7366666666666664,28.7,30.1,25.7
2015-09-08,29.2,35.1,23.0,0.0,58,21.95,19.5,2015,9,251,Autumn,29.085714285714285,28.90333333333333,25.236653386454183,0.0,1.97,29.1,29.5,26.0
2015-09-09,29.4,35.4,23.8,0.0,56,23.05,19.1,2015,9,252,Autumn,29.142857142857142,28.966666666666665,25.253174603174603,0.0,1.7433333333333334,29.2,29.0,27.5
2015-09-10,29.1,35.9,22.1,0.0,60,23.2,15.9,2015,9,253,Autumn,29.142857142857142,29.029999999999998,25.268379446640314,0.0,1.3733333333333335,29.4,29.1,27.2
2015-09-11,29.0,35.4,21.9,0.0,61,23.12,15.2,2015,9,254,Autumn,29.042857142857144,29.05333333333333,25.28307086614173,0.0,1.3566666666666667,29.1,29.7,28.3
2015-09-12,28.9,34.9,22.6,0.3,69,21.77,8.4,2015,9,255,Autumn,29.057142857142853,29.04666666666667,25.297254901960784,0.04285714285714286,1.35,29.0,28.8,29.1
2015-09-13,29.9,35.4,25.1,0.0,69,21.18,8.1,2015,9,256,Autumn,29.228571428571428,29.086666666666666,25.315234375,0.04285714285714286,1.1366666666666667,28.9,28.7,28.7
2015-09-14,30.5,36.3,24.1,0.0,62,21.82,12.4,2015,9,257,Autumn,29.428571428571427,29.173333333333336,25.335408560311283,0.04285714285714286,0.7666666666666667,29.9,29.1,27.9
2015-09-15,30.2,35.5,24.5,0.0,63,20.39,9.4,2015,9,258,Autumn,29.571428571428573,29.269999999999996,25.354263565891472,0.04285714285714286,0.55,30.5,29.2,27.3
2015-09-16,30.2,35.0,25.7,0.0,66,20.64,10.7,2015,9,259,Autumn,29.685714285714287,29.32,25.372972972972974,0.04285714285714286,0.5399999999999999,30.2,29.4,28.7
2015-09-17,29.7,34.4,24.7,0.4,72,19.76,9.5,2015,9,260,Autumn,29.77142857142857,29.34666666666667,25.389615384615386,0.09999999999999999,0.44666666666666666,30.2,29.1,28.9
2015-09-18,29.3,33.4,26.7,1.6,72,14.01,17.4,2015,9,261,Autumn,29.814285714285713,29.35666666666667,25.404597701149427,0.32857142857142857,0.44,29.7,29.0,29.0
2015-09-19,28.0,32.5,24.6,24.3,84,13.56,10.4,2015,9,262,Autumn,29.685714285714287,29.316666666666666,25.414503816793893,3.757142857142857,1.25,29.3,28.9,29.2
2015-09-20,28.8,33.7,26.1,5.0,83,18.32,10.0,2015,9,263,Autumn,29.528571428571432,29.32333333333333,25.427376425855513,4.4714285714285715,1.4066666666666667,28.0,29.9,28.6
2015-09-21,28.1,32.0,25.3,9.5,85,15.33,10.4,2015,9,264,Autumn,29.185714285714287,29.33,25.4375,5.828571428571428,1.6366666666666667,28.8,30.5,27.9
2015-09-22,28.5,32.1,25.2,2.0,79,17.26,18.9,2015,9,265,Autumn,28.942857142857143,29.339999999999996,25.449056603773585,6.114285714285714,1.5333333333333334,28.1,30.2,28.2
2015-09-23,27.0,30.5,24.0,0.3,75,16.97,18.6,2015,9,266,Autumn,28.485714285714288,29.283333333333335,25.454887218045112,6.1571428571428575,1.53,28.5,30.2,28.7
2015-09-24,26.9,31.2,23.9,0.0,67,20.75,20.9,2015,9,267,Autumn,28.08571428571429,29.19333333333333,25.460299625468163,6.1000000000000005,1.53,27.0,29.7,29.6
2015-09-25,26.5,31.3,22.4,0.0,67,19.23,16.0,2015,9,268,Autumn,27.685714285714287,29.076666666666664,25.464179104477612,5.871428571428572,1.53,26.9,29.3,30.0
2015-09-26,27.0,32.5,22.3,0.0,66,19.69,10.5,2015,9,269,Autumn,27.542857142857144,28.99,25.46988847583643,2.4,1.4766666666666666,26.5,28.0,29.6
2015-09-27,27.8,33.2,22.4,0.0,64,19.99,11.4,2015,9,270,Autumn,27.4,28.94,25.478518518518516,1.6857142857142857,1.4533333333333334,27.0,28.8,29.3
2015-09-28,26.8,32.5,21.5,0.0,66,21.29,10.8,2015,9,271,Autumn,27.214285714285715,28.83,25.48339483394834,0.32857142857142857,1.4533333333333334,27.8,28.1,30.1
2015-09-29,26.5,33.0,19.9,0.0,63,21.41,14.7,2015,9,272,Autumn,26.928571428571427,28.709999999999997,25.487132352941178,0.04285714285714286,1.4466666666666665,26.8,28.5,30.1
2015-09-30,26.5,33.2,20.4,0.0,57,21.57,13.1,2015,9,273,Autumn,26.857142857142858,28.589999999999996,25.49084249084249,0.0,1.4466666666666665,26.5,27.0,30.1
2015-10-01,26.2,33.2,19.6,0.0,60,21.49,9.5,2015,10,274,Autumn,26.757142857142856,28.48,25.493430656934304,0.0,1.4466666666666665,26.5,26.9,29.5
2015-10-02,26.5,34.1,18.4,0.0,57,21.44,13.8,2015,10,275,Autumn,26.757142857142856,28.396666666666665,25.497090909090907,0.0,1.4466666666666665,26.2,26.5,29.0
2015-10-03,27.4,35.0,19.7,0.0,57,21.01,12.2,2015,10,276,Autumn,26.814285714285713,28.34,25.503985507246377,0.0,1.4466666666666665,26.5,27.0,29.1
2015-10-04,28.0,35.5,20.2,0.0,57,20.39,8.3,2015,10,277,Autumn,26.842857142857145,28.283333333333335,25.512996389891697,0.0,1.4466666666666665,27.4,27.8,29.7
2015-10-05,28.3,35.3,20.5,0.0,55,20.21,8.9,2015,10,278,Autumn,27.057142857142857,28.266666666666666,25.52302158273381,0.0,1.4466666666666665,28.0,26.8,28.8
2015-10-06,28.3,34.9,20.6,0.0,53,19.18,12.2,2015,10,279,Autumn,27.314285714285713,28.253333333333334,25.532974910394266,0.0,1.4466666666666665,28.3,26.5,28.7
2015-10-07,28.3,34.5,22.1,0.0,56,19.43,12.2,2015,10,280,Autumn,27.571428571428573,28.226666666666667,25.542857142857144,0.0,1.4466666666666665,28.3,26.5,29.1
2015-10-08,28.4,34.9,22.3,0.0,54,19.35,15.2,2015,10,281,Autumn,27.88571428571429,28.2,25.553024911032026,0.0,1.4466666666666665,28.3,26.2,29.2
2015-10-09,28.3,35.6,21.0,0.0,50,19.62,19.4,2015,10,282,Autumn,28.142857142857142,28.163333333333334,25.562765957446807,0.0,1.4466666666666665,28.4,26.5,29.4
2015-10-10,28.4,36.3,21.3,0.0,40,20.26,17.9,2015,10,283,Autumn,28.285714285714285,28.14,25.57279151943463,0.0,1.4466666666666665,28.3,27.4,29.1
2015-10-11,28.2,35.5,22.1,0.0,46,19.67,12.7,2015,10,284,Autumn,28.314285714285713,28.113333333333337,25.582042253521127,0.0,1.4466666666666665,28.4,28.0,29.0
2015-10-12,27.8,34.0,21.2,0.0,52,19.25,14.3,2015,10,285,Autumn,28.24285714285714,28.076666666666664,25.58982456140351,0.0,1.4366666666666668,28.2,28.3,28.9
2015-10-13,27.4,32.7,23.6,0.4,69,17.38,16.3,2015,10,286,Autumn,28.114285714285717,27.993333333333332,25.596153846153847,0.05714285714285715,1.4500000000000002,27.8,28.3,29.9
2015-10-14,26.5,32.9,22.3,7.3,74,16.56,14.5,2015,10,287,Autumn,27.857142857142858,27.86,25.5993031358885,1.1,1.6933333333333336,27.4,28.3,30.5
2015-10-15,26.6,32.1,21.3,0.0,70,18.41,11.3,2015,10,288,Autumn,27.599999999999998,27.740000000000002,25.602777777777778,1.1,1.6933333333333336,26.5,28.4,30.2
2015-10-16,27.1,32.9,21.8,0.0,68,17.83,9.5,2015,10,289,Autumn,27.428571428571427,27.636666666666667,25.60795847750865,1.1,1.6933333333333336,26.6,28.3,30.2
2015-10-17,27.4,33.4,21.5,0.0,66,18.04,10.0,2015,10,290,Autumn,27.285714285714285,27.56,25.614137931034485,1.1,1.68,27.1,28.4,29.7
2015-10-18,27.9,33.1,22.4,0.0,63,17.47,7.9,2015,10,291,Autumn,27.242857142857144,27.513333333333332,25.621993127147768,1.1,1.6266666666666665,27.4,28.2,29.3
2015-10-19,27.7,34.1,21.9,1.1,64,16.44,8.6,2015,10,292,Autumn,27.228571428571428,27.503333333333334,25.629109589041096,1.2571428571428573,0.8533333333333334,27.9,27.8,28.0
2015-10-20,27.4,34.0,21.3,0.3,55,16.82,13.8,2015,10,293,Autumn,27.228571428571428,27.456666666666667,25.63515358361775,1.2428571428571427,0.6966666666666667,27.7,27.4,28.8
2015-10-21,26.2,32.6,20.3,0.0,53,17.31,10.3,2015,10,294,Autumn,27.185714285714283,27.393333333333334,25.637074829931972,0.2,0.38,27.4,26.5,28.1
2015-10-22,24.9,31.8,18.3,0.0,48,19.02,14.1,2015,10,295,Autumn,26.942857142857143,27.273333333333333,25.63457627118644,0.2,0.31333333333333335,26.2,26.6,28.5
2015-10-23,24.2,31.6,17.0,0.0,49,18.84,12.6,2015,10,296,Autumn,26.52857142857143,27.18,25.62972972972973,0.2,0.30333333333333334,24.9,27.1,27.0
2015-10-24,25.0,31.5,18.8,0.0,51,18.12,8.0,2015,10,297,Autumn,26.185714285714283,27.116666666666667,25.627609427609425,0.2,0.30333333333333334,24.2,27.4,26.9
2015-10-25,25.6,32.0,19.9,0.0,52,17.36,15.8,2015,10,298,Autumn,25.857142857142858,27.086666666666666,25.62751677852349,0.2,0.30333333333333334,25.0,27.9,26.5
2015-10-26,25.0,30.8,19.4,1.5,57,16.35,14.4,2015,10,299,Autumn,25.47142857142857,27.02,25.62541806020067,0.2571428571428572,0.35333333333333333,25.6,27.7,27.0
2015-10-27,24.0,29.9,18.2,0.0,54,16.47,8.2,2015,10,300,Autumn,24.985714285714288,26.89333333333333,25.62,0.21428571428571427,0.35333333333333333,25.0,27.4,27.8
2015-10-28,20.5,27.4,17.0,5.5,72,8.91,17.7,2015,10,301,Autumn,24.171428571428574,26.683333333333334,25.602990033222593,1.0,0.5366666666666667,24.0,26.2,26.8
2015-10-29,20.9,26.5,14.9,0.0,65,16.55,10.2,2015,10,302,Autumn,23.599999999999998,26.496666666666666,25.587417218543045,1.0,0.5366666666666667,20.5,24.9,26.5
2015-10-30,21.4,27.6,15.5,0.0,71,16.82,9.2,2015,10,303,Autumn,23.2,26.326666666666668,25.573597359735974,1.0,0.5366666666666667,20.9,24.2,26.5
2015-10-31,22.2,28.2,16.2,0.0,66,17.09,7.8,2015,10,304,Autumn,22.800000000000004,26.19333333333333,25.5625,1.0,0.5366666666666667,21.4,25.0,26.2
2015-11-01,23.5,29.2,18.1,0.0,64,17.1,9.2,2015,11,305,Autumn,22.5,26.09333333333333,25.555737704918034,1.0,0.5366666666666667,22.2,25.6,26.5
2015-11-02,23.5,29.2,17.0,0.0,65,16.34,7.6,2015,11,306,Autumn,22.285714285714285,25.96333333333333,25.54901960784314,0.7857142857142857,0.5366666666666667,23.5,25.0,27.4
2015-11-03,23.2,28.4,17.9,0.0,67,13.77,10.0,2015,11,307,Autumn,22.17142857142857,25.803333333333335,25.541368078175896,0.7857142857142857,0.5366666666666667,23.5,24.0,28.0
2015-11-04,23.4,28.8,17.6,0.0,65,15.1,7.4,2015,11,308,Autumn,22.585714285714285,25.64,25.534415584415587,0.0,0.5366666666666667,23.2,20.5,28.3
2015-11-05,23.0,27.7,19.6,0.2,67,12.86,16.2,2015,11,309,Autumn,22.88571428571429,25.46333333333333,25.52621359223301,0.028571428571428574,0.5433333333333333,23.4,20.9,28.3
2015-11-06,23.1,27.7,19.3,0.0,68,12.36,8.0,2015,11,310,Autumn,23.12857142857143,25.290000000000003,25.518387096774195,0.028571428571428574,0.5433333333333333,23.0,21.4,28.3
2015-11-07,22.4,27.9,17.3,0.0,73,14.42,7.2,2015,11,311,Autumn,23.157142857142855,25.09,25.508360128617365,0.028571428571428574,0.5433333333333333,23.1,22.2,28.4
2015-11-08,22.9,28.4,18.3,0.0,73,14.04,10.0,2015,11,312,Autumn,23.071428571428573,24.91,25.5,0.028571428571428574,0.5433333333333333,22.4,23.5,28.3
2015-11-09,23.0,28.5,17.6,0.0,69,15.38,8.2,2015,11,313,Autumn,23.0,24.73,25.492012779552716,0.028571428571428574,0.5433333333333333,22.9,23.5,28.4
2015-11-10,22.7,28.9,17.6,0.6,66,15.44,10.8,2015,11,314,Autumn,22.928571428571427,24.546666666666667,25.483121019108278,0.1142857142857143,0.5633333333333332,23.0,23.2,28.2
2015-11-11,22.2,28.5,17.0,0.0,54,16.1,16.3,2015,11,315,Autumn,22.757142857142856,24.36,25.47269841269841,0.11428571428571428,0.5633333333333332,22.7,23.4,27.8
2015-11-12,22.1,28.7,16.9,0.0,52,16.0,13.6,2015,11,316,Autumn,22.628571428571426,24.183333333333334,25.462025316455698,0.0857142857142857,0.55,22.2,23.0,27.4
2015-11-13,22.6,29.6,16.4,0.0,59,15.81,14.3,2015,11,317,Autumn,22.557142857142857,24.053333333333335,25.45299684542587,0.0857142857142857,0.3066666666666667,22.1,23.1,26.5
2015-11-14,23.2,29.7,17.9,0.0,58,15.73,13.2,2015,11,318,Autumn,22.67142857142857,23.94,25.445911949685534,0.0857142857142857,0.3066666666666667,22.6,22.4,26.6
2015-11-15,23.1,29.5,16.1,0.0,56,15.65,7.7,2015,11,319,Autumn,22.7,23.806666666666665,25.438557993730406,0.0857142857142857,0.3066666666666667,23.2,22.9,27.1
2015-11-16,22.9,28.7,18.2,1.0,53,12.57,12.8,2015,11,320,Autumn,22.685714285714287,23.65666666666667,25.430625,0.22857142857142856,0.34,23.1,23.0,27.4
2015-11-17,20.4,27.5,14.6,0.0,44,16.45,14.7,2015,11,321,Autumn,22.357142857142858,23.40666666666667,25.414953271028036,0.14285714285714285,0.34,22.9,22.7,27.9
2015-11-18,19.0,26.9,11.3,0.0,47,16.29,10.9,2015,11,322,Autumn,21.900000000000002,23.116666666666667,25.39503105590062,0.14285714285714285,0.3033333333333334,20.4,22.2,27.7
2015-11-19,19.6,26.7,12.1,0.0,53,15.94,9.9,2015,11,323,Autumn,21.542857142857144,22.85666666666667,25.377089783281733,0.14285714285714285,0.29333333333333333,19.0,22.1,27.4
2015-11-20,19.3,26.6,12.2,0.0,62,15.63,8.6,2015,11,324,Autumn,21.071428571428573,22.626666666666665,25.358333333333334,0.14285714285714285,0.29333333333333333,19.6,22.6,26.2
2015-11-21,19.5,26.5,12.2,0.0,60,15.56,8.2,2015,11,325,Autumn,20.542857142857144,22.446666666666665,25.340307692307693,0.14285714285714285,0.29333333333333333,19.3,23.2,24.9
2015-11-22,19.1,26.5,12.2,0.0,62,15.32,8.7,2015,11,326,Autumn,19.97142857142857,22.276666666666667,25.32116564417178,0.14285714285714285,0.29333333333333333,19.5,23.1,24.2
2015-11-23,18.8,26.6,11.4,0.0,62,15.51,8.4,2015,11,327,Autumn,19.385714285714283,22.07,25.301223241590215,0.0,0.29333333333333333,19.1,22.9,25.0
2015-11-24,19.4,27.3,12.5,0.0,56,15.25,12.5,2015,11,328,Autumn,19.24285714285714,21.863333333333333,25.28323170731707,0.0,0.29333333333333333,18.8,20.4,25.6
2015-11-25,19.6,27.6,14.2,0.0,50,14.7,16.7,2015,11,329,Autumn,19.32857142857143,21.683333333333334,25.26595744680851,0.0,0.24333333333333332,19.4,19.0,25.0
2015-11-26,19.9,27.1,12.6,0.0,50,13.17,9.0,2015,11,330,Autumn,19.37142857142857,21.546666666666667,25.24969696969697,0.0,0.24333333333333332,19.6,19.6,24.0
2015-11-27,19.3,24.6,13.7,0.0,69,12.88,11.4,2015,11,331,Autumn,19.37142857142857,21.506666666666668,25.23172205438067,0.0,0.060000000000000005,19.9,19.3,20.5
2015-11-28,19.9,24.8,16.4,0.0,68,12.67,15.2,2015,11,332,Autumn,19.428571428571427,21.473333333333336,25.21566265060241,0.0,0.060000000000000005,19.3,19.5,20.9
2015-11-29,19.6,26.1,13.5,0.0,67,14.64,7.3,2015,11,333,Autumn,19.5,21.413333333333334,25.1987987987988,0.0,0.060000000000000005,19.9,19.1,21.4
2015-11-30,20.9,27.0,16.1,0.0,72,13.17,7.9,2015,11,334,Autumn,19.8,21.37,25.185928143712577,0.0,0.060000000000000005,19.6,18.8,22.2
2015-12-01,20.7,26.8,15.5,0.0,69,13.16,8.8,2015,12,335,Winter,19.985714285714284,21.276666666666664,25.172537313432834,0.0,0.060000000000000005,20.9,19.4,23.5
2015-12-02,19.6,25.1,15.7,0.0,64,12.14,9.5,2015,12,336,Winter,19.985714285714288,21.146666666666665,25.155952380952378,0.0,0.060000000000000005,20.7,19.6,23.5
2015-12-03,18.2,24.6,12.4,0.0,65,14.56,14.1,2015,12,337,Winter,19.74285714285714,20.98,25.1353115727003,0.0,0.060000000000000005,19.6,19.9,23.2
2015-12-04,18.5,25.5,13.1,0.0,63,14.63,12.1,2015,12,338,Winter,19.62857142857143,20.816666666666666,25.115680473372784,0.0,0.060000000000000005,18.2,19.3,23.4
2015-12-05,17.8,25.2,11.0,0.0,67,14.64,8.5,2015,12,339,Winter,19.32857142857143,20.64333333333333,25.09410029498525,0.0,0.05333333333333334,18.5,19.9,23.0
2015-12-06,18.3,25.1,12.3,0.0,67,14.43,10.3,2015,12,340,Winter,19.142857142857142,20.483333333333334,25.074117647058827,0.0,0.05333333333333334,17.8,19.6,23.1
2015-12-07,18.5,24.7,12.0,0.0,71,14.14,10.0,2015,12,341,Winter,18.8,20.353333333333335,25.054838709677423,0.0,0.05333333333333334,18.3,20.9,22.4
2015-12-08,18.6,25.3,13.9,0.0,70,14.21,9.5,2015,12,342,Winter,18.5,20.21,25.0359649122807,0.0,0.05333333333333334,18.5,20.7,22.9
2015-12-09,18.3,23.9,12.8,0.0,72,9.16,16.4,2015,12,343,Winter,18.314285714285717,20.053333333333335,25.016326530612247,0.0,0.05333333333333334,18.6,19.6,23.0
2015-12-10,19.3,25.4,14.2,0.2,73,11.56,11.6,2015,12,344,Winter,18.47142857142857,19.939999999999998,24.99970930232558,0.028571428571428574,0.04,18.3,18.2,22.7
2015-12-11,17.7,23.1,13.2,0.0,65,13.69,11.7,2015,12,345,Winter,18.357142857142858,19.790000000000003,24.97855072463768,0.028571428571428574,0.04,19.3,18.5,22.2
2015-12-12,14.7,19.8,10.0,0.0,65,12.87,12.5,2015,12,346,Winter,17.914285714285715,19.543333333333337,24.948843930635835,0.028571428571428574,0.04,17.7,17.8,22.1
2015-12-13,14.2,19.8,9.2,0.0,63,14.2,9.9,2015,12,347,Winter,17.32857142857143,19.263333333333332,24.917867435158502,0.028571428571428574,0.04,14.7,18.3,22.6
2015-12-14,13.7,20.2,8.4,0.0,53,14.58,14.5,2015,12,348,Winter,16.642857142857142,18.94666666666667,24.885632183908047,0.028571428571428574,0.04,14.2,18.5,23.2
2015-12-15,13.6,21.0,8.1,0.0,52,14.58,14.8,2015,12,349,Winter,15.928571428571429,18.630000000000003,24.853295128939827,0.028571428571428574,0.04,13.7,18.6,23.1
2015-12-16,12.9,20.2,5.4,0.0,57,14.68,10.5,2015,12,350,Winter,15.157142857142857,18.296666666666667,24.81914285714286,0.028571428571428574,0.006666666666666667,13.6,18.3,22.9
2015-12-17,13.2,20.0,6.3,0.0,63,14.31,9.4,2015,12,351,Winter,14.285714285714286,18.056666666666665,24.786039886039884,0.0,0.006666666666666667,12.9,19.3,20.4
2015-12-18,13.3,20.5,7.3,0.0,62,14.47,14.4,2015,12,352,Winter,13.657142857142858,17.866666666666667,24.75340909090909,0.0,0.006666666666666667,13.2,17.7,19.0
2015-12-19,13.6,20.5,7.5,0.0,60,14.59,10.6,2015,12,353,Winter,13.5,17.66666666666667,24.72181303116147,0.0,0.006666666666666667,13.3,14.7,19.6
2015-12-20,13.2,20.0,7.4,0.0,62,14.44,9.8,2015,12,354,Winter,13.357142857142858,17.46333333333333,24.689265536723163,0.0,0.006666666666666667,13.6,14.2,19.3
2015-12-21,13.2,19.6,6.3,0.0,63,14.38,7.6,2015,12,355,Winter,13.285714285714286,17.253333333333334,24.656901408450707,0.0,0.006666666666666667,13.2,13.7,19.5
2015-12-22,13.4,19.8,7.3,0.0,68,14.09,7.2,2015,12,356,Winter,13.257142857142856,17.063333333333336,24.625280898876404,0.0,0.006666666666666667,13.2,13.6,19.1
2015-12-23,13.0,19.5,6.2,0.0,67,14.14,11.0,2015,12,357,Winter,13.27142857142857,16.87,24.592717086834735,0.0,0.006666666666666667,13.4,12.9,18.8
2015-12-24,12.9,19.0,8.1,0.0,59,14.22,16.6,2015,12,358,Winter,13.228571428571428,16.653333333333332,24.560055865921786,0.0,0.006666666666666667,13.0,13.2,19.4
2015-12-25,12.1,19.3,6.1,0.0,53,14.55,14.4,2015,12,359,Winter,13.057142857142855,16.403333333333332,24.52534818941504,0.0,0.006666666666666667,12.9,13.3,19.6
2015-12-26,13.7,21.1,7.8,0.0,49,14.11,15.7,2015,12,360,Winter,13.071428571428571,16.196666666666665,24.495277777777776,0.0,0.006666666666666667,12.1,13.6,19.9
2015-12-27,15.5,22.2,9.3,0.0,55,13.09,16.5,2015,12,361,Winter,13.4,16.07,24.470360110803323,0.0,0.006666666666666667,13.7,13.2,19.3
2015-12-28,17.1,23.7,12.2,0.0,54,12.95,16.9,2015,12,362,Winter,13.957142857142856,15.976666666666667,24.45,0.0,0.006666666666666667,15.5,13.2,19.9
2015-12-29,17.1,23.4,12.2,0.0,54,13.23,18.4,2015,12,363,Winter,14.485714285714286,15.893333333333334,24.429752066115704,0.0,0.006666666666666667,17.1,13.4,19.6
2015-12-30,16.3,23.9,10.0,0.0,61,14.24,9.8,2015,12,364,Winter,14.957142857142857,15.74,24.40741758241758,0.0,0.006666666666666667,17.1,13.0,20.9
2015-12-31,15.3,23.1,8.7,0.0,66,14.69,10.2,2015,12,365,Winter,15.299999999999999,15.56,24.382465753424658,0.0,0.006666666666666667,16.3,12.9,20.7
2016-01-01,14.9,22.3,9.3,0.0,68,13.98,9.7,2016,1,1,Winter,15.700000000000001,15.403333333333332,24.378630136986303,0.0,0.006666666666666667,15.3,12.1,19.6
2016-01-02,14.4,22.0,7.3,0.0,66,14.44,10.7,2016,1,2,Winter,15.8,15.276666666666667,24.37616438356164,0.0,0.006666666666666667,14.9,13.7,18.2
2016-01-03,15.0,22.6,8.7,0.0,63,14.49,13.9,2016,1,3,Winter,15.72857142857143,15.16,24.374520547945203,0.0,0.006666666666666667,14.4,15.5,18.5
2016-01-04,16.1,22.9,8.4,0.0,66,13.81,10.0,2016,1,4,Winter,15.585714285714285,15.103333333333332,24.37917808219178,0.0,0.006666666666666667,15.0,17.1,17.8
2016-01-05,18.1,24.5,12.5,0.0,69,13.5,8.8,2016,1,5,Winter,15.72857142857143,15.096666666666668,24.389589041095892,0.0,0.006666666666666667,16.1,17.1,18.3
2016-01-06,18.3,24.2,13.0,0.5,75,11.69,10.4,2016,1,6,Winter,16.014285714285716,15.090000000000002,24.39835616438356,0.07142857142857142,0.02333333333333333,18.1,16.3,18.5
2016-01-07,17.8,24.1,11.8,0.0,75,14.11,8.6,2016,1,7,Winter,16.371428571428574,15.063333333333334,24.409315068493154,0.07142857142857142,0.02333333333333333,18.3,15.3,18.6
2016-01-08,17.1,23.1,12.2,0.0,75,13.37,16.1,2016,1,8,Winter,16.685714285714287,15.023333333333333,24.42054794520548,0.07142857142857142,0.02333333333333333,17.8,14.9,18.3
2016-01-09,15.7,21.8,10.7,0.0,63,14.9,19.0,2016,1,9,Winter,16.87142857142857,14.903333333333332,24.429589041095888,0.07142857142857142,0.016666666666666666,17.1,14.4,19.3
2016-01-10,15.6,22.5,9.1,0.0,68,14.71,10.3,2016,1,10,Winter,16.95714285714286,14.833333333333334,24.43972602739726,0.07142857142857142,0.016666666666666666,15.7,15.0,17.7
2016-01-11,16.2,23.0,9.9,0.0,72,14.84,9.2,2016,1,11,Winter,16.97142857142857,14.883333333333333,24.45205479452055,0.07142857142857142,0.016666666666666666,15.6,16.1,14.7
2016-01-12,16.5,23.9,10.2,0.0,71,14.8,14.0,2016,1,12,Winter,16.74285714285714,14.96,24.46630136986301,0.07142857142857142,0.016666666666666666,16.2,18.1,14.2
2016-01-13,16.0,21.8,10.9,0.0,76,13.29,9.2,2016,1,13,Winter,16.414285714285715,15.036666666666667,24.47945205479452,0.0,0.016666666666666666,16.5,18.3,13.7
2016-01-14,14.4,19.3,9.6,0.0,77,11.48,8.7,2016,1,14,Winter,15.928571428571429,15.063333333333334,24.483561643835618,0.0,0.016666666666666666,16.0,17.8,13.6
2016-01-15,13.3,18.8,8.5,0.0,75,14.26,13.7,2016,1,15,Winter,15.385714285714284,15.076666666666666,24.48712328767123,0.0,0.016666666666666666,14.4,17.1,12.9
2016-01-16,13.1,18.7,8.8,0.0,74,13.45,16.1,2016,1,16,Winter,15.014285714285716,15.073333333333332,24.486575342465756,0.0,0.016666666666666666,13.3,15.7,13.2
2016-01-17,12.8,18.4,7.6,0.0,77,15.06,8.8,2016,1,17,Winter,14.614285714285714,15.056666666666668,24.483835616438355,0.0,0.016666666666666666,13.1,15.6,13.3
2016-01-18,12.6,18.5,7.1,0.0,78,14.9,7.6,2016,1,18,Winter,14.099999999999998,15.023333333333333,24.480821917808218,0.0,0.016666666666666666,12.8,16.2,13.6
2016-01-19,12.6,18.6,7.1,0.0,75,14.1,9.6,2016,1,19,Winter,13.542857142857143,15.003333333333334,24.47945205479452,0.0,0.016666666666666666,12.6,16.5,13.2
2016-01-20,12.2,17.5,7.2,0.0,73,13.26,9.8,2016,1,20,Winter,13.0,14.97,24.47808219178082,0.0,0.016666666666666666,12.6,16.0,13.2
2016-01-21,11.6,17.8,6.0,0.0,75,15.92,13.2,2016,1,21,Winter,12.6,14.91,24.475342465753425,0.0,0.016666666666666666,12.2,14.4,13.4
2016-01-22,11.5,18.2,4.8,0.0,76,16.05,8.9,2016,1,22,Winter,12.342857142857143,14.860000000000001,24.471780821917804,0.0,0.016666666666666666,11.6,13.3,13.0
2016-01-23,12.4,19.4,5.9,0.0,77,16.07,8.6,2016,1,23,Winter,12.242857142857142,14.843333333333334,24.46712328767123,0.0,0.016666666666666666,11.5,13.1,12.9
2016-01-24,12.2,18.7,6.5,0.0,78,15.86,8.4,2016,1,24,Winter,12.157142857142857,14.846666666666666,24.461095890410956,0.0,0.016666666666666666,12.4,12.8,12.1
2016-01-25,10.8,17.1,5.0,0.0,80,15.75,8.7,2016,1,25,Winter,11.900000000000002,14.75,24.453150684931504,0.0,0.016666666666666666,12.2,12.6,13.7
2016-01-26,13.0,19.6,7.2,0.0,75,15.73,8.6,2016,1,26,Winter,11.957142857142856,14.666666666666666,24.452328767123284,0.0,0.016666666666666666,10.8,12.6,15.5
2016-01-27,15.7,22.2,10.3,0.0,74,15.78,8.3,2016,1,27,Winter,12.457142857142857,14.62,24.459999999999997,0.0,0.016666666666666666,13.0,12.2,17.1
2016-01-28,15.8,22.6,9.4,0.0,72,16.39,11.3,2016,1,28,Winter,13.057142857142859,14.576666666666666,24.472054794520545,0.0,0.016666666666666666,15.7,11.6,17.1
2016-01-29,17.1,24.0,11.4,0.2,72,13.63,8.2,2016,1,29,Winter,13.857142857142858,14.603333333333333,24.48876712328767,0.028571428571428574,0.02333333333333333,15.8,11.5,16.3
2016-01-30,19.4,25.5,13.7,0.5,73,15.47,8.4,2016,1,30,Winter,14.857142857142858,14.74,24.50958904109589,0.09999999999999999,0.04,17.1,12.4,15.3
2016-01-31,17.4,22.1,12.8,0.0,77,13.5,14.0,2016,1,31,Winter,15.6,14.823333333333334,24.521369863013703,0.09999999999999999,0.04,19.4,12.2,14.9
2016-02-01,15.2,22.1,9.7,0.0,65,17.32,12.5,2016,2,32,Winter,16.22857142857143,14.85,24.524931506849317,0.09999999999999999,0.04,17.4,10.8,14.4
2016-02-02,14.2,20.9,7.4,0.0,58,17.49,15.3,2016,2,33,Winter,16.4,14.823333333333332,24.52054794520548,0.09999999999999999,0.04,15.2,13.0,15.0
2016-02-03,14.5,21.5,8.3,0.0,53,17.84,20.6,2016,2,34,Winter,16.228571428571428,14.770000000000001,24.513698630136986,0.09999999999999999,0.04,14.2,15.7,16.1
2016-02-04,14.8,22.3,8.3,0.0,52,17.87,13.8,2016,2,35,Winter,16.085714285714285,14.66,24.516164383561645,0.09999999999999999,0.04,14.5,15.8,18.1
2016-02-05,14.8,22.8,6.9,0.0,58,18.08,10.8,2016,2,36,Winter,15.757142857142856,14.543333333333331,24.518082191780824,0.07142857142857142,0.02333333333333333,14.8,17.1,18.3
2016-02-06,15.8,23.1,7.1,0.0,59,17.98,12.2,2016,2,37,Winter,15.242857142857144,14.476666666666665,24.524383561643834,0.0,0.02333333333333333,14.8,19.4,17.8
2016-02-07,15.4,19.6,12.1,4.0,74,11.62,13.7,2016,2,38,Winter,14.957142857142857,14.42,24.526027397260275,0.5714285714285714,0.15666666666666668,15.8,17.4,17.1
2016-02-08,15.0,21.7,8.6,0.0,74,17.79,11.0,2016,2,39,Winter,14.928571428571429,14.396666666666668,24.52520547945205,0.5714285714285714,0.15666666666666668,15.4,15.2,15.7
2016-02-09,15.9,22.9,9.5,0.0,69,18.07,10.1,2016,2,40,Winter,15.171428571428574,14.406666666666666,24.525479452054793,0.5714285714285714,0.15666666666666668,15.0,14.2,15.6
2016-02-10,16.3,23.4,9.1,0.0,67,18.27,9.7,2016,2,41,Winter,15.42857142857143,14.41,24.528767123287672,0.5714285714285714,0.15666666666666668,15.9,14.5,16.2
2016-02-11,17.6,24.7,12.2,0.0,56,18.01,16.1,2016,2,42,Winter,15.828571428571427,14.446666666666667,24.536438356164386,0.5714285714285714,0.15666666666666668,16.3,14.8,16.5
2016-02-12,16.6,24.2,9.4,0.0,65,17.9,11.2,2016,2,43,Winter,16.085714285714285,14.466666666666667,24.540273972602737,0.5714285714285714,0.15666666666666668,17.6,14.8,16.0
2016-02-13,16.1,22.0,11.8,0.7,62,15.41,15.1,2016,2,44,Winter,16.12857142857143,14.523333333333333,24.538630136986303,0.6714285714285715,0.18000000000000002,16.6,15.8,14.4
2016-02-14,15.9,23.6,9.3,0.0,65,18.81,11.1,2016,2,45,Winter,16.2,14.610000000000001,24.530684931506848,0.09999999999999999,0.18000000000000002,16.1,15.4,13.3
2016-02-15,15.7,22.3,9.4,0.0,60,16.9,9.3,2016,2,46,Winter,16.3,14.696666666666665,24.523287671232875,0.09999999999999999,0.18000000000000002,15.9,15.0,13.1
2016-02-16,15.9,23.3,8.9,0.0,55,19.1,9.7,2016,2,47,Winter,16.3,14.8,24.512602739726027,0.09999999999999999,0.18000000000000002,15.7,15.9,12.8
2016-02-17,18.0,25.6,11.0,0.2,54,16.44,11.8,2016,2,48,Winter,16.54285714285714,14.98,24.506027397260272,0.12857142857142856,0.18666666666666668,15.9,16.3,12.6
2016-02-18,20.5,27.0,14.7,1.4,61,13.77,11.5,2016,2,49,Winter,16.95714285714286,15.243333333333334,24.508219178082193,0.32857142857142857,0.23333333333333334,18.0,17.6,12.6
2016-02-19,22.7,28.8,17.0,0.0,66,12.42,8.4,2016,2,50,Winter,17.82857142857143,15.593333333333334,24.515342465753427,0.32857142857142857,0.23333333333333334,20.5,16.6,12.2
2016-02-20,21.8,25.9,18.1,14.4,75,11.21,12.3,2016,2,51,Winter,18.642857142857142,15.933333333333334,24.51698630136986,2.2857142857142856,0.7133333333333333,22.7,16.1,11.6
2016-02-21,19.3,25.4,14.6,0.0,65,19.79,19.7,2016,2,52,Winter,19.12857142857143,16.193333333333335,24.51315068493151,2.2857142857142856,0.7133333333333333,21.8,15.9,11.5
2016-02-22,18.8,26.1,13.0,0.0,52,20.34,22.8,2016,2,53,Winter,19.571428571428573,16.406666666666666,24.508219178082193,2.2857142857142856,0.7133333333333333,19.3,15.7,12.4
2016-02-23,19.1,26.9,12.4,0.0,54,20.51,15.8,2016,2,54,Winter,20.028571428571432,16.636666666666667,24.505205479452055,2.2857142857142856,0.7133333333333333,18.8,15.9,12.2
2016-02-24,18.6,26.7,11.3,0.0,58,20.39,9.0,2016,2,55,Winter,20.114285714285717,16.89666666666667,24.4986301369863,2.257142857142857,0.7133333333333333,19.1,18.0,10.8
2016-02-25,19.6,27.3,11.4,0.0,59,20.32,10.3,2016,2,56,Winter,19.985714285714288,17.116666666666667,24.49342465753424,2.0571428571428574,0.7133333333333333,18.6,20.5,13.0
2016-02-26,20.7,27.4,13.7,0.0,59,20.32,10.3,2016,2,57,Winter,19.7,17.283333333333335,24.49890410958904,2.0571428571428574,0.7133333333333333,19.6,22.7,15.7
2016-02-27,20.6,27.3,12.1,0.0,60,20.38,9.8,2016,2,58,Winter,19.528571428571432,17.443333333333335,24.508767123287672,0.0,0.7133333333333333,20.7,21.8,15.8
2016-02-28,21.5,28.0,14.9,0.0,61,20.4,9.2,2016,2,59,Winter,19.842857142857145,17.59,24.517808219178082,0.0,0.7066666666666668,20.6,19.3,17.1
2016-02-29,21.9,28.0,15.0,0.0,62,18.38,9.8,2016,2,60,Winter,20.285714285714285,17.673333333333336,24.530958904109585,0.0,0.6900000000000001,21.5,18.8,19.4
2016-03-01,22.5,28.6,16.1,0.0,62,19.76,10.0,2016,3,61,Spring,20.771428571428572,17.843333333333337,24.54794520547945,0.0,0.6900000000000001,21.9,19.1,17.4
2016-03-02,23.3,30.5,15.6,0.0,62,20.36,9.5,2016,3,62,Spring,21.442857142857143,18.113333333333333,24.568767123287667,0.0,0.6900000000000001,22.5,18.6,15.2
2016-03-03,23.5,31.4,15.9,0.2,60,19.36,9.4,2016,3,63,Spring,22.0,18.423333333333336,24.591506849315067,0.028571428571428574,0.6966666666666668,23.3,19.6,14.2
2016-03-04,23.8,31.9,16.2,0.0,51,20.51,10.6,2016,3,64,Spring,22.442857142857147,18.733333333333338,24.61150684931507,0.028571428571428574,0.6966666666666668,23.5,20.7,14.5
2016-03-05,22.4,29.8,17.0,12.2,59,18.03,18.5,2016,3,65,Spring,22.699999999999996,18.986666666666668,24.623013698630135,1.7714285714285711,1.1033333333333333,23.8,20.6,14.8
2016-03-06,20.2,25.9,16.0,2.6,75,16.71,17.1,2016,3,66,Spring,22.514285714285712,19.166666666666668,24.628219178082194,2.142857142857143,1.1900000000000002,22.4,21.5,14.8
2016-03-07,21.3,27.7,15.0,0.0,69,20.88,11.4,2016,3,67,Spring,22.428571428571427,19.35,24.63643835616438,2.142857142857143,1.1900000000000002,20.2,21.9,15.8
2016-03-08,21.7,27.6,16.3,0.0,66,20.29,11.2,2016,3,68,Spring,22.314285714285713,19.56,24.650410958904114,2.142857142857143,1.0566666666666666,21.3,22.5,15.4
2016-03-09,21.5,28.0,14.9,0.0,63,21.64,13.1,2016,3,69,Spring,22.057142857142857,19.776666666666664,24.66520547945206,2.142857142857143,1.0566666666666666,21.7,23.3,15.0
2016-03-10,22.5,29.7,15.1,0.0,62,21.54,13.5,2016,3,70,Spring,21.914285714285715,19.996666666666666,24.679178082191786,2.1142857142857143,1.0566666666666666,21.5,23.5,15.9
2016-03-11,23.3,30.9,18.0,2.2,65,17.65,13.5,2016,3,71,Spring,21.842857142857138,20.230000000000004,24.69232876712329,2.4285714285714284,1.13,22.5,23.8,16.3
2016-03-12,21.2,28.4,17.5,22.2,77,17.23,16.7,2016,3,72,Spring,21.671428571428574,20.35,24.698356164383565,3.857142857142857,1.8699999999999999,23.3,22.4,17.6
2016-03-13,21.2,27.2,16.3,0.0,71,20.07,20.7,2016,3,73,Spring,21.814285714285713,20.503333333333334,24.70164383561644,3.4857142857142853,1.8699999999999999,21.2,20.2,16.6
2016-03-14,20.7,25.1,16.2,0.9,77,20.62,10.6,2016,3,74,Spring,21.728571428571428,20.65666666666667,24.708493150684934,3.614285714285714,1.8766666666666665,21.2,21.3,16.1
2016-03-15,20.8,27.3,14.4,0.0,66,20.71,12.8,2016,3,75,Spring,21.599999999999998,20.82,24.71561643835616,3.614285714285714,1.8766666666666665,20.7,21.7,15.9
2016-03-16,20.8,27.6,14.0,0.0,56,22.58,16.9,2016,3,76,Spring,21.5,20.99,24.71972602739726,3.614285714285714,1.8766666666666665,20.8,21.5,15.7
2016-03-17,22.8,29.8,16.3,0.1,56,18.96,15.5,2016,3,77,Spring,21.542857142857144,21.220000000000002,24.73041095890411,3.6285714285714286,1.88,20.8,22.5,15.9
2016-03-18,23.8,29.3,18.6,0.0,59,20.83,16.1,2016,3,78,Spring,21.614285714285717,21.413333333333334,24.743013698630133,3.314285714285714,1.8733333333333335,22.8,23.3,18.0
2016-03-19,24.0,30.7,17.7,0.5,60,18.8,10.2,2016,3,79,Spring,22.014285714285716,21.529999999999998,24.753150684931505,0.21428571428571427,1.8433333333333333,23.8,21.2,20.5
2016-03-20,24.7,31.4,18.1,0.0,56,22.37,13.8,2016,3,80,Spring,22.514285714285712,21.59666666666667,24.76054794520548,0.21428571428571427,1.8433333333333333,24.0,21.2,22.7
2016-03-21,23.9,30.5,17.5,0.0,45,23.89,24.2,2016,3,81,Spring,22.97142857142857,21.666666666666668,24.762465753424657,0.08571428571428572,1.363333333333333,24.7,20.7,21.8
2016-03-22,22.5,29.8,16.2,0.0,36,24.98,26.7,2016,3,82,Spring,23.214285714285715,21.773333333333333,24.75835616438356,0.08571428571428572,1.363333333333333,23.9,20.8,19.3
2016-03-23,23.5,31.9,16.2,0.0,39,24.8,17.7,2016,3,83,Spring,23.6,21.93,24.756438356164384,0.08571428571428572,1.363333333333333,22.5,20.8,18.8
2016-03-24,25.0,33.4,16.3,0.0,47,22.4,10.9,2016,3,84,Spring,23.914285714285715,22.126666666666665,24.7558904109589,0.07142857142857142,1.363333333333333,23.5,22.8,19.1
2016-03-25,26.5,34.7,17.1,0.0,50,22.8,10.4,2016,3,85,Spring,24.3,22.39,24.755068493150684,0.07142857142857142,1.363333333333333,25.0,23.8,18.6
2016-03-26,25.2,32.3,18.7,0.0,53,18.32,19.1,2016,3,86,Spring,24.471428571428568,22.576666666666668,24.74931506849315,0.0,1.363333333333333,26.5,24.0,19.6
2016-03-27,24.7,31.7,18.4,0.0,45,23.8,15.2,2016,3,87,Spring,24.47142857142857,22.709999999999997,24.746849315068488,0.0,1.363333333333333,25.2,24.7,20.7
2016-03-28,24.5,31.7,16.6,0.0,41,24.91,15.9,2016,3,88,Spring,24.557142857142853,22.839999999999996,24.743561643835616,0.0,1.363333333333333,24.7,23.9,20.6
2016-03-29,25.2,32.0,18.1,0.0,42,23.46,13.6,2016,3,89,Spring,24.942857142857143,22.96333333333333,24.75178082191781,0.0,1.363333333333333,24.5,22.5,21.5
2016-03-30,26.5,34.4,17.9,0.0,45,22.24,11.2,2016,3,90,Spring,25.37142857142857,23.116666666666667,24.761369863013698,0.0,1.363333333333333,25.2,23.5,21.9
2016-03-31,28.0,36.3,19.2,0.0,40,24.33,10.8,2016,3,91,Spring,25.8,23.3,24.77150684931507,0.0,1.363333333333333,26.5,25.0,22.5
2016-04-01,29.2,36.5,21.9,0.0,39,24.59,13.9,2016,4,92,Spring,26.185714285714283,23.496666666666666,24.778630136986305,0.0,1.363333333333333,28.0,26.5,23.3
2016-04-02,29.9,37.6,21.4,0.0,41,24.04,11.6,2016,4,93,Spring,26.857142857142858,23.709999999999997,24.796164383561646,0.0,1.3566666666666667,29.2,25.2,23.5
2016-04-03,31.2,38.5,24.3,1.8,44,23.26,10.2,2016,4,94,Spring,27.785714285714285,23.956666666666663,24.824383561643835,0.2571428571428572,1.4166666666666667,29.9,24.7,23.8
2016-04-04,30.1,37.1,23.3,0.0,34,22.86,15.5,2016,4,95,Spring,28.58571428571429,24.21333333333333,24.845479452054796,0.2571428571428572,1.01,31.2,24.5,22.4
2016-04-05,29.0,35.9,21.5,0.0,37,23.45,17.2,2016,4,96,Spring,29.12857142857143,24.506666666666668,24.859726027397258,0.2571428571428572,0.9233333333333333,30.1,25.2,20.2
2016-04-06,28.4,35.1,22.5,0.0,30,22.01,10.9,2016,4,97,Spring,29.4,24.743333333333332,24.876438356164382,0.2571428571428572,0.9233333333333333,29.0,26.5,21.3
2016-04-07,27.1,34.8,19.8,0.0,37,24.4,17.6,2016,4,98,Spring,29.271428571428572,24.923333333333336,24.886301369863013,0.2571428571428572,0.9233333333333333,28.4,28.0,21.7
2016-04-08,27.1,34.8,17.8,0.0,38,26.05,9.7,2016,4,99,Spring,28.97142857142857,25.110000000000003,24.894794520547947,0.2571428571428572,0.9233333333333333,27.1,29.2,21.5
2016-04-09,28.9,36.3,20.2,0.0,27,25.6,14.3,2016,4,100,Spring,28.82857142857143,25.323333333333334,24.904383561643836,0.2571428571428572,0.9233333333333333,27.1,29.9,22.5
2016-04-10,29.5,36.3,24.0,0.0,29,18.05,11.5,2016,4,101,Spring,28.58571428571429,25.529999999999998,24.913698630136988,0.0,0.85,28.9,31.2,23.3
2016-04-11,28.3,34.9,21.2,0.0,33,25.27,20.4,2016,4,102,Spring,28.328571428571426,25.766666666666666,24.92438356164384,0.0,0.11,29.5,30.1,21.2
2016-04-12,28.0,34.5,21.2,0.0,33,26.51,22.7,2016,4,103,Spring,28.185714285714283,25.993333333333332,24.936438356164388,0.0,0.11,28.3,29.0,21.2
2016-04-13,29.7,36.7,22.7,0.0,30,26.48,26.2,2016,4,104,Spring,28.371428571428574,26.293333333333333,24.951506849315066,0.0,0.08000000000000002,28.0,28.4,20.7
2016-04-14,31.0,38.5,22.7,0.0,29,26.18,20.1,2016,4,105,Spring,28.928571428571427,26.633333333333333,24.96630136986301,0.0,0.08000000000000002,29.7,27.1,20.8
2016-04-15,31.9,39.8,22.4,0.0,31,24.73,18.9,2016,4,106,Spring,29.61428571428571,27.003333333333334,24.982191780821918,0.0,0.08000000000000002,31.0,27.1,20.8
2016-04-16,32.7,41.0,24.5,0.0,30,25.46,14.8,2016,4,107,Spring,30.157142857142855,27.333333333333332,24.99671232876712,0.0,0.07666666666666666,31.9,28.9,22.8
2016-04-17,33.1,39.7,26.5,0.0,26,24.21,14.1,2016,4,108,Spring,30.67142857142857,27.643333333333334,25.006301369863017,0.0,0.07666666666666666,32.7,29.5,23.8
2016-04-18,32.5,38.5,26.3,0.0,32,23.73,10.0,2016,4,109,Spring,31.271428571428572,27.92666666666667,25.00958904109589,0.0,0.060000000000000005,33.1,28.3,24.0
2016-04-19,31.4,37.8,25.7,0.1,37,16.84,12.3,2016,4,110,Spring,31.75714285714286,28.15,25.009315068493148,0.014285714285714287,0.06333333333333334,32.5,28.0,24.7
2016-04-20,31.6,38.8,23.7,0.0,26,26.4,19.9,2016,4,111,Spring,32.028571428571425,28.40666666666667,25.01095890410959,0.014285714285714287,0.06333333333333334,31.4,29.7,23.9
2016-04-21,31.9,38.9,24.9,0.0,23,27.21,24.5,2016,4,112,Spring,32.15714285714286,28.720000000000002,25.015342465753427,0.014285714285714287,0.06333333333333334,31.6,31.0,22.5
2016-04-22,31.8,38.6,24.3,0.0,25,24.76,11.7,2016,4,113,Spring,32.142857142857146,28.996666666666666,25.018356164383558,0.014285714285714287,0.06333333333333334,31.9,31.9,23.5
2016-04-23,29.6,36.7,22.6,0.0,24,27.68,17.2,2016,4,114,Spring,31.7,29.15,25.013424657534244,0.014285714285714287,0.06333333333333334,31.8,32.7,25.0
2016-04-24,28.8,37.1,19.2,0.0,21,27.89,17.9,2016,4,115,Spring,31.08571428571429,29.226666666666667,25.01068493150685,0.014285714285714287,0.06333333333333334,29.6,33.1,26.5
2016-04-25,30.0,38.1,21.0,0.0,19,27.89,13.1,2016,4,116,Spring,30.72857142857143,29.386666666666663,25.01452054794521,0.014285714285714287,0.06333333333333334,28.8,32.5,25.2
2016-04-26,30.6,38.5,21.5,0.2,23,25.43,10.7,2016,4,117,Spring,30.614285714285717,29.583333333333332,25.0172602739726,0.028571428571428574,0.07,30.0,31.4,24.7
2016-04-27,31.0,39.7,22.0,0.0,22,25.88,16.9,2016,4,118,Spring,30.528571428571432,29.8,25.020273972602737,0.028571428571428574,0.07,30.6,31.6,24.5
2016-04-28,31.5,39.6,22.1,0.0,19,28.02,17.1,2016,4,119,Spring,30.47142857142857,30.009999999999998,25.024657534246575,0.028571428571428574,0.07,31.0,31.9,25.2
2016-04-29,31.3,39.4,22.3,0.0,19,27.15,18.6,2016,4,120,Spring,30.4,30.17,25.026575342465755,0.028571428571428574,0.07,31.5,31.8,26.5
2016-04-30,31.2,39.9,21.0,0.0,21,28.23,12.5,2016,4,121,Spring,30.62857142857143,30.276666666666664,25.028767123287672,0.028571428571428574,0.07,31.3,29.6,28.0
2016-05-01,32.8,41.2,23.3,0.0,20,28.25,18.3,2016,5,122,Spring,31.2,30.39666666666667,25.035890410958906,0.028571428571428574,0.07,31.2,28.8,29.2
2016-05-02,34.4,42.5,24.9,0.4,19,27.58,12.2,2016,5,123,Spring,31.828571428571426,30.546666666666667,25.047123287671234,0.08571428571428573,0.08333333333333333,32.8,30.0,29.9
2016-05-03,32.2,38.0,27.5,1.6,32,20.62,16.4,2016,5,124,Spring,32.05714285714286,30.58,25.05150684931507,0.2857142857142857,0.07666666666666666,34.4,30.6,31.2
2016-05-04,30.9,38.9,24.8,1.0,48,24.31,20.6,2016,5,125,Spring,32.04285714285714,30.60666666666667,25.04931506849315,0.42857142857142855,0.11,32.2,31.0,30.1
2016-05-05,29.4,34.6,24.8,0.1,50,24.73,20.6,2016,5,126,Spring,31.74285714285714,30.62,25.04027397260274,0.4428571428571429,0.11333333333333333,30.9,31.5,29.0
2016-05-06,29.2,34.1,23.6,0.0,54,20.85,9.4,2016,5,127,Spring,31.442857142857143,30.646666666666665,25.027945205479455,0.4428571428571429,0.11333333333333333,29.4,31.3,28.4
2016-05-07,30.8,36.0,24.6,0.0,41,22.33,11.4,2016,5,128,Spring,31.385714285714283,30.77,25.0172602739726,0.4428571428571429,0.11333333333333333,29.2,31.2,27.1
2016-05-08,30.9,37.2,25.4,0.0,45,22.44,14.6,2016,5,129,Spring,31.114285714285717,30.896666666666665,25.00849315068493,0.4428571428571429,0.11333333333333333,30.8,32.8,27.1
2016-05-09,32.1,38.8,26.2,0.5,42,25.51,21.7,2016,5,130,Spring,30.785714285714285,31.003333333333334,25.004383561643838,0.4571428571428572,0.13,30.9,34.4,28.9
2016-05-10,32.2,38.0,26.6,1.0,46,25.13,23.4,2016,5,131,Spring,30.785714285714285,31.09333333333333,25.002465753424662,0.37142857142857144,0.16333333333333336,32.1,32.2,29.5
2016-05-11,31.7,37.0,26.6,0.2,51,25.88,17.9,2016,5,132,Spring,30.900000000000002,31.206666666666667,25.003835616438355,0.2571428571428572,0.16999999999999998,32.2,30.9,28.3
2016-05-12,32.5,39.0,25.4,0.0,49,25.67,14.7,2016,5,133,Spring,31.342857142857145,31.35666666666667,25.010410958904107,0.24285714285714285,0.16999999999999998,31.7,29.4,28.0
2016-05-13,34.6,41.0,27.9,0.0,30,26.76,16.8,2016,5,134,Spring,32.114285714285714,31.52,25.024109589041093,0.24285714285714285,0.16999999999999998,32.5,29.2,29.7
2016-05-14,34.9,41.2,27.4,0.0,30,27.17,9.4,2016,5,135,Spring,32.7,31.65,25.03808219178082,0.24285714285714285,0.16999999999999998,34.6,30.8,31.0
2016-05-15,34.9,42.3,26.6,0.0,29,26.78,12.5,2016,5,136,Spring,33.27142857142857,31.75,25.051232876712326,0.24285714285714285,0.16999999999999998,34.9,30.9,31.9
2016-05-16,35.2,42.7,26.6,0.0,25,27.34,17.6,2016,5,137,Spring,33.714285714285715,31.833333333333332,25.061095890410957,0.17142857142857146,0.16999999999999998,34.9,32.1,32.7
2016-05-17,35.2,42.7,26.3,0.0,22,28.44,18.9,2016,5,138,Spring,34.142857142857146,31.90333333333333,25.062739726027402,0.028571428571428605,0.16999999999999998,35.2,32.2,33.1
2016-05-18,35.3,43.1,25.6,0.0,23,28.41,13.5,2016,5,139,Spring,34.65714285714286,31.996666666666666,25.066027397260275,0.0,0.16999999999999998,35.2,31.7,32.5
2016-05-19,34.8,41.6,27.7,0.3,36,26.88,22.6,2016,5,140,Spring,34.98571428571429,32.11,25.069589041095888,0.042857142857142885,0.1766666666666667,35.3,32.5,31.4
2016-05-20,34.7,40.2,29.4,0.3,43,26.72,24.6,2016,5,141,Spring,35.0,32.21333333333333,25.072602739726026,0.08571428571428574,0.18666666666666668,34.8,34.6,31.6
2016-05-21,34.0,41.1,27.3,0.0,53,27.08,21.5,2016,5,142,Spring,34.871428571428574,32.28333333333333,25.07123287671233,0.08571428571428574,0.18666666666666668,34.7,34.9,31.9
2016-05-22,34.6,42.1,28.2,1.8,47,27.13,19.3,2016,5,143,Spring,34.82857142857143,32.37666666666667,25.07123287671233,0.3428571428571429,0.24666666666666667,34.0,34.9,31.8
2016-05-23,33.6,40.9,26.1,4.5,52,25.61,19.1,2016,5,144,Spring,34.6,32.51,25.067123287671233,0.9857142857142858,0.39666666666666667,34.6,35.2,29.6
2016-05-24,31.7,38.0,26.5,1.8,59,24.72,17.7,2016,5,145,Spring,34.1,32.60666666666667,25.057260273972602,1.242857142857143,0.4566666666666667,33.6,35.2,28.8
2016-05-25,31.7,39.4,25.2,0.6,53,24.61,17.5,2016,5,146,Spring,33.58571428571429,32.663333333333334,25.047123287671234,1.3285714285714287,0.4766666666666667,31.7,35.3,30.0
2016-05-26,33.0,39.8,25.4,0.0,49,26.17,13.8,2016,5,147,Spring,33.32857142857143,32.74333333333333,25.044383561643837,1.2857142857142858,0.47,31.7,34.8,30.6
2016-05-27,34.8,40.9,28.5,2.0,37,26.56,20.1,2016,5,148,Spring,33.34285714285714,32.87,25.046301369863013,1.5285714285714287,0.5366666666666666,33.0,34.7,31.0
2016-05-28,34.0,40.4,28.9,2.3,37,25.23,22.1,2016,5,149,Spring,33.34285714285714,32.95333333333333,25.043287671232875,1.8571428571428572,0.6133333333333333,34.8,34.0,31.5
2016-05-29,31.2,36.2,26.9,6.9,54,24.18,18.9,2016,5,150,Spring,32.857142857142854,32.95,25.03287671232877,2.585714285714286,0.8433333333333333,34.0,34.6,31.3
2016-05-30,28.8,33.0,24.0,3.4,68,22.42,16.4,2016,5,151,Spring,32.17142857142857,32.87,25.016438356164382,2.4285714285714284,0.9566666666666667,31.2,33.6,31.2
2016-05-31,31.7,38.1,25.1,0.2,57,24.74,13.2,2016,5,152,Spring,32.17142857142857,32.833333333333336,25.012054794520548,2.1999999999999997,0.9633333333333333,28.8,31.7,32.8
2016-06-01,33.8,40.2,27.0,0.0,48,24.77,14.8,2016,6,153,Summer,32.471428571428575,32.81333333333333,25.016712328767124,2.1142857142857143,0.95,31.7,31.7,34.4
2016-06-02,34.9,41.0,28.1,0.0,37,24.99,16.8,2016,6,154,Summer,32.74285714285715,32.903333333333336,25.026849315068493,2.1142857142857143,0.8966666666666666,33.8,33.0,32.2
2016-06-03,34.2,41.8,26.5,0.5,42,26.11,15.8,2016,6,155,Summer,32.65714285714286,33.013333333333335,25.036164383561644,1.9,0.88,34.9,34.8,30.9
2016-06-04,35.3,42.4,27.7,0.0,45,25.86,14.3,2016,6,156,Summer,32.84285714285714,33.21,25.043013698630133,1.5714285714285714,0.8766666666666667,34.2,34.0,29.4
2016-06-05,34.4,40.8,29.0,3.3,55,24.74,21.5,2016,6,157,Summer,33.300000000000004,33.38333333333333,25.046575342465754,1.0571428571428572,0.9866666666666667,35.3,31.2,29.2
2016-06-06,34.2,40.0,29.3,2.6,53,25.2,19.3,2016,6,158,Summer,34.07142857142857,33.49666666666666,25.046301369863013,0.9428571428571428,1.0733333333333335,34.4,28.8,30.8
2016-06-07,34.2,39.6,29.2,1.1,52,26.15,18.0,2016,6,159,Summer,34.42857142857143,33.60666666666667,25.0427397260274,1.0714285714285714,1.1099999999999999,34.2,31.7,30.9
2016-06-08,33.9,40.5,28.9,0.7,51,24.91,14.2,2016,6,160,Summer,34.44285714285714,33.666666666666664,25.036164383561644,1.1714285714285713,1.1166666666666667,34.2,33.8,32.1
2016-06-09,34.4,40.2,28.7,0.2,51,24.26,15.4,2016,6,161,Summer,34.371428571428574,33.74,25.030958904109585,1.2,1.09,33.9,34.9,32.2
2016-06-10,34.4,41.6,29.2,2.6,50,25.21,21.7,2016,6,162,Summer,34.4,33.83,25.02712328767123,1.5,1.1699999999999997,34.4,34.2,31.7
2016-06-11,34.2,39.4,28.9,0.1,50,25.61,16.6,2016,6,163,Summer,34.24285714285714,33.88666666666667,25.023835616438358,1.5142857142857142,1.1733333333333331,34.4,35.3,32.5
2016-06-12,33.3,38.9,27.0,3.6,53,25.25,14.7,2016,6,164,Summer,34.08571428571429,33.843333333333334,25.021643835616437,1.5571428571428572,1.2933333333333332,34.2,34.4,34.6
2016-06-13,34.4,40.2,29.3,0.7,47,24.29,22.0,2016,6,165,Summer,34.114285714285714,33.82666666666667,25.036438356164386,1.2857142857142858,1.3166666666666667,33.3,34.2,34.9
2016-06-14,32.3,37.5,26.9,1.8,61,23.84,16.2,2016,6,166,Summer,33.84285714285714,33.74,25.044383561643837,1.3857142857142857,1.3766666666666665,34.4,34.2,34.9
2016-06-15,31.7,36.7,28.5,1.5,65,19.31,15.2,2016,6,167,Summer,33.528571428571425,33.62333333333333,25.043835616438358,1.5,1.4266666666666665,32.3,33.9,35.2
2016-06-16,32.4,36.8,28.0,0.0,61,24.74,20.6,2016,6,168,Summer,33.24285714285714,33.53,25.04301369863014,1.4714285714285713,1.4266666666666665,31.7,34.4,35.2
2016-06-17,32.6,37.5,27.1,0.2,62,23.96,17.1,2016,6,169,Summer,32.98571428571428,33.44,25.038904109589044,1.1285714285714286,1.4333333333333333,32.4,34.4,35.3
2016-06-18,31.5,36.4,26.4,14.8,67,21.05,15.3,2016,6,170,Summer,32.6,33.33,25.03068493150685,3.2285714285714286,1.9166666666666667,32.6,34.2,34.8
2016-06-19,32.3,36.3,28.9,0.3,64,22.63,15.5,2016,6,171,Summer,32.457142857142856,33.25,25.02931506849315,2.757142857142857,1.9166666666666667,31.5,33.3,34.7
2016-06-20,32.8,36.5,29.2,0.0,63,20.91,18.2,2016,6,172,Summer,32.22857142857143,33.21,25.031232876712327,2.6571428571428575,1.9166666666666667,32.3,34.4,34.0
2016-06-21,30.9,36.2,27.7,1.8,72,19.23,15.9,2016,6,173,Summer,32.028571428571425,33.086666666666666,25.028219178082196,2.6571428571428575,1.9166666666666667,32.8,32.3,34.6
2016-06-22,30.9,35.2,26.7,1.4,69,19.52,12.3,2016,6,174,Summer,31.914285714285715,32.99666666666666,25.02219178082192,2.642857142857143,1.8133333333333332,30.9,31.7,33.6
2016-06-23,32.8,37.7,27.8,0.0,63,22.4,10.5,2016,6,175,Summer,31.971428571428568,33.03333333333333,25.026849315068493,2.642857142857143,1.7533333333333334,30.9,32.4,31.7
2016-06-24,33.8,38.8,28.6,0.6,58,20.38,12.8,2016,6,176,Summer,32.142857142857146,33.10333333333333,25.04794520547945,2.7,1.7533333333333334,32.8,32.6,31.7
2016-06-25,34.2,38.9,29.9,0.0,59,24.12,17.3,2016,6,177,Summer,32.528571428571425,33.14333333333333,25.06,0.5857142857142856,1.7533333333333334,33.8,31.5,33.0
2016-06-26,32.4,36.5,27.3,3.1,65,21.24,15.8,2016,6,178,Summer,32.54285714285714,33.06333333333333,25.062465753424654,0.9857142857142858,1.79,34.2,32.3,34.8
2016-06-27,32.1,37.0,27.0,3.3,67,19.17,14.6,2016,6,179,Summer,32.44285714285714,33.0,25.061643835616437,1.457142857142857,1.8233333333333333,32.4,32.8,34.0
2016-06-28,30.1,34.2,26.2,10.4,77,16.64,14.5,2016,6,180,Summer,32.32857142857143,32.96333333333333,25.06054794520548,2.685714285714286,1.9400000000000002,32.1,30.9,31.2
2016-06-29,32.1,36.1,27.1,10.5,70,21.68,13.4,2016,6,181,Summer,32.5,33.07333333333333,25.069589041095888,3.985714285714286,2.1766666666666667,30.1,30.9,28.8
2016-06-30,33.1,37.8,27.9,0.4,66,21.65,14.1,2016,6,182,Summer,32.542857142857144,33.12,25.077808219178085,4.042857142857143,2.183333333333333,32.1,32.8,31.7
2016-07-01,31.8,36.0,27.2,23.3,73,15.29,16.4,2016,7,183,Summer,32.25714285714286,33.053333333333335,25.080547945205478,7.285714285714286,2.96,33.1,33.8,33.8
2016-07-02,27.8,30.7,26.0,67.9,86,9.5,13.7,2016,7,184,Summer,31.342857142857145,32.81666666666667,25.068767123287667,16.985714285714288,5.223333333333333,31.8,34.2,34.9
2016-07-03,26.9,30.2,25.4,15.1,91,8.55,13.1,2016,7,185,Summer,30.557142857142857,32.57333333333333,25.055342465753426,18.7,5.71,27.8,32.4,34.2
2016-07-04,28.8,32.7,25.3,1.2,81,17.63,6.6,2016,7,186,Summer,30.08571428571429,32.35666666666667,25.04794520547945,18.400000000000002,5.75,26.9,32.1,35.3
2016-07-05,31.0,34.7,26.9,0.3,75,23.09,9.5,2016,7,187,Summer,30.214285714285715,32.24333333333333,25.051506849315068,16.95714285714286,5.650000000000001,28.8,30.1,34.4
2016-07-06,30.0,33.4,27.1,2.6,79,21.37,12.0,2016,7,188,Summer,29.914285714285715,32.10333333333333,25.058082191780823,15.828571428571431,5.65,31.0,32.1,34.2
2016-07-07,30.3,33.5,26.6,1.5,76,19.62,13.7,2016,7,189,Summer,29.514285714285712,31.973333333333333,25.063835616438354,15.985714285714286,5.663333333333333,30.0,33.1,34.2
2016-07-08,30.8,34.4,27.1,2.5,76,20.11,10.1,2016,7,190,Summer,29.37142857142857,31.869999999999997,25.07205479452055,13.014285714285716,5.723333333333334,30.3,31.8,33.9
2016-07-09,30.6,34.5,27.4,1.3,76,19.66,11.1,2016,7,191,Summer,29.771428571428572,31.743333333333332,25.08328767123288,3.5,5.76,30.8,27.8,34.4
2016-07-10,31.1,34.4,27.6,0.0,75,21.11,8.7,2016,7,192,Summer,30.37142857142857,31.633333333333333,25.100273972602736,1.342857142857143,5.673333333333333,30.6,26.9,34.4
2016-07-11,29.3,33.0,26.8,4.3,82,15.01,13.5,2016,7,193,Summer,30.442857142857143,31.469999999999995,25.110958904109587,1.7857142857142858,5.8133333333333335,31.1,28.8,34.2
2016-07-12,29.0,32.0,26.0,15.6,83,15.87,15.5,2016,7,194,Summer,30.157142857142855,31.326666666666664,25.11397260273973,3.9714285714285715,6.213333333333334,29.3,31.0,33.3
2016-07-13,29.5,33.0,26.9,3.9,80,16.63,13.3,2016,7,195,Summer,30.085714285714285,31.163333333333338,25.11397260273973,4.157142857142857,6.319999999999999,29.0,30.0,34.4
2016-07-14,29.0,32.7,27.1,22.2,86,15.0,6.7,2016,7,196,Summer,29.900000000000002,31.05333333333333,25.108767123287674,7.114285714285714,7.0,29.5,30.3,32.3
2016-07-15,28.0,32.1,25.6,31.3,89,11.02,14.1,2016,7,197,Summer,29.5,30.930000000000003,25.102465753424656,11.228571428571428,7.993333333333334,29.0,30.8,31.7
2016-07-16,26.5,27.4,25.8,75.4,95,3.1,8.2,2016,7,198,Summer,28.914285714285715,30.733333333333334,25.098082191780826,21.814285714285713,10.506666666666668,28.0,30.6,32.4
2016-07-17,26.0,26.8,25.4,50.8,94,3.7,14.0,2016,7,199,Summer,28.185714285714287,30.513333333333335,25.089863013698633,29.071428571428573,12.193333333333333,26.5,31.1,32.6
2016-07-18,28.2,32.8,25.0,5.7,85,15.65,16.0,2016,7,200,Summer,28.02857142857143,30.403333333333332,25.08849315068493,29.27142857142857,11.889999999999999,26.0,29.3,31.5
2016-07-19,29.7,34.1,25.8,1.9,78,23.47,18.8,2016,7,201,Summer,28.12857142857143,30.316666666666666,25.094520547945205,27.314285714285713,11.943333333333333,28.2,29.0,32.3
2016-07-20,30.8,34.8,27.4,0.0,70,24.43,17.4,2016,7,202,Summer,28.314285714285713,30.25,25.1,26.757142857142856,11.943333333333333,29.7,29.5,32.8
2016-07-21,31.2,35.3,28.4,0.5,69,22.04,14.4,2016,7,203,Summer,28.62857142857143,30.26,25.106027397260277,23.657142857142855,11.9,30.8,29.0,30.9
2016-07-22,30.9,34.6,26.9,0.6,73,20.36,12.8,2016,7,204,Summer,29.042857142857144,30.26,25.110136986301367,19.27142857142857,11.873333333333333,31.2,28.0,30.9
2016-07-23,28.8,32.0,26.9,5.0,81,17.29,12.7,2016,7,205,Summer,29.37142857142857,30.126666666666665,25.11013698630137,9.214285714285714,12.04,30.9,26.5,32.8
2016-07-24,28.8,32.3,25.7,3.1,83,17.5,10.2,2016,7,206,Summer,29.771428571428572,29.96,25.110410958904108,2.4,12.123333333333333,28.8,26.0,33.8
2016-07-25,29.2,33.1,25.5,7.4,84,17.51,8.6,2016,7,207,Summer,29.914285714285715,29.793333333333333,25.11315068493151,2.642857142857143,12.37,28.8,28.2,34.2
2016-07-26,28.0,31.3,26.0,4.2,87,14.21,15.5,2016,7,208,Summer,29.67142857142857,29.646666666666665,25.114246575342467,2.9714285714285715,12.406666666666668,29.2,29.7,32.4
2016-07-27,27.3,29.5,25.7,6.5,86,12.09,20.3,2016,7,209,Summer,29.171428571428574,29.486666666666668,25.113150684931504,3.9,12.513333333333334,28.0,30.8,32.1
2016-07-28,26.7,30.0,24.9,18.9,89,8.64,12.2,2016,7,210,Summer,28.52857142857143,29.37333333333333,25.11123287671233,6.528571428571429,12.796666666666665,27.3,31.2,30.1
2016-07-29,25.8,27.0,24.7,18.7,94,6.29,8.7,2016,7,211,Summer,27.800000000000004,29.163333333333338,25.10630136986301,9.114285714285714,13.069999999999999,26.7,30.9,32.1
2016-07-30,26.6,29.6,24.8,8.3,90,11.64,11.2,2016,7,212,Summer,27.485714285714288,28.94666666666667,25.10301369863014,9.585714285714285,13.333333333333334,25.8,28.8,33.1
2016-07-31,26.8,29.0,24.7,7.6,89,10.39,8.7,2016,7,213,Summer,27.2,28.779999999999998,25.10301369863014,10.22857142857143,12.81,26.6,28.8,31.8
2016-08-01,26.9,29.2,25.1,12.5,89,13.89,16.4,2016,8,214,Summer,26.87142857142857,28.75,25.10082191780822,10.957142857142857,10.963333333333335,26.8,29.2,27.8
2016-08-02,27.5,31.9,24.7,10.6,86,14.99,13.3,2016,8,215,Summer,26.8,28.77,25.0972602739726,11.87142857142857,10.813333333333333,26.9,28.0,26.9
2016-08-03,29.2,32.9,25.7,0.0,79,22.02,15.6,2016,8,216,Summer,27.071428571428573,28.783333333333335,25.097534246575343,10.942857142857141,10.773333333333333,27.5,27.3,28.8
2016-08-04,29.6,33.6,27.2,4.8,79,20.83,13.5,2016,8,217,Summer,27.485714285714288,28.736666666666665,25.10054794520548,8.928571428571429,10.923333333333334,29.2,26.7,31.0
2016-08-05,30.1,33.7,27.3,1.1,80,21.33,10.3,2016,8,218,Summer,28.099999999999998,28.74,25.106301369863015,6.414285714285714,10.873333333333335,29.6,25.8,30.0
2016-08-06,28.6,31.3,27.1,1.0,85,11.79,17.4,2016,8,219,Summer,28.385714285714283,28.683333333333334,25.108767123287667,5.371428571428571,10.856666666666667,30.1,26.6,30.3
2016-08-07,28.9,33.0,26.0,2.7,80,20.21,14.2,2016,8,220,Summer,28.685714285714283,28.62,25.117534246575346,4.671428571428572,10.863333333333335,28.6,26.8,30.8
2016-08-08,29.0,32.5,26.8,4.7,81,19.35,17.6,2016,8,221,Summer,28.985714285714288,28.566666666666666,25.12575342465754,3.5571428571428574,10.976666666666667,28.9,26.9,30.6
2016-08-09,27.8,30.5,25.9,6.3,85,13.47,18.4,2016,8,222,Summer,29.028571428571432,28.456666666666667,25.126575342465756,2.942857142857143,11.186666666666667,29.0,27.5,31.1
2016-08-10,27.3,30.4,25.8,10.5,88,12.81,14.7,2016,8,223,Summer,28.75714285714286,28.39,25.12684931506849,4.442857142857143,11.393333333333334,27.8,29.2,29.3
2016-08-11,26.9,30.4,25.2,14.1,90,9.25,10.3,2016,8,224,Summer,28.37142857142857,28.32,25.123013698630142,5.771428571428571,11.343333333333332,27.3,29.6,29.0
2016-08-12,27.3,30.7,25.1,11.9,89,11.77,8.6,2016,8,225,Summer,27.97142857142857,28.246666666666666,25.11808219178082,7.314285714285715,11.610000000000001,26.9,30.1,29.5
2016-08-13,27.8,31.8,25.3,11.4,88,11.83,5.8,2016,8,226,Summer,27.857142857142858,28.206666666666667,25.115616438356163,8.8,11.25,27.3,28.6,29.0
2016-08-14,27.7,30.9,25.3,13.9,89,9.99,12.5,2016,8,227,Summer,27.685714285714287,28.19666666666667,25.115068493150684,10.400000000000002,10.67,27.8,28.9,28.0
2016-08-15,29.0,33.1,25.9,2.6,80,20.72,15.8,2016,8,228,Summer,27.685714285714287,28.280000000000005,25.119726027397263,10.1,8.243333333333334,27.7,29.0,26.5
2016-08-16,29.5,33.4,26.0,0.8,73,23.18,17.4,2016,8,229,Summer,27.928571428571427,28.39666666666667,25.121917808219177,9.314285714285715,6.576666666666666,29.0,27.8,26.0
2016-08-17,28.1,29.8,26.4,0.2,76,10.25,17.7,2016,8,230,Summer,28.04285714285714,28.393333333333334,25.119726027397263,7.842857142857143,6.3933333333333335,29.5,27.3,28.2
2016-08-18,27.8,30.1,25.8,7.1,87,9.93,7.6,2016,8,231,Summer,28.171428571428574,28.33,25.116438356164384,6.842857142857143,6.566666666666666,28.1,26.9,29.7
2016-08-19,29.0,32.3,25.9,1.3,82,19.65,10.5,2016,8,232,Summer,28.414285714285715,28.27,25.1158904109589,5.328571428571428,6.609999999999999,27.8,27.3,30.8
2016-08-20,28.7,31.6,26.3,2.9,80,15.43,22.1,2016,8,233,Summer,28.542857142857144,28.186666666666667,25.116164383561642,4.114285714285714,6.6899999999999995,29.0,27.8,31.2
2016-08-21,27.9,30.6,25.4,0.0,78,16.15,16.7,2016,8,234,Summer,28.571428571428573,28.086666666666666,25.116164383561642,2.1285714285714286,6.67,28.7,27.7,30.9
2016-08-22,27.9,31.6,24.2,0.0,79,19.2,16.1,2016,8,235,Summer,28.414285714285715,28.05666666666667,25.115342465753425,1.7571428571428573,6.503333333333333,27.9,29.0,28.8
2016-08-23,28.5,31.0,25.8,0.1,82,17.82,11.3,2016,8,236,Summer,28.271428571428572,28.046666666666667,25.114794520547946,1.657142857142857,6.403333333333333,27.9,29.5,28.8
2016-08-24,27.3,29.7,26.1,12.8,85,9.08,19.1,2016,8,237,Summer,28.157142857142855,27.983333333333334,25.108493150684932,3.4571428571428577,6.583333333333333,28.5,28.1,29.2
2016-08-25,28.4,32.3,25.5,1.3,85,20.74,11.0,2016,8,238,Summer,28.24285714285714,27.99666666666667,25.104109589041094,2.6285714285714286,6.486666666666667,27.3,27.8,28.0
2016-08-26,28.9,32.9,26.1,1.5,82,19.92,11.7,2016,8,239,Summer,28.228571428571428,28.05,25.102191780821915,2.657142857142857,6.320000000000001,28.4,29.0,27.3
2016-08-27,28.4,32.5,25.0,6.5,86,17.48,14.5,2016,8,240,Summer,28.185714285714287,28.10666666666667,25.09972602739726,3.1714285714285713,5.906666666666667,28.9,28.7,26.7
2016-08-28,29.0,32.9,26.3,6.3,84,19.92,12.3,2016,8,241,Summer,28.342857142857138,28.21333333333333,25.096712328767122,4.071428571428571,5.493333333333333,28.4,27.9,25.8
2016-08-29,27.5,31.7,25.5,13.7,89,12.65,12.2,2016,8,242,Summer,28.285714285714285,28.243333333333332,25.089589041095888,6.028571428571429,5.673333333333334,29.0,27.9,26.6
2016-08-30,27.1,31.4,24.4,24.3,88,12.03,7.5,2016,8,243,Summer,28.085714285714285,28.253333333333334,25.081369863013702,9.485714285714286,6.23,27.5,28.5,26.8
2016-08-31,26.8,30.0,25.0,18.5,91,11.85,9.4,2016,8,244,Summer,28.014285714285712,28.25,25.073972602739726,10.299999999999999,6.430000000000001,27.1,27.3,26.9
2016-09-01,27.0,31.3,24.5,7.3,88,13.17,8.8,2016,9,245,Autumn,27.814285714285713,28.233333333333334,25.068493150684933,11.157142857142858,6.320000000000001,26.8,28.4,27.5
2016-09-02,28.2,31.7,25.1,0.4,80,19.38,17.3,2016,9,246,Autumn,27.714285714285715,28.2,25.066027397260275,11.0,6.333333333333334,27.0,28.9,29.2
2016-09-03,28.2,31.3,25.6,0.2,74,20.58,21.4,2016,9,247,Autumn,27.685714285714287,28.153333333333332,25.061917808219178,10.1,6.180000000000001,28.2,28.4,29.6
2016-09-04,28.2,32.0,24.7,0.0,73,21.9,16.3,2016,9,248,Autumn,27.571428571428573,28.09,25.06027397260274,9.200000000000001,6.1433333333333335,28.2,29.0,30.1
2016-09-05,28.0,31.6,24.4,0.1,72,20.72,17.8,2016,9,249,Autumn,27.642857142857142,28.07,25.05835616438356,7.257142857142858,6.113333333333333,28.2,27.5,28.6
2016-09-06,28.3,31.6,25.3,0.0,70,20.83,21.5,2016,9,250,Autumn,27.814285714285713,28.05,25.056164383561644,3.7857142857142856,6.0233333333333325,28.0,27.1,28.9
2016-09-07,28.3,32.1,24.9,0.0,68,20.52,16.6,2016,9,251,Autumn,28.028571428571432,28.026666666666667,25.05369863013699,1.1428571428571428,5.866666666666666,28.3,26.8,29.0
2016-09-08,28.5,32.1,25.2,0.1,68,19.48,16.3,2016,9,252,Autumn,28.242857142857144,28.05,25.05123287671233,0.1142857142857143,5.659999999999999,28.3,27.0,27.8
2016-09-09,28.8,33.0,25.1,0.0,68,21.71,16.0,2016,9,253,Autumn,28.328571428571426,28.1,25.05041095890411,0.05714285714285715,5.31,28.5,28.2,27.3
2016-09-10,29.0,33.1,25.5,0.0,65,22.23,17.1,2016,9,254,Autumn,28.442857142857143,28.17,25.05041095890411,0.028571428571428574,4.84,28.8,28.2,26.9
2016-09-11,28.9,32.9,25.4,0.0,64,21.45,15.6,2016,9,255,Autumn,28.54285714285714,28.223333333333333,25.050410958904113,0.028571428571428574,4.4433333333333325,29.0,28.2,27.3
2016-09-12,28.8,32.5,25.5,0.0,65,19.43,16.2,2016,9,256,Autumn,28.657142857142862,28.256666666666668,25.04739726027397,0.014285714285714287,4.0633333333333335,28.9,28.0,27.8
2016-09-13,29.0,33.0,25.1,0.0,70,19.6,9.2,2016,9,257,Autumn,28.75714285714286,28.3,25.043287671232875,0.014285714285714287,3.6,28.8,28.3,27.7
2016-09-14,27.9,31.9,24.2,0.1,79,19.85,9.2,2016,9,258,Autumn,28.699999999999996,28.263333333333332,25.03698630136986,0.028571428571428574,3.5166666666666666,29.0,28.3,29.0
2016-09-15,28.7,33.1,25.0,0.0,75,20.17,8.8,2016,9,259,Autumn,28.728571428571428,28.236666666666665,25.03287671232877,0.014285714285714287,3.49,27.9,28.5,29.5
2016-09-16,29.1,33.6,25.2,0.0,73,21.02,11.6,2016,9,260,Autumn,28.771428571428572,28.269999999999996,25.031232876712334,0.014285714285714287,3.4833333333333334,28.7,28.8,28.1
2016-09-17,28.7,32.7,24.0,0.0,73,19.64,7.4,2016,9,261,Autumn,28.72857142857143,28.3,25.02958904109589,0.014285714285714287,3.2466666666666666,29.1,29.0,27.8
2016-09-18,28.7,33.0,24.5,0.0,76,20.01,11.2,2016,9,262,Autumn,28.7,28.29,25.03150684931507,0.014285714285714287,3.203333333333333,28.7,28.9,29.0
2016-09-19,29.0,33.2,24.4,0.0,74,19.22,6.9,2016,9,263,Autumn,28.728571428571428,28.299999999999997,25.03205479452055,0.014285714285714287,3.106666666666667,28.7,28.8,28.7
2016-09-20,30.0,34.6,25.3,0.0,67,19.9,7.6,2016,9,264,Autumn,28.87142857142857,28.369999999999997,25.037260273972603,0.014285714285714287,3.106666666666667,29.0,29.0,27.9
2016-09-21,29.6,34.4,26.1,0.0,72,19.23,15.9,2016,9,265,Autumn,29.11428571428571,28.426666666666666,25.04027397260274,0.0,3.106666666666667,30.0,27.9,27.9
2016-09-22,27.0,30.2,23.9,2.0,84,11.23,19.2,2016,9,266,Autumn,28.87142857142857,28.376666666666665,25.04027397260274,0.2857142857142857,3.17,29.6,28.7,28.5
2016-09-23,27.4,31.9,22.9,0.0,78,19.8,9.0,2016,9,267,Autumn,28.62857142857143,28.38,25.04164383561644,0.2857142857142857,2.743333333333333,27.0,29.1,27.3
2016-09-24,28.1,31.8,24.5,0.2,78,18.96,9.4,2016,9,268,Autumn,28.54285714285714,28.37,25.04602739726028,0.31428571428571433,2.7066666666666666,27.4,28.7,28.4
2016-09-25,27.6,31.7,23.6,0.0,76,18.51,9.0,2016,9,269,Autumn,28.385714285714283,28.326666666666664,25.047671232876713,0.31428571428571433,2.6566666666666667,28.1,28.7,28.9
2016-09-26,28.2,32.5,24.3,0.2,75,18.67,10.2,2016,9,270,Autumn,28.271428571428572,28.32,25.048767123287668,0.34285714285714286,2.4466666666666668,27.6,29.0,28.4
2016-09-27,28.5,32.8,24.4,0.0,75,18.76,10.7,2016,9,271,Autumn,28.057142857142857,28.303333333333335,25.053424657534247,0.34285714285714286,2.236666666666667,28.2,30.0,29.0
2016-09-28,29.1,33.7,24.2,0.0,70,19.09,9.8,2016,9,272,Autumn,27.985714285714288,28.35666666666667,25.06054794520548,0.34285714285714286,1.7800000000000002,28.5,29.6,27.5
2016-09-29,29.0,33.2,24.9,0.1,74,19.16,9.0,2016,9,273,Autumn,28.271428571428572,28.419999999999998,25.067397260273975,0.07142857142857142,0.9733333333333333,29.1,27.0,27.1
2016-09-30,29.1,33.5,24.4,0.0,72,19.27,8.2,2016,9,274,Autumn,28.514285714285712,28.496666666666666,25.075342465753426,0.07142857142857142,0.35666666666666663,29.0,27.4,26.8
2016-10-01,29.8,33.7,25.6,0.0,71,17.57,10.7,2016,10,275,Autumn,28.75714285714286,28.59,25.084383561643833,0.042857142857142864,0.11333333333333333,29.1,28.1,27.0
2016-10-02,29.7,33.8,26.3,0.3,73,17.46,9.3,2016,10,276,Autumn,29.057142857142857,28.639999999999997,25.09068493150685,0.08571428571428572,0.11,29.8,27.6,28.2
2016-10-03,29.3,33.1,25.4,1.7,77,14.99,12.2,2016,10,277,Autumn,29.214285714285715,28.67666666666667,25.094246575342464,0.3,0.16,29.7,28.2,28.2
2016-10-04,29.1,33.0,25.5,1.7,78,16.53,7.6,2016,10,278,Autumn,29.3,28.706666666666667,25.096438356164384,0.5428571428571428,0.21666666666666667,29.3,28.5,28.2
2016-10-05,28.0,31.4,24.7,7.7,81,13.36,8.5,2016,10,279,Autumn,29.142857142857142,28.706666666666667,25.095616438356164,1.6428571428571428,0.47000000000000003,29.1,29.1,28.0
2016-10-06,28.2,31.8,24.3,0.0,78,17.74,7.1,2016,10,280,Autumn,29.02857142857143,28.703333333333333,25.095342465753422,1.6285714285714286,0.47000000000000003,28.0,29.0,28.3
2016-10-07,28.5,33.6,24.2,0.0,72,18.71,11.7,2016,10,281,Autumn,28.942857142857147,28.709999999999997,25.095616438356164,1.6285714285714286,0.47000000000000003,28.2,29.1,28.3
2016-10-08,28.3,33.9,23.1,0.0,65,19.35,15.6,2016,10,282,Autumn,28.728571428571428,28.703333333333333,25.095616438356164,1.6285714285714286,0.4666666666666667,28.5,29.8,28.5
2016-10-09,28.1,34.0,21.7,0.0,64,18.53,10.0,2016,10,283,Autumn,28.5,28.68,25.094794520547946,1.5857142857142856,0.4666666666666667,28.3,29.7,28.8
2016-10-10,27.3,32.6,22.7,0.0,58,18.66,10.7,2016,10,284,Autumn,28.214285714285715,28.623333333333335,25.09232876712329,1.342857142857143,0.4666666666666667,28.1,29.3,29.0
2016-10-11,26.6,33.4,19.7,0.0,52,19.93,14.3,2016,10,285,Autumn,27.857142857142858,28.54666666666667,25.089041095890412,1.1,0.4666666666666667,27.3,29.1,28.9
2016-10-12,26.4,33.7,19.3,0.0,50,19.9,15.3,2016,10,286,Autumn,27.62857142857143,28.466666666666665,25.086301369863012,0.0,0.4666666666666667,26.6,28.0,28.8
2016-10-13,26.1,34.0,18.3,0.0,47,19.95,14.8,2016,10,287,Autumn,27.328571428571426,28.37,25.085205479452057,0.0,0.4666666666666667,26.4,28.2,29.0
2016-10-14,25.3,33.3,17.3,0.0,47,19.9,11.3,2016,10,288,Autumn,26.871428571428574,28.283333333333335,25.081643835616436,0.0,0.46333333333333326,26.1,28.5,27.9
2016-10-15,25.4,32.9,17.5,0.0,53,19.74,11.8,2016,10,289,Autumn,26.45714285714286,28.173333333333336,25.07698630136986,0.0,0.46333333333333326,25.3,28.3,28.7
2016-10-16,25.5,33.1,17.9,0.0,52,19.41,10.2,2016,10,290,Autumn,26.08571428571429,28.053333333333335,25.071780821917805,0.0,0.46333333333333326,25.4,28.1,29.1
2016-10-17,25.7,33.1,18.4,0.0,52,19.3,12.2,2016,10,291,Autumn,25.857142857142858,27.953333333333333,25.065753424657533,0.0,0.46333333333333326,25.5,27.3,28.7
2016-10-18,24.8,32.6,17.2,0.0,52,19.33,11.5,2016,10,292,Autumn,25.6,27.823333333333334,25.057808219178078,0.0,0.46333333333333326,25.7,26.6,28.7
2016-10-19,24.9,32.9,17.1,0.0,53,19.11,10.2,2016,10,293,Autumn,25.385714285714283,27.686666666666667,25.05095890410959,0.0,0.46333333333333326,24.8,26.4,29.0
2016-10-20,25.5,33.6,18.7,0.0,42,19.05,14.2,2016,10,294,Autumn,25.3,27.53666666666667,25.049041095890416,0.0,0.46333333333333326,24.9,26.1,30.0
2016-10-21,25.9,33.3,19.7,0.0,43,18.48,15.8,2016,10,295,Autumn,25.385714285714283,27.413333333333338,25.051780821917806,0.0,0.46333333333333326,25.5,25.3,29.6
2016-10-22,25.9,33.6,19.8,0.0,46,18.54,17.4,2016,10,296,Autumn,25.457142857142856,27.37666666666667,25.056438356164385,0.0,0.3966666666666666,25.9,25.4,27.0
2016-10-23,25.3,32.7,18.8,0.0,49,18.52,20.6,2016,10,297,Autumn,25.428571428571427,27.30666666666667,25.057260273972602,0.0,0.3966666666666666,25.9,25.5,27.4
2016-10-24,25.2,32.6,18.4,0.0,49,18.41,17.6,2016,10,298,Autumn,25.357142857142858,27.21,25.056164383561644,0.0,0.38999999999999996,25.3,25.7,28.1
2016-10-25,25.3,32.8,19.4,0.0,49,18.0,16.6,2016,10,299,Autumn,25.428571428571427,27.133333333333333,25.05698630136986,0.0,0.38999999999999996,25.2,24.8,27.6
2016-10-26,24.9,32.7,17.3,0.0,55,18.0,13.0,2016,10,300,Autumn,25.428571428571427,27.02333333333333,25.059452054794523,0.0,0.38333333333333336,25.3,24.9,28.2
2016-10-27,23.9,31.7,16.2,0.0,55,18.32,13.1,2016,10,301,Autumn,25.2,26.869999999999997,25.06876712328767,0.0,0.38333333333333336,24.9,25.5,28.5
2016-10-28,23.7,30.9,16.7,0.0,49,18.28,11.9,2016,10,302,Autumn,24.885714285714283,26.69,25.07643835616438,0.0,0.38333333333333336,23.9,25.9,29.1
2016-10-29,23.8,30.9,17.9,0.0,50,17.89,8.9,2016,10,303,Autumn,24.585714285714285,26.516666666666666,25.08301369863014,0.0,0.37999999999999995,23.7,25.9,29.0
2016-10-30,23.3,30.2,16.4,0.0,62,16.65,9.4,2016,10,304,Autumn,24.300000000000004,26.323333333333334,25.086027397260274,0.0,0.37999999999999995,23.8,25.3,29.1
2016-10-31,23.6,29.6,18.8,0.0,62,17.41,9.6,2016,10,305,Autumn,24.071428571428573,26.116666666666667,25.086301369863012,0.0,0.37999999999999995,23.3,25.2,29.8
2016-11-01,22.7,29.3,15.8,0.0,64,17.43,9.6,2016,11,306,Autumn,23.699999999999996,25.883333333333333,25.0841095890411,0.0,0.37000000000000005,23.6,25.3,29.7
2016-11-02,23.1,29.7,16.2,0.0,64,17.19,9.4,2016,11,307,Autumn,23.442857142857147,25.676666666666666,25.083835616438353,0.0,0.3133333333333333,22.7,24.9,29.3
2016-11-03,23.1,29.7,15.5,0.0,63,17.16,8.2,2016,11,308,Autumn,23.32857142857143,25.476666666666667,25.083013698630136,0.0,0.25666666666666665,23.1,23.9,29.1
2016-11-04,22.6,29.8,15.4,0.0,63,17.02,10.9,2016,11,309,Autumn,23.171428571428574,25.296666666666667,25.081917808219178,0.0,0.0,23.1,23.7,28.0
2016-11-05,22.5,29.5,15.7,0.0,62,16.73,15.0,2016,11,310,Autumn,22.985714285714288,25.10666666666667,25.080273972602736,0.0,0.0,22.6,23.8,28.2
2016-11-06,22.3,29.5,15.0,0.0,60,16.99,10.8,2016,11,311,Autumn,22.842857142857145,24.9,25.08,0.0,0.0,22.5,23.3,28.5
2016-11-07,22.1,29.5,15.6,0.0,57,16.84,16.3,2016,11,312,Autumn,22.62857142857143,24.69333333333333,25.07780821917808,0.0,0.0,22.3,23.6,28.3
2016-11-08,22.4,29.3,17.1,0.0,50,17.1,17.7,2016,11,313,Autumn,22.58571428571429,24.503333333333334,25.076164383561643,0.0,0.0,22.1,22.7,28.1
2016-11-09,21.7,29.5,15.1,0.0,51,17.05,13.9,2016,11,314,Autumn,22.385714285714283,24.316666666666666,25.073424657534243,0.0,0.0,22.4,23.1,27.3
2016-11-10,21.0,29.3,13.3,0.0,59,16.82,10.0,2016,11,315,Autumn,22.085714285714285,24.13,25.07013698630137,0.0,0.0,21.7,23.1,26.6
2016-11-11,21.0,28.9,13.7,0.0,64,16.53,9.5,2016,11,316,Autumn,21.857142857142858,23.95,25.067123287671233,0.0,0.0,21.0,22.6,26.4
2016-11-12,21.7,29.3,14.7,0.0,60,16.24,10.0,2016,11,317,Autumn,21.74285714285714,23.80333333333333,25.064657534246578,0.0,0.0,21.0,22.5,26.1
2016-11-13,21.9,28.5,15.6,0.0,58,15.3,8.7,2016,11,318,Autumn,21.685714285714283,23.69,25.06109589041096,0.0,0.0,21.7,22.3,25.3
2016-11-14,21.9,27.7,17.0,0.0,61,12.33,8.0,2016,11,319,Autumn,21.657142857142855,23.573333333333334,25.05780821917808,0.0,0.0,21.9,22.1,25.4
2016-11-15,21.4,27.2,16.9,0.0,52,14.76,9.4,2016,11,320,Autumn,21.514285714285712,23.436666666666667,25.05369863013699,0.0,0.0,21.9,22.4,25.5
2016-11-16,20.1,27.1,14.0,0.0,52,16.03,12.5,2016,11,321,Autumn,21.285714285714285,23.25,25.052876712328764,0.0,0.0,21.4,21.7,25.7
2016-11-17,20.1,27.5,14.0,0.0,50,16.14,18.4,2016,11,322,Autumn,21.157142857142855,23.093333333333337,25.055890410958902,0.0,0.0,20.1,21.0,24.8
2016-11-18,20.1,27.1,14.4,0.0,55,15.86,14.1,2016,11,323,Autumn,21.02857142857143,22.933333333333334,25.057260273972606,0.0,0.0,20.1,21.0,24.9
2016-11-19,19.6,26.9,13.1,0.0,58,15.82,9.5,2016,11,324,Autumn,20.728571428571428,22.736666666666668,25.05808219178082,0.0,0.0,20.1,21.7,25.5
2016-11-20,19.7,27.6,13.2,0.0,62,15.64,10.1,2016,11,325,Autumn,20.414285714285715,22.529999999999998,25.0586301369863,0.0,0.0,19.6,21.9,25.9
2016-11-21,20.4,28.7,13.0,0.0,60,15.64,10.8,2016,11,326,Autumn,20.2,22.346666666666668,25.062191780821916,0.0,0.0,19.7,21.9,25.9
2016-11-22,20.6,28.8,13.2,0.0,53,15.51,14.9,2016,11,327,Autumn,20.08571428571429,22.19,25.067123287671233,0.0,0.0,20.4,21.4,25.3
2016-11-23,20.7,28.1,14.8,0.0,58,15.5,12.2,2016,11,328,Autumn,20.17142857142857,22.04,25.070684931506854,0.0,0.0,20.6,20.1,25.2
2016-11-24,20.0,27.8,13.0,0.0,56,15.31,15.5,2016,11,329,Autumn,20.157142857142855,21.863333333333333,25.07178082191781,0.0,0.0,20.7,20.1,25.3
2016-11-25,21.3,28.7,15.3,0.0,43,15.24,23.1,2016,11,330,Autumn,20.32857142857143,21.743333333333336,25.075616438356164,0.0,0.0,20.0,20.1,24.9
2016-11-26,22.0,29.4,16.9,0.0,39,15.19,22.4,2016,11,331,Autumn,20.67142857142857,21.680000000000003,25.083013698630136,0.0,0.0,21.3,19.6,23.9
2016-11-27,21.5,29.2,15.7,0.0,42,15.11,20.8,2016,11,332,Autumn,20.928571428571427,21.60666666666667,25.08739726027397,0.0,0.0,22.0,19.7,23.7
2016-11-28,21.0,28.1,16.1,0.0,41,15.16,16.0,2016,11,333,Autumn,21.014285714285712,21.513333333333335,25.091232876712326,0.0,0.0,21.5,20.4,23.8
2016-11-29,18.7,26.5,11.2,0.0,55,14.99,9.7,2016,11,334,Autumn,20.74285714285714,21.36,25.085205479452057,0.0,0.0,21.0,20.6,23.3
2016-11-30,19.1,26.3,12.2,0.0,71,14.55,9.6,2016,11,335,Autumn,20.514285714285712,21.209999999999997,25.08082191780822,0.0,0.0,18.7,20.7,23.6
2016-12-01,19.9,26.0,14.2,0.0,75,14.21,9.2,2016,12,336,Winter,20.5,21.116666666666667,25.08164383561644,0.0,0.0,19.1,20.0,22.7
2016-12-02,19.3,25.3,13.7,0.0,72,14.54,9.2,2016,12,337,Winter,20.214285714285715,20.990000000000002,25.084657534246574,0.0,0.0,19.9,21.3,23.1
2016-12-03,18.2,25.6,11.5,0.0,62,14.88,8.0,2016,12,338,Winter,19.67142857142857,20.826666666666664,25.083835616438357,0.0,0.0,19.3,22.0,23.1
2016-12-04,17.7,25.2,10.8,0.0,59,14.71,9.7,2016,12,339,Winter,19.12857142857143,20.663333333333334,25.083561643835615,0.0,0.0,18.2,21.5,22.6
2016-12-05,18.0,25.3,11.3,0.0,63,14.5,10.6,2016,12,340,Winter,18.7,20.513333333333332,25.082739726027395,0.0,0.0,17.7,21.0,22.5
2016-12-06,18.2,25.2,11.4,0.0,68,14.39,9.1,2016,12,341,Winter,18.62857142857143,20.37666666666667,25.081917808219178,0.0,0.0,18.0,18.7,22.3
2016-12-07,18.2,24.7,11.0,0.0,72,14.34,6.6,2016,12,342,Winter,18.5,20.246666666666666,25.08082191780822,0.0,0.0,18.2,19.1,22.1
2016-12-08,17.8,24.4,10.9,0.0,73,14.28,7.0,2016,12,343,Winter,18.2,20.093333333333337,25.07945205479452,0.0,0.0,18.2,19.9,22.4
2016-12-09,18.2,25.2,11.4,0.0,71,14.14,8.8,2016,12,344,Winter,18.04285714285714,19.976666666666667,25.07643835616438,0.0,0.0,17.8,19.3,21.7
2016-12-10,18.6,25.6,11.8,0.0,74,13.81,9.4,2016,12,345,Winter,18.099999999999998,19.896666666666665,25.07890410958904,0.0,0.0,18.2,18.2,21.0
2016-12-11,19.2,25.7,12.7,0.0,71,13.9,9.6,2016,12,346,Winter,18.314285714285717,19.836666666666666,25.091232876712333,0.0,0.0,18.6,17.7,21.0
2016-12-12,18.7,25.4,12.4,0.0,68,14.13,9.5,2016,12,347,Winter,18.414285714285715,19.736666666666668,25.103561643835615,0.0,0.0,19.2,18.0,21.7
2016-12-13,18.1,24.4,12.2,0.0,72,13.0,12.1,2016,12,348,Winter,18.400000000000002,19.61,25.115616438356163,0.0,0.0,18.7,18.2,21.9
2016-12-14,17.4,23.8,12.5,0.0,69,14.07,12.0,2016,12,349,Winter,18.285714285714285,19.459999999999997,25.126027397260273,0.0,0.0,18.1,18.2,21.9
2016-12-15,16.4,23.3,10.9,0.0,61,14.39,18.0,2016,12,350,Winter,18.085714285714285,19.293333333333333,25.135616438356163,0.0,0.0,17.4,17.8,21.4
2016-12-16,15.3,22.6,8.4,0.0,64,14.26,9.9,2016,12,351,Winter,17.67142857142857,19.133333333333333,25.1413698630137,0.0,0.0,16.4,18.2,20.1
2016-12-17,15.3,22.3,9.1,0.0,66,14.04,11.0,2016,12,352,Winter,17.2,18.973333333333333,25.14684931506849,0.0,0.0,15.3,18.6,20.1
2016-12-18,15.0,22.1,9.0,0.0,64,14.52,10.5,2016,12,353,Winter,16.6,18.803333333333335,25.15068493150685,0.0,0.0,15.3,19.2,20.1
2016-12-19,15.3,23.1,8.7,0.0,63,14.48,15.1,2016,12,354,Winter,16.114285714285714,18.660000000000004,25.156438356164383,0.0,0.0,15.0,18.7,19.6
2016-12-20,17.2,24.3,12.1,0.0,57,14.56,21.1,2016,12,355,Winter,15.985714285714284,18.576666666666664,25.16739726027397,0.0,0.0,15.3,18.1,19.7
2016-12-21,17.3,24.9,11.7,0.0,52,14.68,18.2,2016,12,356,Winter,15.971428571428572,18.473333333333336,25.17808219178082,0.0,0.0,17.2,17.4,20.4
2016-12-22,16.5,23.1,9.9,0.0,60,14.39,11.8,2016,12,357,Winter,15.985714285714286,18.336666666666666,25.187671232876713,0.0,0.0,17.3,16.4,20.6
2016-12-23,16.7,23.8,10.3,0.0,68,14.35,5.7,2016,12,358,Winter,16.185714285714287,18.203333333333333,25.19808219178082,0.0,0.0,16.5,15.3,20.7
2016-12-24,16.1,23.8,9.5,0.0,73,14.06,12.7,2016,12,359,Winter,16.3,18.073333333333334,25.20904109589041,0.0,0.0,16.7,15.3,20.0
2016-12-25,16.2,21.6,11.9,0.0,78,13.51,13.4,2016,12,360,Winter,16.47142857142857,17.903333333333332,25.215890410958906,0.0,0.0,16.1,15.0,21.3
2016-12-26,16.1,22.6,11.4,0.0,73,14.16,13.5,2016,12,361,Winter,16.585714285714285,17.706666666666663,25.217534246575347,0.0,0.0,16.2,15.3,22.0
2016-12-27,15.7,22.9,9.7,0.0,63,14.4,12.7,2016,12,362,Winter,16.37142857142857,17.513333333333332,25.213698630136985,0.0,0.0,16.1,17.2,21.5
2016-12-28,15.8,23.4,8.4,0.0,68,13.96,9.2,2016,12,363,Winter,16.15714285714286,17.339999999999996,25.21013698630137,0.0,0.0,15.7,17.3,21.0
2016-12-29,15.8,23.0,9.6,0.0,76,13.76,10.5,2016,12,364,Winter,16.057142857142857,17.243333333333332,25.20876712328767,0.0,0.0,15.8,16.5,18.7
2016-12-30,16.0,22.1,11.2,0.0,80,13.98,11.9,2016,12,365,Winter,15.957142857142857,17.14,25.210684931506847,0.0,0.0,15.8,16.7,19.1
2016-12-31,15.6,21.5,10.6,0.0,79,13.53,13.2,2016,12,366,Winter,15.885714285714284,16.996666666666666,25.21260273972603,0.0,0.0,16.0,16.1,19.9
2017-01-01,15.7,22.0,11.3,0.0,80,12.09,13.0,2017,1,1,Winter,15.814285714285715,16.87666666666667,25.216164383561644,0.0,0.0,15.6,16.2,19.3
2017-01-02,15.5,21.7,10.7,0.0,82,12.45,10.8,2017,1,2,Winter,15.728571428571428,16.786666666666665,25.21753424657534,0.0,0.0,15.7,16.1,18.2
2017-01-03,16.1,22.5,10.4,0.0,75,13.48,9.4,2017,1,3,Winter,15.785714285714286,16.733333333333334,25.21753424657534,0.0,0.0,15.5,15.7,17.7
2017-01-04,16.6,23.0,10.3,0.0,74,13.88,9.7,2017,1,4,Winter,15.9,16.686666666666667,25.213424657534247,0.0,0.0,16.1,15.8,18.0
2017-01-05,16.7,23.4,10.9,0.0,78,14.08,9.6,2017,1,5,Winter,16.02857142857143,16.636666666666667,25.209041095890413,0.0,0.0,16.6,15.8,18.2
2017-01-06,16.8,23.0,12.4,1.8,77,13.05,18.1,2017,1,6,Winter,16.142857142857142,16.59,25.206301369863013,0.2571428571428572,0.060000000000000005,16.7,16.0,18.2
2017-01-07,14.6,19.4,11.4,5.4,87,9.23,16.0,2017,1,7,Winter,16.0,16.483333333333334,25.199452054794524,1.0285714285714287,0.24000000000000002,16.8,15.6,17.8
2017-01-08,13.6,18.4,10.6,0.0,81,12.07,11.4,2017,1,8,Winter,15.700000000000001,16.330000000000002,25.19369863013699,1.0285714285714287,0.24000000000000002,14.6,15.7,18.2
2017-01-09,13.0,19.2,8.4,0.0,72,14.67,12.4,2017,1,9,Winter,15.342857142857143,16.143333333333334,25.186575342465755,1.0285714285714287,0.24000000000000002,13.6,15.5,18.6
2017-01-10,11.0,16.7,6.4,0.0,60,15.53,17.6,2017,1,10,Winter,14.614285714285716,15.870000000000001,25.172328767123293,1.0285714285714287,0.24000000000000002,13.0,16.1,19.2
2017-01-11,9.7,16.0,4.6,0.0,58,15.41,17.1,2017,1,11,Winter,13.62857142857143,15.57,25.153698630136986,1.0285714285714287,0.24000000000000002,11.0,16.6,18.7
2017-01-12,10.1,16.9,4.2,0.0,64,15.41,11.8,2017,1,12,Winter,12.685714285714285,15.303333333333333,25.137534246575346,1.0285714285714287,0.24000000000000002,9.7,16.7,18.1
2017-01-13,10.5,17.9,5.0,0.0,66,15.54,12.0,2017,1,13,Winter,11.785714285714286,15.073333333333332,25.12684931506849,0.7714285714285715,0.24000000000000002,10.1,16.8,17.4
2017-01-14,11.3,18.5,4.4,0.0,64,15.17,10.7,2017,1,14,Winter,11.314285714285715,14.903333333333332,25.121369863013697,0.0,0.24000000000000002,10.5,14.6,16.4
2017-01-15,13.8,20.3,8.3,0.0,63,15.24,10.5,2017,1,15,Winter,11.342857142857142,14.853333333333333,25.123287671232877,0.0,0.24000000000000002,11.3,13.6,15.3
2017-01-16,14.5,19.6,10.5,0.2,62,14.92,15.5,2017,1,16,Winter,11.557142857142855,14.826666666666666,25.127945205479453,0.028571428571428574,0.24666666666666667,13.8,13.0,15.3
2017-01-17,10.7,16.6,6.0,0.0,76,15.42,12.3,2017,1,17,Winter,11.514285714285714,14.683333333333334,25.122739726027394,0.028571428571428574,0.24666666666666667,14.5,11.0,15.0
2017-01-18,11.5,19.1,5.2,0.0,73,15.71,11.1,2017,1,18,Winter,11.771428571428572,14.556666666666667,25.119726027397256,0.028571428571428574,0.24666666666666667,10.7,9.7,15.3
2017-01-19,12.9,20.8,7.1,0.0,66,15.69,16.4,2017,1,19,Winter,12.171428571428573,14.413333333333334,25.121643835616442,0.028571428571428574,0.24666666666666667,11.5,10.1,17.2
2017-01-20,12.0,19.3,6.5,0.0,68,14.68,14.7,2017,1,20,Winter,12.385714285714286,14.236666666666668,25.1227397260274,0.028571428571428574,0.24666666666666667,12.9,10.5,17.3
2017-01-21,13.2,19.8,7.3,0.1,66,11.92,12.1,2017,1,21,Winter,12.657142857142857,14.126666666666667,25.127397260273973,0.042857142857142864,0.25,12.0,11.3,16.5
2017-01-22,15.7,22.9,9.7,0.0,73,15.21,9.7,2017,1,22,Winter,12.928571428571429,14.093333333333334,25.136438356164387,0.042857142857142864,0.25,13.2,13.8,16.7
2017-01-23,16.3,23.5,10.6,0.0,71,15.67,12.8,2017,1,23,Winter,13.185714285714287,14.1,25.14767123287671,0.014285714285714287,0.25,15.7,14.5,16.1
2017-01-24,16.9,24.9,10.4,0.0,71,15.18,10.2,2017,1,24,Winter,14.071428571428571,14.123333333333333,25.164383561643834,0.014285714285714287,0.25,16.3,10.7,16.2
2017-01-25,18.4,25.2,13.7,12.8,75,11.6,22.0,2017,1,25,Winter,15.057142857142859,14.2,25.179178082191786,1.842857142857143,0.6766666666666666,16.9,11.5,16.1
2017-01-26,16.3,19.0,13.7,33.3,90,3.52,19.1,2017,1,26,Winter,15.542857142857143,14.219999999999999,25.18082191780822,6.6,1.7866666666666664,18.4,12.9,15.7
2017-01-27,14.7,17.9,12.4,1.8,81,10.79,19.4,2017,1,27,Winter,15.928571428571429,14.183333333333334,25.177808219178086,6.857142857142856,1.8466666666666665,16.3,12.0,15.8
2017-01-28,14.2,19.7,10.1,0.0,82,16.1,13.6,2017,1,28,Winter,16.071428571428573,14.13,25.16986301369863,6.842857142857142,1.8466666666666665,14.7,13.2,15.8
2017-01-29,14.9,21.0,11.0,0.0,82,16.51,16.9,2017,1,29,Winter,15.957142857142857,14.093333333333332,25.15753424657534,6.842857142857142,1.8466666666666665,14.2,15.7,16.0
2017-01-30,14.8,20.8,10.1,0.0,84,16.49,8.7,2017,1,30,Winter,15.742857142857144,14.066666666666666,25.150410958904107,6.842857142857142,1.8466666666666665,14.9,16.3,15.6
2017-01-31,15.6,21.2,11.1,0.0,84,14.65,12.5,2017,1,31,Winter,15.557142857142859,14.063333333333334,25.151506849315073,6.842857142857142,1.8466666666666665,14.8,16.9,15.7
2017-02-01,14.7,20.6,9.8,0.0,81,16.89,11.7,2017,2,32,Winter,15.028571428571427,14.036666666666667,25.152876712328766,5.014285714285713,1.8466666666666665,15.6,18.4,15.5
2017-02-02,14.7,21.4,9.2,0.0,79,16.91,11.0,2017,2,33,Winter,14.799999999999999,13.99,25.153424657534245,0.2571428571428572,1.8466666666666665,14.7,16.3,16.1
2017-02-03,14.7,22.2,9.3,0.0,82,15.98,10.1,2017,2,34,Winter,14.8,13.926666666666668,25.153150684931507,0.0,1.8466666666666665,14.7,14.7,16.6
2017-02-04,16.8,22.6,11.7,0.0,79,14.95,22.2,2017,2,35,Winter,15.171428571428573,13.93,25.1586301369863,0.0,1.8466666666666665,14.7,14.2,16.7
2017-02-05,17.7,21.8,14.6,3.2,79,13.5,23.5,2017,2,36,Winter,15.571428571428571,13.96,25.163835616438355,0.4571428571428572,1.8933333333333333,16.8,14.9,16.8
2017-02-06,16.2,21.8,11.8,0.1,78,16.69,16.8,2017,2,37,Winter,15.771428571428572,14.013333333333332,25.166027397260276,0.4714285714285715,1.7166666666666663,17.7,14.8,14.6
2017-02-07,14.3,20.0,9.7,0.0,73,17.88,16.8,2017,2,38,Winter,15.585714285714287,14.036666666666665,25.164109589041097,0.4714285714285715,1.7166666666666663,16.2,15.6,13.6
2017-02-08,14.8,21.4,9.2,0.0,73,17.9,10.8,2017,2,39,Winter,15.6,14.096666666666666,25.161095890410962,0.4714285714285715,1.7166666666666663,14.3,14.7,13.0
2017-02-09,14.7,20.7,9.5,0.0,72,17.83,17.7,2017,2,40,Winter,15.6,14.219999999999999,25.15671232876712,0.4714285714285715,1.7166666666666663,14.8,14.7,11.0
2017-02-10,14.5,21.1,9.9,0.0,68,18.55,18.9,2017,2,41,Winter,15.571428571428571,14.379999999999999,25.148219178082186,0.4714285714285715,1.7166666666666663,14.7,14.7,9.7
2017-02-11,14.0,21.4,8.0,0.0,70,18.82,11.2,2017,2,42,Winter,15.171428571428573,14.51,25.14109589041096,0.4714285714285715,1.7166666666666663,14.5,16.8,10.1
2017-02-12,15.0,22.1,8.4,0.0,72,18.62,10.8,2017,2,43,Winter,14.785714285714286,14.66,25.13808219178082,0.014285714285714287,1.7166666666666663,14.0,17.7,10.5
2017-02-13,15.8,23.0,9.9,0.0,68,18.98,12.7,2017,2,44,Winter,14.72857142857143,14.81,25.137808219178087,0.0,1.7166666666666663,15.0,16.2,11.3
2017-02-14,16.4,24.0,10.2,0.0,65,19.05,14.5,2017,2,45,Winter,15.028571428571427,14.896666666666667,25.13972602739726,0.0,1.7166666666666663,15.8,14.3,13.8
2017-02-15,17.6,25.1,11.1,0.0,65,18.73,13.2,2017,2,46,Winter,15.428571428571429,15.0,25.14438356164384,0.0,1.71,16.4,14.8,14.5
2017-02-16,19.9,27.4,13.3,0.0,61,18.42,18.3,2017,2,47,Winter,16.17142857142857,15.306666666666667,25.14958904109589,0.0,1.71,17.6,14.7,10.7
2017-02-17,20.1,27.2,15.0,0.0,64,14.4,16.4,2017,2,48,Winter,16.97142857142857,15.593333333333334,25.148493150684935,0.0,1.71,19.9,14.5,11.5
2017-02-18,20.6,28.5,14.2,0.0,66,18.65,15.6,2017,2,49,Winter,17.914285714285715,15.85,25.142739726027397,0.0,1.71,20.1,14.0,12.9
2017-02-19,21.5,28.6,15.1,0.0,62,18.41,16.0,2017,2,50,Winter,18.842857142857145,16.166666666666668,25.14191780821918,0.0,1.71,20.6,15.0,12.0
2017-02-20,22.4,29.4,16.4,0.0,63,18.08,15.5,2017,2,51,Winter,19.785714285714285,16.473333333333333,25.150410958904107,0.0,1.7066666666666666,21.5,15.8,13.2
2017-02-21,19.4,25.4,14.7,0.0,64,18.13,18.1,2017,2,52,Winter,20.214285714285715,16.596666666666668,25.15205479452055,0.0,1.7066666666666666,22.4,16.4,15.7
2017-02-22,18.9,25.5,12.9,0.0,57,20.14,11.8,2017,2,53,Winter,20.400000000000002,16.683333333333334,25.151506849315066,0.0,1.7066666666666666,19.4,17.6,16.3
2017-02-23,17.9,24.7,11.4,0.0,44,20.7,22.7,2017,2,54,Winter,20.11428571428571,16.716666666666665,25.149589041095886,0.0,1.7066666666666666,18.9,19.9,16.9
2017-02-24,18.3,25.2,12.4,0.0,37,20.84,27.3,2017,2,55,Winter,19.857142857142858,16.71333333333333,25.146027397260276,0.0,1.2799999999999998,17.9,20.1,18.4
2017-02-25,19.3,26.8,13.1,0.0,39,20.48,24.5,2017,2,56,Winter,19.67142857142857,16.813333333333336,25.142191780821918,0.0,0.16999999999999976,18.3,20.6,16.3
2017-02-26,18.8,26.4,12.9,0.0,46,20.94,20.7,2017,2,57,Winter,19.285714285714285,16.95,25.137260273972604,0.0,0.10999999999999978,19.3,21.5,14.7
2017-02-27,19.4,27.4,12.2,0.0,48,20.76,16.2,2017,2,58,Winter,18.857142857142858,17.12333333333333,25.13150684931507,0.0,0.10999999999999975,18.8,22.4,14.2
2017-02-28,22.0,29.2,15.3,0.0,47,19.79,9.8,2017,2,59,Winter,19.228571428571428,17.36,25.131780821917808,0.0,0.10999999999999975,19.4,19.4,14.9
2017-03-01,22.2,28.0,18.4,2.9,56,18.26,11.8,2017,3,60,Spring,19.7,17.60666666666667,25.130958904109587,0.41428571428571426,0.20666666666666642,22.0,18.9,14.8
2017-03-02,20.3,27.6,14.5,1.3,62,19.11,14.0,2017,3,61,Spring,20.04285714285714,17.763333333333332,25.1227397260274,0.6,0.24999999999999975,22.2,17.9,15.6
2017-03-03,19.7,26.4,13.5,0.0,46,20.11,16.9,2017,3,62,Spring,20.24285714285714,17.930000000000003,25.112328767123287,0.6,0.24999999999999975,20.3,18.3,14.7
2017-03-04,18.4,25.1,12.2,0.0,43,22.04,17.3,2017,3,63,Spring,20.114285714285717,18.053333333333335,25.097534246575343,0.6,0.24999999999999975,19.7,19.3,14.7
2017-03-05,18.8,26.7,12.0,0.0,43,21.97,20.9,2017,3,64,Spring,20.114285714285717,18.189999999999998,25.087671232876712,0.6,0.24999999999999975,18.4,18.8,14.7
2017-03-06,19.4,26.9,12.5,0.0,43,21.76,19.2,2017,3,65,Spring,20.11428571428571,18.276666666666664,25.08547945205479,0.6,0.24999999999999975,18.8,19.4,16.8
2017-03-07,20.5,27.5,13.5,0.0,46,19.86,14.7,2017,3,66,Spring,19.9,18.369999999999997,25.083287671232874,0.6,0.1433333333333331,19.4,22.0,17.7
2017-03-08,20.5,25.9,16.5,1.2,50,19.1,21.3,2017,3,67,Spring,19.657142857142855,18.513333333333332,25.08,0.35714285714285715,0.17999999999999977,20.5,22.2,16.2
2017-03-09,19.1,25.9,14.1,0.3,64,19.14,14.6,2017,3,68,Spring,19.485714285714288,18.673333333333332,25.073424657534243,0.21428571428571427,0.18999999999999978,20.5,20.3,14.3
2017-03-10,17.1,22.6,13.3,12.1,77,18.52,17.5,2017,3,69,Spring,19.114285714285717,18.75,25.0586301369863,1.9428571428571428,0.5933333333333332,19.1,19.7,14.8
2017-03-11,16.1,21.7,12.0,1.3,76,20.11,19.2,2017,3,70,Spring,18.785714285714285,18.796666666666667,25.038904109589044,2.1285714285714286,0.6366666666666664,17.1,18.4,14.7
2017-03-12,15.9,21.6,10.3,0.0,63,22.36,17.3,2017,3,71,Spring,18.37142857142857,18.84333333333333,25.024383561643834,2.1285714285714286,0.6366666666666664,16.1,18.8,14.5
2017-03-13,16.2,22.8,10.3,0.0,53,23.11,17.8,2017,3,72,Spring,17.914285714285715,18.916666666666668,25.010684931506848,2.1285714285714286,0.6366666666666664,15.9,19.4,14.0
2017-03-14,17.5,24.5,9.7,0.0,53,21.55,12.5,2017,3,73,Spring,17.485714285714288,19.0,25.001917808219176,2.1285714285714286,0.6366666666666664,16.2,20.5,15.0
2017-03-15,18.9,26.9,11.3,0.0,54,22.96,15.3,2017,3,74,Spring,17.257142857142856,19.103333333333335,24.996712328767128,1.9571428571428573,0.6366666666666664,17.5,20.5,15.8
2017-03-16,20.3,27.2,13.6,0.0,52,19.38,15.2,2017,3,75,Spring,17.428571428571427,19.233333333333334,24.995342465753424,1.9142857142857144,0.6366666666666664,18.9,19.1,16.4
2017-03-17,19.8,26.4,13.8,0.0,56,23.03,21.1,2017,3,76,Spring,17.814285714285713,19.30666666666667,24.98712328767123,0.18571428571428572,0.6366666666666664,20.3,17.1,17.6
2017-03-18,20.5,27.9,13.7,0.0,50,23.02,11.3,2017,3,77,Spring,18.442857142857143,19.326666666666668,24.97808219178082,0.0,0.6366666666666664,19.8,16.1,19.9
2017-03-19,21.5,29.4,15.9,1.3,55,20.97,19.2,2017,3,78,Spring,19.24285714285714,19.373333333333335,24.971232876712328,0.18571428571428572,0.6799999999999997,20.5,15.9,20.1
2017-03-20,21.8,29.5,15.2,0.0,56,24.02,19.3,2017,3,79,Spring,20.042857142857144,19.413333333333334,24.963287671232877,0.18571428571428572,0.6799999999999997,21.5,16.2,20.6
2017-03-21,23.5,32.1,16.0,0.0,48,23.44,16.8,2017,3,80,Spring,20.900000000000002,19.48,24.962191780821918,0.18571428571428572,0.6799999999999997,21.8,17.5,21.5
2017-03-22,25.5,33.9,18.0,0.0,48,23.58,18.0,2017,3,81,Spring,21.842857142857145,19.583333333333332,24.97041095890411,0.18571428571428572,0.6799999999999997,23.5,18.9,22.4
2017-03-23,25.8,34.6,17.8,0.2,50,22.28,23.2,2017,3,82,Spring,22.628571428571426,19.796666666666667,24.976712328767125,0.21428571428571427,0.6866666666666663,25.5,20.3,19.4
2017-03-24,26.0,33.4,19.4,0.0,47,23.42,16.9,2017,3,83,Spring,23.514285714285716,20.033333333333335,24.97945205479452,0.21428571428571427,0.6866666666666663,25.8,19.8,18.9
2017-03-25,25.4,32.7,17.6,0.0,41,24.03,20.7,2017,3,84,Spring,24.214285714285715,20.283333333333335,24.976438356164383,0.21428571428571427,0.6866666666666663,26.0,20.5,17.9
2017-03-26,26.7,34.0,19.7,0.0,38,24.27,23.0,2017,3,85,Spring,24.95714285714286,20.563333333333333,24.98054794520548,0.028571428571428574,0.6866666666666663,25.4,21.5,18.3
2017-03-27,28.4,36.0,21.7,0.0,40,24.12,26.5,2017,3,86,Spring,25.9,20.866666666666667,24.990684931506852,0.028571428571428574,0.6866666666666663,26.7,21.8,19.3
2017-03-28,28.9,36.8,21.3,0.0,43,24.06,19.6,2017,3,87,Spring,26.67142857142857,21.203333333333333,25.002739726027396,0.028571428571428574,0.6866666666666663,28.4,23.5,18.8
2017-03-29,29.7,37.4,22.7,0.0,39,23.91,20.4,2017,3,88,Spring,27.27142857142857,21.546666666666667,25.015068493150686,0.028571428571428574,0.6866666666666663,28.9,25.5,19.4
2017-03-30,29.8,37.3,22.8,0.0,36,24.42,20.2,2017,3,89,Spring,27.842857142857138,21.80666666666667,25.024109589041093,0.0,0.6866666666666663,29.7,25.8,22.0
2017-03-31,30.0,37.3,22.9,0.0,39,23.5,12.4,2017,3,90,Spring,28.41428571428571,22.066666666666666,25.02958904109589,0.0,0.5899999999999996,29.8,26.0,22.2
2017-04-01,29.8,37.7,22.4,0.0,35,21.66,25.1,2017,4,91,Spring,29.042857142857144,22.383333333333333,25.031232876712327,0.0,0.5466666666666664,30.0,25.4,20.3
2017-04-02,29.4,37.0,22.2,0.0,29,25.05,20.2,2017,4,92,Spring,29.428571428571427,22.706666666666663,25.02986301369863,0.0,0.5466666666666664,29.8,26.7,19.7
2017-04-03,29.1,37.5,21.3,0.0,31,23.54,20.1,2017,4,93,Spring,29.528571428571432,23.063333333333333,25.0241095890411,0.0,0.5466666666666664,29.4,28.4,18.4
2017-04-04,29.0,36.5,21.2,0.0,32,24.0,16.6,2017,4,94,Spring,29.542857142857144,23.403333333333332,25.02109589041096,0.0,0.5466666666666664,29.1,28.9,18.8
2017-04-05,28.3,34.6,23.2,1.1,41,19.81,30.5,2017,4,95,Spring,29.342857142857145,23.7,25.019178082191782,0.15714285714285717,0.5833333333333331,29.0,29.7,19.4
2017-04-06,28.7,36.4,21.0,0.0,40,25.44,23.7,2017,4,96,Spring,29.185714285714287,23.973333333333336,25.020000000000003,0.15714285714285717,0.5833333333333331,28.3,29.8,20.5
2017-04-07,26.4,33.2,19.2,0.0,40,25.3,18.4,2017,4,97,Spring,28.67142857142857,24.17,25.018082191780824,0.15714285714285717,0.543333333333333,28.7,30.0,20.5
2017-04-08,25.5,32.8,17.4,0.0,24,26.83,14.5,2017,4,98,Spring,28.057142857142853,24.383333333333333,25.013698630136986,0.15714285714285717,0.533333333333333,26.4,29.8,19.1
2017-04-09,25.6,31.8,19.6,0.0,22,26.86,24.2,2017,4,99,Spring,27.514285714285716,24.666666666666668,25.004657534246576,0.15714285714285717,0.12999999999999973,25.5,29.4,17.1
2017-04-10,25.9,33.3,18.9,0.0,22,26.86,31.8,2017,4,100,Spring,27.057142857142853,24.993333333333332,24.994794520547945,0.15714285714285717,0.08666666666666639,25.6,29.1,16.1
2017-04-11,28.1,36.4,20.1,0.0,24,26.55,29.9,2017,4,101,Spring,26.928571428571427,25.4,24.994246575342466,0.15714285714285717,0.08666666666666639,25.9,29.0,15.9
2017-04-12,29.5,38.4,21.4,0.0,26,26.43,25.5,2017,4,102,Spring,27.1,25.84333333333333,24.998356164383562,0.0,0.08666666666666639,28.1,28.3,16.2
2017-04-13,30.3,38.5,20.7,0.0,27,26.78,12.6,2017,4,103,Spring,27.328571428571426,26.269999999999996,25.0,0.0,0.08666666666666639,29.5,28.7,17.5
2017-04-14,30.9,39.1,23.6,0.0,28,26.18,11.9,2017,4,104,Spring,27.971428571428568,26.67,24.99972602739726,0.0,0.08666666666666639,30.3,26.4,18.9
2017-04-15,31.3,39.9,22.2,0.0,27,26.7,18.8,2017,4,105,Spring,28.800000000000004,27.03666666666667,24.998082191780824,0.0,0.08666666666666639,30.9,25.5,20.3
2017-04-16,31.0,39.7,23.2,0.0,31,26.76,15.1,2017,4,106,Spring,29.571428571428573,27.41,24.99342465753425,0.0,0.08666666666666639,31.3,25.6,19.8
2017-04-17,31.9,40.6,24.6,0.0,38,26.34,16.0,2017,4,107,Spring,30.428571428571427,27.79,24.99013698630137,0.0,0.08666666666666639,31.0,25.9,20.5
2017-04-18,32.7,41.4,23.6,0.0,35,26.42,16.7,2017,4,108,Spring,31.085714285714285,28.163333333333334,24.990684931506852,0.0,0.043333333333333036,31.9,28.1,21.5
2017-04-19,33.7,41.6,25.7,0.0,20,26.8,15.8,2017,4,109,Spring,31.685714285714287,28.56,24.996986301369862,0.0,0.043333333333333036,32.7,29.5,21.8
2017-04-20,33.7,41.5,24.3,0.0,25,25.85,22.9,2017,4,110,Spring,32.17142857142857,28.9,25.002739726027396,0.0,0.043333333333333036,33.7,30.3,23.5
2017-04-21,33.3,40.9,25.9,0.0,38,25.28,18.7,2017,4,111,Spring,32.51428571428572,29.16,25.00657534246575,0.0,0.043333333333333036,33.7,30.9,25.5
2017-04-22,32.5,40.5,27.1,2.0,47,24.75,21.4,2017,4,112,Spring,32.68571428571429,29.383333333333333,25.00849315068493,0.2857142857142857,0.10333333333333304,33.3,31.3,25.8
2017-04-23,31.4,38.8,24.7,0.0,38,24.71,21.3,2017,4,113,Spring,32.74285714285714,29.563333333333336,25.013424657534244,0.2857142857142857,0.10333333333333304,32.5,31.0,26.0
2017-04-24,30.4,37.0,24.1,2.1,31,23.05,27.2,2017,4,114,Spring,32.52857142857143,29.73,25.017808219178082,0.5857142857142856,0.17333333333333303,31.4,31.9,25.4
2017-04-25,30.5,37.1,23.4,0.0,24,25.95,22.7,2017,4,115,Spring,32.214285714285715,29.85666666666667,25.019178082191782,0.5857142857142856,0.17333333333333303,30.4,32.7,26.7
2017-04-26,29.9,37.5,22.3,0.0,23,25.57,24.7,2017,4,116,Spring,31.671428571428574,29.90666666666667,25.017260273972607,0.5857142857142856,0.17333333333333303,30.5,33.7,28.4
2017-04-27,30.6,38.4,22.9,0.0,24,26.08,16.5,2017,4,117,Spring,31.228571428571428,29.96333333333333,25.016164383561648,0.5857142857142856,0.17333333333333303,29.9,33.7,28.9
2017-04-28,30.4,38.3,22.7,0.3,29,24.61,18.3,2017,4,118,Spring,30.814285714285717,29.986666666666668,25.01315068493151,0.6285714285714287,0.18333333333333304,30.6,33.3,29.7
2017-04-29,30.8,38.2,23.9,0.0,30,23.12,13.6,2017,4,119,Spring,30.571428571428566,30.019999999999996,25.011780821917807,0.34285714285714286,0.18333333333333304,30.4,32.5,29.8
2017-04-30,30.0,37.1,23.4,0.1,34,25.1,25.5,2017,4,120,Spring,30.37142857142857,30.019999999999996,25.00849315068493,0.35714285714285715,0.1866666666666664,30.8,31.4,30.0
2017-05-01,29.9,36.9,22.0,0.0,31,27.97,13.4,2017,5,121,Spring,30.3,30.023333333333333,25.000547945205476,0.05714285714285715,0.1866666666666664,30.0,30.4,29.8
2017-05-02,31.9,38.4,24.8,0.0,22,26.05,10.8,2017,5,122,Spring,30.5,30.10666666666667,24.99369863013699,0.05714285714285715,0.1866666666666664,29.9,30.5,29.4
2017-05-03,31.6,38.2,26.4,0.0,25,20.32,15.9,2017,5,123,Spring,30.74285714285714,30.19,24.992054794520545,0.05714285714285715,0.1866666666666664,31.9,29.9,29.1
2017-05-04,31.6,38.5,25.8,0.0,25,27.57,25.5,2017,5,124,Spring,30.885714285714283,30.276666666666664,24.993972602739724,0.05714285714285715,0.1866666666666664,31.6,30.6,29.0
2017-05-05,31.7,39.1,23.2,0.0,26,27.77,17.7,2017,5,125,Spring,31.071428571428573,30.39,25.00027397260274,0.014285714285714287,0.14999999999999972,31.6,30.4,28.3
2017-05-06,33.2,40.7,24.7,0.0,24,27.67,17.7,2017,5,126,Spring,31.414285714285715,30.540000000000003,25.011232876712324,0.014285714285714287,0.14999999999999972,31.7,30.8,28.7
2017-05-07,34.5,42.1,25.2,0.0,23,27.12,21.4,2017,5,127,Spring,32.05714285714286,30.810000000000002,25.021369863013696,0.0,0.14999999999999972,33.2,30.0,26.4
2017-05-08,34.2,42.1,26.0,0.0,23,26.27,16.4,2017,5,128,Spring,32.67142857142857,31.1,25.03041095890411,0.0,0.14999999999999972,34.5,29.9,25.5
2017-05-09,33.7,42.1,25.6,0.0,32,25.36,21.5,2017,5,129,Spring,32.92857142857143,31.37,25.034794520547948,0.0,0.14999999999999972,34.2,31.9,25.6
2017-05-10,32.3,39.8,26.9,1.8,44,25.88,21.5,2017,5,130,Spring,33.02857142857143,31.583333333333332,25.035068493150682,0.2571428571428572,0.2099999999999997,33.7,31.6,25.9
2017-05-11,33.6,39.9,27.1,0.0,38,24.6,18.8,2017,5,131,Spring,33.31428571428572,31.766666666666666,25.04027397260274,0.2571428571428572,0.20999999999999971,32.3,31.6,28.1
2017-05-12,33.1,40.4,26.4,1.4,37,23.09,24.0,2017,5,132,Spring,33.51428571428571,31.886666666666667,25.041917808219182,0.4571428571428572,0.2566666666666664,33.6,31.7,29.5
2017-05-13,33.6,40.3,26.1,0.1,33,25.21,20.0,2017,5,133,Spring,33.57142857142857,31.99666666666667,25.03917808219178,0.4714285714285714,0.2599999999999997,33.1,33.2,30.3
2017-05-14,35.0,42.6,26.8,0.0,23,26.25,19.4,2017,5,134,Spring,33.642857142857146,32.13333333333333,25.03945205479452,0.4714285714285714,0.25999999999999973,33.6,34.5,30.9
2017-05-15,35.2,42.6,27.3,0.0,22,27.87,16.8,2017,5,135,Spring,33.785714285714285,32.263333333333335,25.04027397260274,0.4714285714285714,0.25999999999999973,35.0,34.2,31.3
2017-05-16,33.8,40.6,27.3,0.7,28,25.21,22.1,2017,5,136,Spring,33.800000000000004,32.35666666666667,25.036438356164382,0.5714285714285714,0.28333333333333305,35.2,33.7,31.0
2017-05-17,31.1,35.9,25.4,1.0,40,20.53,14.7,2017,5,137,Spring,33.628571428571426,32.33,25.02520547945205,0.4571428571428572,0.3166666666666664,33.8,32.3,31.9
2017-05-18,31.5,38.5,25.7,0.4,43,24.1,18.8,2017,5,138,Spring,33.32857142857143,32.29,25.014794520547945,0.5142857142857143,0.32999999999999974,31.1,33.6,32.7
2017-05-19,33.1,40.8,26.3,0.0,38,25.06,23.5,2017,5,139,Spring,33.32857142857143,32.27,25.010136986301372,0.31428571428571433,0.32999999999999974,31.5,33.1,33.7
2017-05-20,33.1,39.9,25.9,0.0,31,25.95,16.2,2017,5,140,Spring,33.25714285714285,32.25,25.005753424657534,0.3,0.32999999999999974,33.1,33.6,33.7
2017-05-21,32.4,39.4,25.8,0.0,34,24.62,16.9,2017,5,141,Spring,32.885714285714286,32.22,25.0013698630137,0.3,0.32999999999999974,33.1,35.0,33.3
2017-05-22,30.7,37.7,24.3,0.9,44,25.46,17.3,2017,5,142,Spring,32.24285714285714,32.160000000000004,24.990684931506852,0.42857142857142855,0.29333333333333306,32.4,35.2,32.5
2017-05-23,31.5,37.8,25.1,0.1,42,24.31,17.0,2017,5,143,Spring,31.91428571428571,32.163333333333334,24.984931506849314,0.34285714285714286,0.29666666666666636,30.7,33.8,31.4
2017-05-24,33.0,39.6,25.9,0.2,40,26.53,16.0,2017,5,144,Spring,32.18571428571429,32.25,24.988493150684935,0.22857142857142856,0.23333333333333303,31.5,31.1,30.4
2017-05-25,33.5,40.7,27.5,0.0,39,24.55,16.1,2017,5,145,Spring,32.471428571428575,32.35,24.99342465753425,0.17142857142857143,0.23333333333333303,33.0,31.5,30.5
2017-05-26,35.4,42.6,27.8,0.0,33,25.87,19.8,2017,5,146,Spring,32.8,32.53333333333333,25.0,0.17142857142857143,0.23333333333333303,33.5,33.1,29.9
2017-05-27,32.9,40.8,28.3,0.2,46,26.01,21.6,2017,5,147,Spring,32.77142857142857,32.61,24.994794520547945,0.2,0.2399999999999997,35.4,33.1,30.6
2017-05-28,32.4,38.0,27.9,0.3,51,26.28,24.5,2017,5,148,Spring,32.77142857142857,32.67666666666666,24.99041095890411,0.24285714285714288,0.2399999999999997,32.9,32.4,30.4
2017-05-29,29.9,35.5,25.4,2.4,57,25.15,21.3,2017,5,149,Spring,32.65714285714286,32.64666666666667,24.98684931506849,0.4571428571428572,0.3199999999999997,32.4,30.7,30.8
2017-05-30,30.0,35.3,24.6,0.5,61,24.06,15.8,2017,5,150,Spring,32.44285714285714,32.64666666666667,24.99013698630137,0.5142857142857143,0.33333333333333304,29.9,31.5,30.0
2017-05-31,30.9,37.2,26.2,0.2,57,24.73,18.9,2017,5,151,Spring,32.142857142857146,32.68,24.987945205479452,0.5142857142857143,0.33999999999999975,30.0,33.0,29.9
2017-06-01,31.4,37.8,26.8,0.0,55,26.63,18.4,2017,6,152,Summer,31.842857142857145,32.663333333333334,24.9813698630137,0.5142857142857143,0.33999999999999975,30.9,33.5,31.9
2017-06-02,32.6,39.4,24.9,0.0,43,27.93,15.6,2017,6,153,Summer,31.442857142857143,32.696666666666665,24.97506849315069,0.5142857142857143,0.33999999999999975,31.4,35.4,31.6
2017-06-03,35.2,42.0,27.2,0.0,35,28.03,19.5,2017,6,154,Summer,31.771428571428572,32.81666666666667,24.97780821917808,0.48571428571428577,0.33999999999999975,32.6,32.9,31.6
2017-06-04,37.3,44.1,29.7,0.0,26,27.76,23.8,2017,6,155,Summer,32.47142857142857,33.00333333333334,24.98328767123288,0.44285714285714295,0.33999999999999975,35.2,32.4,31.7
2017-06-05,37.9,42.9,34.0,0.0,29,24.39,28.1,2017,6,156,Summer,33.614285714285714,33.16,24.992876712328766,0.09999999999999999,0.33999999999999975,37.3,29.9,33.2
2017-06-06,36.8,40.8,32.1,0.3,36,24.05,29.8,2017,6,157,Summer,34.58571428571429,33.236666666666665,25.0,0.07142857142857142,0.3499999999999997,37.9,30.0,34.5
2017-06-07,31.7,36.5,26.9,0.6,57,22.53,25.1,2017,6,158,Summer,34.7,33.153333333333336,24.993150684931507,0.12857142857142856,0.3699999999999997,36.8,30.9,34.2
2017-06-08,31.4,35.7,27.0,3.8,57,23.55,19.7,2017,6,159,Summer,34.7,33.07666666666667,24.986301369863014,0.6714285714285714,0.49666666666666637,31.7,31.4,33.7
2017-06-09,31.0,36.7,26.4,0.3,55,22.53,15.0,2017,6,160,Summer,34.471428571428575,33.03333333333333,24.976986301369863,0.7142857142857143,0.4466666666666664,31.4,32.6,32.3
2017-06-10,32.2,38.9,26.1,0.6,51,25.25,14.9,2017,6,161,Summer,34.04285714285714,32.986666666666665,24.970958904109594,0.7999999999999999,0.4666666666666664,31.0,35.2,33.6
2017-06-11,32.1,38.1,25.8,0.2,46,25.84,13.7,2017,6,162,Summer,33.3,32.95333333333333,24.965205479452052,0.8285714285714285,0.42666666666666636,32.2,37.3,33.1
2017-06-12,32.8,38.9,25.7,0.0,42,25.58,21.2,2017,6,163,Summer,32.57142857142857,32.92666666666666,24.96383561643836,0.8285714285714285,0.423333333333333,32.1,37.9,33.6
2017-06-13,33.7,40.9,27.0,0.1,37,24.3,19.4,2017,6,164,Summer,32.128571428571426,32.88333333333333,24.961917808219173,0.7999999999999999,0.42666666666666636,32.8,36.8,35.0
2017-06-14,34.4,41.0,27.1,0.4,35,24.61,19.1,2017,6,165,Summer,32.51428571428571,32.85666666666667,24.967671232876715,0.7714285714285715,0.43999999999999967,33.7,31.7,35.2
2017-06-15,32.9,39.1,27.4,2.2,48,24.24,15.9,2017,6,166,Summer,32.72857142857143,32.82666666666667,24.970958904109587,0.5428571428571429,0.4899999999999997,34.4,31.4,33.8
2017-06-16,31.0,36.6,24.2,0.4,49,21.64,11.8,2017,6,167,Summer,32.72857142857143,32.82333333333334,24.96712328767123,0.5571428571428572,0.46999999999999975,32.9,31.0,31.1
2017-06-17,30.5,37.0,24.7,7.0,61,23.13,18.1,2017,6,168,Summer,32.48571428571429,32.79,24.961369863013697,1.4714285714285715,0.6899999999999997,31.0,32.2,31.5
2017-06-18,30.8,36.5,25.2,3.1,66,22.55,21.1,2017,6,169,Summer,32.3,32.71333333333333,24.959452054794518,1.885714285714286,0.793333333333333,30.5,32.1,33.1
2017-06-19,31.4,35.6,26.9,5.5,65,21.2,19.8,2017,6,170,Summer,32.1,32.656666666666666,24.95698630136986,2.6714285714285717,0.9766666666666663,30.8,32.8,33.1
2017-06-20,29.7,34.9,25.0,10.2,70,21.2,12.8,2017,6,171,Summer,31.52857142857143,32.56666666666667,24.948493150684932,4.114285714285714,1.3166666666666664,31.4,33.7,32.4
2017-06-21,28.7,33.0,24.0,2.4,71,21.8,18.3,2017,6,172,Summer,30.714285714285715,32.5,24.942465753424656,4.4,1.3666666666666665,29.7,34.4,30.7
2017-06-22,29.1,34.2,25.0,0.0,68,23.31,16.2,2017,6,173,Summer,30.17142857142857,32.42,24.93753424657534,4.085714285714286,1.363333333333333,28.7,32.9,31.5
2017-06-23,29.3,33.1,25.4,5.5,71,22.36,17.1,2017,6,174,Summer,29.928571428571427,32.29666666666667,24.927945205479453,4.814285714285715,1.5399999999999996,29.1,31.0,33.0
2017-06-24,31.6,35.8,26.2,0.0,60,23.42,8.6,2017,6,175,Summer,30.085714285714285,32.233333333333334,24.921917808219177,3.814285714285714,1.5399999999999996,29.3,30.5,33.5
2017-06-25,33.1,36.8,29.2,0.2,58,22.77,12.3,2017,6,176,Summer,30.414285714285715,32.156666666666666,24.91890410958904,3.3999999999999995,1.5466666666666664,31.6,30.8,35.4
2017-06-26,33.5,37.0,29.0,2.3,60,22.46,15.6,2017,6,177,Summer,30.714285714285715,32.17666666666667,24.921917808219177,2.9428571428571426,1.6166666666666665,33.1,31.4,32.9
2017-06-27,32.9,36.7,28.1,1.1,62,21.89,18.6,2017,6,178,Summer,31.171428571428574,32.193333333333335,24.924109589041098,1.6428571428571428,1.643333333333333,33.5,29.7,32.4
2017-06-28,29.4,33.5,26.8,24.1,80,16.41,19.1,2017,6,179,Summer,31.271428571428572,32.17666666666666,24.92219178082192,4.742857142857143,2.3666666666666667,32.9,28.7,29.9
2017-06-29,27.8,31.1,25.7,3.6,85,12.49,21.4,2017,6,180,Summer,31.085714285714285,32.10333333333333,24.91041095890411,5.257142857142858,2.4699999999999998,29.4,29.1,30.0
2017-06-30,27.8,30.4,25.9,15.1,86,12.42,14.3,2017,6,181,Summer,30.87142857142857,32.0,24.895890410958906,6.628571428571429,2.9666666666666663,27.8,29.3,30.9
2017-07-01,28.6,31.1,26.4,10.5,85,11.67,10.0,2017,7,182,Summer,30.442857142857143,31.90666666666667,24.88712328767123,8.12857142857143,3.316666666666666,27.8,31.6,31.4
2017-07-02,27.9,30.3,25.6,12.4,86,10.93,15.6,2017,7,183,Summer,29.7,31.75,24.88739726027398,9.87142857142857,3.7299999999999995,28.6,33.1,32.6
2017-07-03,29.2,32.9,26.0,3.5,82,19.13,12.8,2017,7,184,Summer,29.085714285714285,31.55,24.893698630136985,10.042857142857143,3.8466666666666662,27.9,33.5,35.2
2017-07-04,30.8,34.6,27.6,3.8,75,19.71,24.8,2017,7,185,Summer,28.785714285714285,31.333333333333332,24.89917808219178,10.42857142857143,3.973333333333333,29.2,32.9,37.3
2017-07-05,30.8,34.5,27.6,0.4,71,24.55,18.8,2017,7,186,Summer,28.985714285714288,31.096666666666668,24.898630136986302,7.042857142857143,3.9866666666666664,30.8,29.4,37.9
2017-07-06,30.1,34.4,27.0,1.0,72,14.55,15.9,2017,7,187,Summer,29.314285714285717,30.873333333333335,24.898904109589044,6.671428571428571,4.01,30.8,27.8,36.8
2017-07-07,29.9,34.5,25.7,1.7,75,21.41,12.7,2017,7,188,Summer,29.614285714285717,30.813333333333333,24.897808219178085,4.757142857142857,4.046666666666666,30.1,27.8,31.7
2017-07-08,31.0,34.6,26.7,0.1,72,23.31,15.3,2017,7,189,Summer,29.95714285714286,30.8,24.89835616438356,3.2714285714285714,3.9233333333333333,29.9,28.6,31.4
2017-07-09,32.2,36.4,28.3,0.0,64,22.41,22.0,2017,7,190,Summer,30.571428571428573,30.84,24.9027397260274,1.5,3.913333333333333,31.0,27.9,31.0
2017-07-10,32.0,36.3,29.0,0.4,60,20.55,21.7,2017,7,191,Summer,30.97142857142857,30.833333333333332,24.905205479452057,1.0571428571428572,3.9066666666666663,32.2,29.2,32.2
2017-07-11,30.4,34.7,27.5,1.4,69,18.96,13.7,2017,7,192,Summer,30.914285714285715,30.776666666666664,24.90821917808219,0.7142857142857143,3.9466666666666663,32.0,30.8,32.1
2017-07-12,28.2,30.8,26.0,1.1,78,12.64,16.1,2017,7,193,Summer,30.54285714285714,30.623333333333335,24.90602739726027,0.8142857142857142,3.983333333333333,30.4,30.8,32.8
2017-07-13,29.2,32.4,26.0,0.6,72,18.04,21.0,2017,7,194,Summer,30.41428571428571,30.473333333333333,24.905205479452054,0.7571428571428571,4.0,28.2,30.1,33.7
2017-07-14,29.7,32.9,27.1,0.6,73,19.5,18.1,2017,7,195,Summer,30.385714285714283,30.316666666666666,24.907123287671233,0.5999999999999999,4.006666666666666,29.2,29.9,34.4
2017-07-15,29.5,32.5,27.1,9.6,76,16.16,16.2,2017,7,196,Summer,30.17142857142857,30.203333333333333,24.91123287671233,1.957142857142857,4.253333333333333,29.7,31.0,32.9
2017-07-16,29.8,32.8,27.1,5.1,79,17.28,15.1,2017,7,197,Summer,29.82857142857143,30.163333333333334,24.92027397260274,2.6857142857142855,4.41,29.5,32.2,31.0
2017-07-17,29.7,33.2,27.5,5.8,80,16.42,19.2,2017,7,198,Summer,29.5,30.136666666666667,24.930410958904112,3.457142857142857,4.37,29.8,32.0,30.5
2017-07-18,30.2,33.8,27.0,4.3,79,18.67,11.7,2017,7,199,Summer,29.471428571428568,30.116666666666667,24.935890410958905,3.871428571428571,4.409999999999999,29.7,30.4,30.8
2017-07-19,31.5,35.2,27.7,2.0,73,21.67,11.8,2017,7,200,Summer,29.942857142857143,30.119999999999997,24.94082191780822,4.0,4.293333333333333,30.2,28.2,31.4
2017-07-20,29.4,32.3,25.5,14.0,78,15.27,16.6,2017,7,201,Summer,29.971428571428568,30.11,24.936986301369863,5.914285714285714,4.42,31.5,29.2,29.7
2017-07-21,29.7,32.7,27.8,5.7,76,17.54,19.1,2017,7,202,Summer,29.971428571428568,30.14333333333333,24.932876712328767,6.642857142857143,4.53,29.4,29.7,28.7
2017-07-22,28.4,31.2,26.6,1.8,79,15.59,23.4,2017,7,203,Summer,29.814285714285713,30.119999999999997,24.926027397260274,5.528571428571429,4.59,29.7,29.5,29.1
2017-07-23,28.0,32.2,25.6,5.3,82,18.08,23.2,2017,7,204,Summer,29.557142857142853,30.076666666666664,24.923835616438353,5.557142857142857,4.583333333333333,28.4,29.8,29.3
2017-07-24,27.6,30.5,25.1,6.3,84,14.55,21.4,2017,7,205,Summer,29.257142857142856,29.94333333333333,24.92054794520548,5.628571428571428,4.793333333333333,28.0,29.7,31.6
2017-07-25,27.7,31.3,25.2,5.6,83,13.99,19.6,2017,7,206,Summer,28.900000000000002,29.763333333333332,24.916438356164385,5.814285714285715,4.973333333333334,27.6,30.2,33.1
2017-07-26,28.7,31.8,25.4,0.7,80,17.22,17.2,2017,7,207,Summer,28.5,29.60333333333333,24.91835616438356,5.628571428571428,4.92,27.7,31.5,33.5
2017-07-27,29.4,32.8,26.3,1.9,75,18.87,19.8,2017,7,208,Summer,28.5,29.486666666666665,24.924109589041095,3.9,4.946666666666667,28.7,29.4,32.9
2017-07-28,29.1,32.1,27.0,0.9,76,16.92,22.4,2017,7,209,Summer,28.414285714285715,29.476666666666667,24.930684931506846,3.2142857142857144,4.173333333333333,29.4,29.7,29.4
2017-07-29,28.9,31.7,26.6,1.8,77,13.45,24.9,2017,7,210,Summer,28.485714285714288,29.513333333333332,24.93917808219178,3.2142857142857144,4.113333333333333,29.1,28.4,27.8
2017-07-30,28.5,31.4,26.3,2.3,80,15.7,13.8,2017,7,211,Summer,28.557142857142857,29.536666666666665,24.944383561643832,2.7857142857142856,3.6866666666666665,28.9,28.0,27.8
2017-07-31,27.3,31.0,25.7,17.6,87,10.2,12.0,2017,7,212,Summer,28.514285714285716,29.493333333333332,24.945753424657536,4.4,3.923333333333333,28.5,27.6,28.6
2017-08-01,26.8,28.7,25.5,4.8,90,7.11,18.0,2017,8,213,Summer,28.385714285714283,29.456666666666663,24.945479452054794,4.2857142857142865,3.67,27.3,27.7,27.9
2017-08-02,28.2,31.6,26.1,2.6,83,12.84,15.5,2017,8,214,Summer,28.314285714285713,29.423333333333336,24.947397260273977,4.557142857142858,3.64,26.8,28.7,29.2
2017-08-03,28.9,31.6,26.2,1.0,77,12.91,21.9,2017,8,215,Summer,28.24285714285714,29.36,24.946575342465753,4.428571428571429,3.5466666666666664,28.2,29.4,30.8
2017-08-04,29.1,32.0,26.7,0.7,74,14.63,16.9,2017,8,216,Summer,28.24285714285714,29.303333333333335,24.945205479452056,4.400000000000001,3.556666666666666,28.9,29.1,30.8
2017-08-05,29.8,33.4,27.1,3.8,72,19.67,15.0,2017,8,217,Summer,28.37142857142857,29.293333333333333,24.944383561643832,4.685714285714286,3.65,29.1,28.9,30.1
2017-08-06,29.5,32.6,27.5,1.3,79,14.47,10.0,2017,8,218,Summer,28.514285714285712,29.279999999999998,24.946849315068494,4.542857142857144,3.6366666666666663,29.8,28.5,29.9
2017-08-07,28.4,31.5,25.8,17.7,87,12.95,11.4,2017,8,219,Summer,28.671428571428574,29.19333333333333,24.94547945205479,4.557142857142858,4.223333333333333,29.5,27.3,31.0
2017-08-08,28.6,32.5,25.9,12.5,86,15.78,8.8,2017,8,220,Summer,28.928571428571427,29.07333333333333,24.944383561643832,5.6571428571428575,4.64,28.4,26.8,32.2
2017-08-09,27.9,30.4,25.7,17.3,89,10.4,9.7,2017,8,221,Summer,28.88571428571429,28.936666666666664,24.944657534246574,7.757142857142857,5.203333333333333,28.6,28.2,32.0
2017-08-10,28.8,32.6,25.7,10.2,81,15.06,20.5,2017,8,222,Summer,28.871428571428574,28.883333333333333,24.948767123287674,9.071428571428571,5.496666666666666,27.9,28.9,30.4
2017-08-11,30.2,34.1,27.5,0.2,70,20.46,23.0,2017,8,223,Summer,29.02857142857143,28.949999999999996,24.957808219178077,9.000000000000002,5.466666666666667,28.8,29.1,28.2
2017-08-12,30.0,33.2,27.6,0.3,69,18.58,31.3,2017,8,224,Summer,29.057142857142857,28.976666666666667,24.965205479452052,8.5,5.456666666666666,30.2,29.8,29.2
2017-08-13,29.8,33.1,26.8,0.5,71,19.11,20.2,2017,8,225,Summer,29.099999999999998,28.98,24.970684931506852,8.385714285714286,5.453333333333333,30.0,29.5,29.7
2017-08-14,29.7,33.2,26.5,0.2,69,20.25,13.2,2017,8,226,Summer,29.285714285714285,28.986666666666665,24.976164383561642,5.885714285714286,5.14,29.8,28.4,29.5
2017-08-15,29.8,32.8,27.1,0.6,71,20.15,15.6,2017,8,227,Summer,29.457142857142856,28.986666666666668,24.978356164383563,4.185714285714286,4.989999999999999,29.7,28.6,29.8
2017-08-16,30.4,34.6,27.2,0.0,67,22.12,18.8,2017,8,228,Summer,29.814285714285713,29.009999999999998,24.980821917808218,1.7142857142857149,4.796666666666667,29.8,27.9,29.7
2017-08-17,31.1,35.8,27.7,0.0,64,22.68,20.2,2017,8,229,Summer,30.142857142857142,29.040000000000003,24.98904109589041,0.2571428571428577,4.653333333333333,30.4,28.8,30.2
2017-08-18,31.1,35.6,27.5,0.0,65,22.5,14.9,2017,8,230,Summer,30.271428571428572,29.026666666666667,24.998082191780824,0.2285714285714291,4.586666666666667,31.1,30.2,31.5
2017-08-19,28.2,30.4,27.0,6.3,83,11.56,16.5,2017,8,231,Summer,30.014285714285712,28.986666666666668,24.995890410958904,1.085714285714286,4.329999999999999,31.1,30.0,29.4
2017-08-20,29.6,33.2,26.1,0.4,74,19.37,17.4,2017,8,232,Summer,29.985714285714288,28.983333333333334,24.998356164383562,1.0714285714285718,4.153333333333332,28.2,29.8,29.7
2017-08-21,29.2,32.7,26.7,6.2,78,18.88,19.3,2017,8,233,Summer,29.914285714285715,29.01,25.00191780821918,1.928571428571429,4.3,29.6,29.7,28.4
2017-08-22,28.8,32.2,26.6,6.0,81,15.07,12.6,2017,8,234,Summer,29.771428571428572,29.03666666666667,25.004383561643838,2.7000000000000006,4.323333333333333,29.2,29.8,28.0
2017-08-23,28.0,31.3,26.5,3.8,86,12.84,15.6,2017,8,235,Summer,29.428571428571427,29.05,25.003013698630138,3.2428571428571433,4.239999999999999,28.8,30.4,27.6
2017-08-24,28.6,32.2,25.6,1.7,84,17.04,8.7,2017,8,236,Summer,29.071428571428573,29.08,25.00657534246575,3.485714285714286,4.109999999999999,28.0,31.1,27.7
2017-08-25,28.1,30.8,26.2,6.7,86,17.63,11.7,2017,8,237,Summer,28.642857142857142,29.060000000000002,25.005753424657534,4.442857142857144,4.3100000000000005,28.6,31.1,28.7
2017-08-26,27.6,31.8,25.3,26.7,88,16.39,7.9,2017,8,238,Summer,28.557142857142857,29.000000000000004,25.002191780821917,7.357142857142857,5.136666666666667,28.1,28.2,29.4
2017-08-27,28.6,32.6,25.4,1.8,83,20.13,12.9,2017,8,239,Summer,28.414285714285715,28.983333333333334,25.002739726027396,7.557142857142858,5.166666666666667,27.6,29.6,29.1
2017-08-28,27.4,29.0,25.9,2.0,84,10.84,22.0,2017,8,240,Summer,28.157142857142855,28.933333333333337,24.998356164383562,6.957142857142857,5.173333333333334,28.6,29.2,28.9
2017-08-29,27.9,31.2,25.8,8.0,80,13.62,19.4,2017,8,241,Summer,28.028571428571432,28.913333333333338,24.999452054794524,7.242857142857143,5.363333333333333,27.4,28.8,28.5
2017-08-30,28.2,30.8,26.4,4.4,81,14.4,21.0,2017,8,242,Summer,28.057142857142857,28.94333333333333,25.002465753424655,7.328571428571429,4.923333333333333,27.9,28.0,27.3
2017-08-31,26.4,28.8,24.7,24.2,90,10.56,14.6,2017,8,243,Summer,27.74285714285714,28.930000000000003,25.0013698630137,10.542857142857143,5.569999999999999,28.2,28.6,26.8
2017-09-01,26.5,30.2,24.9,33.7,88,11.43,17.6,2017,9,244,Autumn,27.514285714285712,28.873333333333335,25.0,14.4,6.6066666666666665,26.4,28.1,28.2
2017-09-02,25.7,28.1,25.0,24.7,88,3.69,16.2,2017,9,245,Autumn,27.24285714285714,28.766666666666666,24.993150684931507,14.114285714285714,7.3966666666666665,26.5,27.6,28.9
2017-09-03,27.5,31.4,24.4,0.5,80,19.59,10.5,2017,9,246,Autumn,27.085714285714285,28.71333333333333,24.991232876712328,13.928571428571429,7.390000000000001,25.7,28.6,29.1
2017-09-04,28.6,32.8,25.3,0.0,78,20.42,16.7,2017,9,247,Autumn,27.25714285714286,28.673333333333336,24.99232876712329,13.642857142857142,7.263333333333334,27.5,27.4,29.8
2017-09-05,28.5,32.2,25.3,0.1,77,19.38,13.5,2017,9,248,Autumn,27.342857142857145,28.64,24.99369863013699,12.514285714285714,7.223333333333333,28.6,27.9,29.5
2017-09-06,28.7,32.5,25.9,1.5,76,18.49,12.6,2017,9,249,Autumn,27.414285714285715,28.65,24.99479452054794,12.1,6.683333333333334,28.5,28.2,28.4
2017-09-07,27.4,31.0,24.1,0.4,84,17.96,12.2,2017,9,250,Autumn,27.557142857142857,28.610000000000003,24.99232876712329,8.700000000000001,6.28,28.7,26.4,28.6
2017-09-08,28.2,32.2,24.9,0.3,81,20.19,11.6,2017,9,251,Autumn,27.8,28.62,24.99150684931507,3.9285714285714284,5.713333333333333,27.4,26.5,27.9
2017-09-09,28.7,32.9,24.7,0.0,76,20.99,13.5,2017,9,252,Autumn,28.22857142857143,28.616666666666667,24.99123287671233,0.4,5.373333333333333,28.2,25.7,28.8
2017-09-10,29.8,34.4,25.6,0.0,73,21.24,13.0,2017,9,253,Autumn,28.557142857142857,28.603333333333335,24.99342465753425,0.3285714285714286,5.366666666666666,28.7,27.5,30.2
2017-09-11,29.7,34.6,26.0,0.0,72,19.5,16.5,2017,9,254,Autumn,28.714285714285715,28.593333333333337,24.995616438356162,0.3285714285714286,5.3566666666666665,29.8,28.6,30.0
2017-09-12,29.4,33.8,25.7,0.0,71,20.64,14.4,2017,9,255,Autumn,28.842857142857138,28.58,24.997260273972604,0.31428571428571433,5.34,29.7,28.5,29.8
2017-09-13,29.8,34.0,25.9,0.0,69,20.75,11.4,2017,9,256,Autumn,29.0,28.583333333333332,24.999452054794517,0.09999999999999999,5.333333333333333,29.4,28.7,29.7
2017-09-14,29.5,33.7,26.0,0.0,73,16.25,9.5,2017,9,257,Autumn,29.3,28.57333333333333,25.003835616438355,0.04285714285714286,5.313333333333333,29.8,27.4,29.8
2017-09-15,29.3,34.2,25.0,0.0,69,20.87,13.2,2017,9,258,Autumn,29.457142857142856,28.53666666666667,25.005479452054793,0.0,5.313333333333333,29.5,28.2,30.4
2017-09-16,28.7,33.7,25.3,0.0,71,16.86,14.3,2017,9,259,Autumn,29.45714285714286,28.456666666666663,25.00438356164383,0.0,5.313333333333333,29.3,28.7,31.1
2017-09-17,28.7,33.4,25.8,0.0,69,16.86,17.4,2017,9,260,Autumn,29.3,28.376666666666665,25.004383561643838,0.0,5.313333333333333,28.7,29.8,31.1
2017-09-18,29.1,34.8,24.1,0.0,65,21.44,17.1,2017,9,261,Autumn,29.214285714285715,28.40666666666667,25.005479452054793,0.0,5.1033333333333335,28.7,29.7,28.2
2017-09-19,29.5,33.8,24.8,0.1,74,18.3,9.5,2017,9,262,Autumn,29.22857142857143,28.403333333333332,25.006849315068493,0.014285714285714287,5.093333333333333,29.1,29.4,29.6
2017-09-20,30.0,35.7,25.2,0.0,67,21.25,11.2,2017,9,263,Autumn,29.25714285714286,28.43,25.006849315068493,0.014285714285714287,4.886666666666667,29.5,29.8,29.2
2017-09-21,29.1,33.7,25.1,0.0,72,18.28,15.8,2017,9,264,Autumn,29.2,28.44,25.005479452054793,0.014285714285714287,4.6866666666666665,30.0,29.5,28.8
2017-09-22,25.6,27.2,23.9,12.4,85,4.95,19.8,2017,9,265,Autumn,28.671428571428574,28.36,25.001643835616434,1.7857142857142858,4.973333333333333,29.1,29.3,28.0
2017-09-23,24.3,26.4,22.8,18.0,91,3.34,19.9,2017,9,266,Autumn,28.042857142857144,28.216666666666665,24.993150684931507,4.357142857142857,5.516666666666667,25.6,28.7,28.6
2017-09-24,25.3,30.8,21.0,0.0,83,20.57,17.9,2017,9,267,Autumn,27.557142857142857,28.12333333333333,24.98547945205479,4.357142857142857,5.293333333333333,24.3,28.7,28.1
2017-09-25,27.5,33.1,22.5,0.0,76,20.14,16.1,2017,9,268,Autumn,27.32857142857143,28.119999999999997,24.985205479452055,4.357142857142857,4.403333333333333,25.3,29.1,27.6
2017-09-26,28.3,33.2,23.7,0.0,71,19.51,12.7,2017,9,269,Autumn,27.157142857142862,28.110000000000003,24.985479452054797,4.3428571428571425,4.343333333333333,27.5,29.5,28.6
2017-09-27,28.4,34.1,23.6,0.0,66,19.23,9.7,2017,9,270,Autumn,26.928571428571434,28.14333333333333,24.985205479452055,4.3428571428571425,4.276666666666666,28.3,30.0,27.4
2017-09-28,28.6,33.8,23.8,0.0,64,18.81,10.2,2017,9,271,Autumn,26.857142857142858,28.166666666666668,24.983835616438355,4.3428571428571425,4.01,28.4,29.1,27.9
2017-09-29,29.0,33.5,24.1,0.0,64,18.09,14.1,2017,9,272,Autumn,27.342857142857145,28.193333333333335,24.983835616438355,2.5714285714285716,3.8633333333333337,28.6,25.6,28.2
2017-09-30,28.8,34.8,23.4,0.0,63,20.34,13.9,2017,9,273,Autumn,27.985714285714284,28.273333333333333,24.983013698630135,0.0,3.056666666666666,29.0,24.3,26.4
2017-10-01,28.4,35.5,21.8,0.0,59,20.2,11.9,2017,10,274,Autumn,28.428571428571427,28.336666666666666,24.97917808219178,0.0,1.9333333333333331,28.8,25.3,26.5
2017-10-02,29.0,35.4,22.5,0.0,57,19.99,10.3,2017,10,275,Autumn,28.642857142857142,28.446666666666665,24.9772602739726,0.0,1.1099999999999999,28.4,27.5,25.7
2017-10-03,28.1,34.6,21.7,0.0,59,19.95,15.3,2017,10,276,Autumn,28.614285714285717,28.466666666666665,24.973972602739725,0.0,1.0933333333333333,29.0,28.3,27.5
2017-10-04,28.1,34.4,22.0,0.0,62,19.68,14.1,2017,10,277,Autumn,28.571428571428573,28.45,24.971232876712328,0.0,1.0933333333333333,28.1,28.4,28.6
2017-10-05,28.1,34.4,22.5,0.0,65,19.75,13.8,2017,10,278,Autumn,28.5,28.436666666666667,24.97150684931507,0.0,1.0899999999999999,28.1,28.6,28.5
2017-10-06,27.9,34.7,22.8,0.0,56,19.62,13.4,2017,10,279,Autumn,28.342857142857145,28.410000000000004,24.970684931506852,0.0,1.0399999999999998,28.1,29.0,28.7
2017-10-07,27.7,33.9,20.9,0.0,52,19.54,13.4,2017,10,280,Autumn,28.185714285714287,28.42,24.96849315068493,0.0,1.0266666666666664,27.9,28.8,27.4
2017-10-08,27.4,34.6,21.5,0.0,62,19.09,8.9,2017,10,281,Autumn,28.042857142857144,28.393333333333334,24.966027397260277,0.0,1.0166666666666664,27.7,28.4,28.2
2017-10-09,27.9,35.0,22.4,0.0,63,18.59,13.0,2017,10,282,Autumn,27.88571428571429,28.366666666666667,24.965479452054794,0.0,1.0166666666666664,27.4,29.0,28.7
2017-10-10,27.9,34.9,21.9,0.0,60,18.68,10.7,2017,10,283,Autumn,27.857142857142858,28.303333333333335,24.96712328767123,0.0,1.0166666666666664,27.9,28.1,29.8
2017-10-11,27.9,34.6,22.3,0.0,59,17.63,13.0,2017,10,284,Autumn,27.828571428571426,28.243333333333332,24.97068493150685,0.0,1.0166666666666664,27.9,28.1,29.7
2017-10-12,28.2,34.2,22.4,0.0,55,18.1,11.0,2017,10,285,Autumn,27.842857142857138,28.203333333333333,24.975616438356166,0.0,1.0166666666666664,27.9,28.1,29.4
2017-10-13,28.1,34.5,22.2,0.0,48,18.39,11.9,2017,10,286,Autumn,27.87142857142857,28.14666666666667,24.98109589041096,0.0,1.0166666666666664,28.2,27.9,29.8
2017-10-14,28.0,35.7,21.6,0.0,51,18.22,13.0,2017,10,287,Autumn,27.914285714285715,28.09666666666667,24.988493150684935,0.0,1.0166666666666664,28.1,27.7,29.5
2017-10-15,28.0,35.3,21.1,0.0,52,18.16,10.2,2017,10,288,Autumn,28.0,28.053333333333335,24.99561643835617,0.0,1.0166666666666664,28.0,27.4,29.3
2017-10-16,27.9,35.3,20.9,0.0,52,18.04,11.3,2017,10,289,Autumn,28.0,28.026666666666667,25.00219178082192,0.0,1.0166666666666664,28.0,27.9,28.7
2017-10-17,26.5,33.6,19.8,0.0,51,18.31,14.7,2017,10,290,Autumn,27.800000000000004,27.953333333333333,25.004383561643838,0.0,1.0166666666666664,27.9,27.9,28.7
2017-10-18,26.2,33.5,20.1,0.0,62,17.82,16.1,2017,10,291,Autumn,27.557142857142857,27.856666666666666,25.008219178082193,0.0,1.0166666666666664,26.5,27.9,29.1
2017-10-19,27.3,34.5,20.6,0.0,63,17.29,11.6,2017,10,292,Autumn,27.428571428571427,27.783333333333335,25.014794520547945,0.0,1.0133333333333332,26.2,28.2,29.5
2017-10-20,28.0,34.7,21.6,0.0,58,15.59,11.3,2017,10,293,Autumn,27.41428571428571,27.716666666666665,25.021643835616437,0.0,1.0133333333333332,27.3,28.1,30.0
2017-10-21,27.1,34.8,20.4,0.0,53,17.31,14.6,2017,10,294,Autumn,27.285714285714285,27.65,25.024931506849317,0.0,1.0133333333333332,28.0,28.0,29.1
2017-10-22,27.0,35.1,19.8,0.0,49,15.58,14.1,2017,10,295,Autumn,27.142857142857142,27.69666666666667,25.027945205479455,0.0,0.5999999999999998,27.1,28.0,25.6
2017-10-23,26.5,33.5,19.2,0.0,55,15.98,13.7,2017,10,296,Autumn,26.942857142857147,27.77,25.031232876712334,0.0,0.0,27.0,27.9,24.3
2017-10-24,25.5,33.2,19.5,0.0,51,17.03,16.3,2017,10,297,Autumn,26.800000000000004,27.776666666666667,25.03205479452055,0.0,0.0,26.5,26.5,25.3
2017-10-25,25.1,32.0,17.9,0.0,46,16.93,10.0,2017,10,298,Autumn,26.642857142857142,27.69666666666667,25.03150684931507,0.0,0.0,25.5,26.2,27.5
2017-10-26,24.7,32.0,18.0,0.0,51,16.69,12.2,2017,10,299,Autumn,26.27142857142857,27.576666666666664,25.030958904109585,0.0,0.0,25.1,27.3,28.3
2017-10-27,24.0,30.9,17.9,0.0,60,15.93,10.4,2017,10,300,Autumn,25.699999999999996,27.43,25.031232876712327,0.0,0.0,24.7,28.0,28.4
2017-10-28,24.7,31.4,19.0,0.0,61,16.16,10.0,2017,10,301,Autumn,25.357142857142858,27.3,25.03397260273973,0.0,0.0,24.0,27.1,28.6
2017-10-29,23.9,30.8,17.5,0.0,61,15.96,9.4,2017,10,302,Autumn,24.91428571428571,27.13,25.034246575342465,0.0,0.0,24.7,27.0,29.0
2017-10-30,23.4,29.8,17.4,0.0,63,15.94,9.6,2017,10,303,Autumn,24.471428571428568,26.95,25.034520547945206,0.0,0.0,23.9,26.5,28.8
2017-10-31,24.0,30.2,17.9,0.0,63,15.5,8.7,2017,10,304,Autumn,24.257142857142856,26.803333333333335,25.035616438356165,0.0,0.0,23.4,25.5,28.4
2017-11-01,24.4,30.6,19.7,0.0,61,14.7,10.3,2017,11,305,Autumn,24.157142857142855,26.65,25.040273972602737,0.0,0.0,24.0,25.1,29.0
2017-11-02,23.9,30.4,18.3,0.0,69,15.34,10.5,2017,11,306,Autumn,24.042857142857144,26.509999999999998,25.042465753424658,0.0,0.0,24.4,24.7,28.1
2017-11-03,23.4,29.4,18.2,0.0,70,15.25,9.5,2017,11,307,Autumn,23.957142857142856,26.353333333333335,25.04328767123288,0.0,0.0,23.9,24.0,28.1
2017-11-04,22.9,29.3,17.8,0.0,73,15.04,9.6,2017,11,308,Autumn,23.699999999999996,26.18,25.044109589041096,0.0,0.0,23.4,24.7,28.1
2017-11-05,23.9,29.2,18.5,0.0,67,15.02,8.3,2017,11,309,Autumn,23.7,26.046666666666667,25.04794520547945,0.0,0.0,22.9,23.9,27.9
2017-11-06,23.7,29.3,17.9,0.0,64,14.97,9.2,2017,11,310,Autumn,23.74285714285714,25.913333333333334,25.051780821917813,0.0,0.0,23.9,23.4,27.7
2017-11-07,22.9,28.6,17.3,0.0,71,14.45,9.4,2017,11,311,Autumn,23.585714285714285,25.763333333333332,25.053972602739726,0.0,0.0,23.7,24.0,27.4
2017-11-08,22.9,29.2,16.3,0.0,68,14.85,10.3,2017,11,312,Autumn,23.37142857142857,25.596666666666668,25.055342465753426,0.0,0.0,22.9,24.4,27.9
2017-11-09,22.2,29.1,16.6,0.0,72,14.41,11.6,2017,11,313,Autumn,23.128571428571426,25.40666666666667,25.056712328767127,0.0,0.0,22.9,23.9,27.9
2017-11-10,22.1,28.8,15.9,0.0,68,14.64,11.5,2017,11,314,Autumn,22.942857142857147,25.21333333333333,25.059726027397257,0.0,0.0,22.2,23.4,27.9
2017-11-11,21.3,27.7,15.2,0.0,69,14.13,10.8,2017,11,315,Autumn,22.714285714285715,24.983333333333334,25.06054794520548,0.0,0.0,22.1,22.9,28.2
2017-11-12,21.0,27.5,14.9,0.0,70,14.23,11.5,2017,11,316,Autumn,22.3,24.746666666666666,25.0586301369863,0.0,0.0,21.3,23.9,28.1
2017-11-13,20.9,27.6,16.4,0.0,70,14.12,8.8,2017,11,317,Autumn,21.900000000000002,24.509999999999998,25.055890410958902,0.0,0.0,21.0,23.7,28.0
2017-11-14,21.1,27.5,15.9,0.0,66,13.3,17.6,2017,11,318,Autumn,21.642857142857142,24.279999999999998,25.05369863013699,0.0,0.0,20.9,22.9,28.0
2017-11-15,20.8,26.2,16.6,0.0,64,11.97,11.1,2017,11,319,Autumn,21.342857142857145,24.043333333333333,25.052054794520547,0.0,0.0,21.1,22.9,27.9
2017-11-16,20.0,25.7,15.5,0.2,66,10.54,13.0,2017,11,320,Autumn,21.028571428571432,23.826666666666664,25.051780821917806,0.028571428571428574,0.00666666666666643,20.8,22.2,26.5
2017-11-17,19.9,25.3,15.4,0.1,69,10.83,13.6,2017,11,321,Autumn,20.714285714285715,23.616666666666667,25.051232876712326,0.042857142857142864,0.009999999999999764,20.0,22.1,26.2
2017-11-18,20.2,25.4,16.4,0.1,67,10.04,13.7,2017,11,322,Autumn,20.557142857142857,23.38,25.051506849315068,0.05714285714285715,0.013333333333333097,19.9,21.3,27.3
2017-11-19,19.0,24.6,15.4,0.0,52,13.38,15.8,2017,11,323,Autumn,20.271428571428572,23.08,25.049863013698634,0.05714285714285715,0.013333333333333097,20.2,21.0,28.0
2017-11-20,17.0,22.8,12.0,0.0,50,14.17,15.8,2017,11,324,Autumn,19.714285714285715,22.743333333333332,25.042465753424658,0.05714285714285715,0.013333333333333097,19.0,20.9,27.1
2017-11-21,16.5,23.3,11.2,0.0,51,14.0,16.6,2017,11,325,Autumn,19.057142857142857,22.39333333333333,25.03178082191781,0.05714285714285715,0.013333333333333097,17.0,21.1,27.0
2017-11-22,16.7,24.1,10.8,0.0,51,13.98,18.2,2017,11,326,Autumn,18.471428571428568,22.066666666666666,25.02109589041096,0.05714285714285715,0.013333333333333097,16.5,20.8,26.5
2017-11-23,16.6,24.0,11.1,0.0,47,13.91,14.1,2017,11,327,Autumn,17.985714285714284,21.769999999999996,25.009863013698627,0.028571428571428574,0.013333333333333097,16.7,20.0,25.5
2017-11-24,16.9,24.7,10.2,0.0,47,13.69,12.7,2017,11,328,Autumn,17.557142857142857,21.49666666666667,25.0013698630137,0.014285714285714287,0.013333333333333097,16.6,19.9,25.1
2017-11-25,17.0,24.9,11.4,0.0,52,13.64,11.9,2017,11,329,Autumn,17.099999999999998,21.240000000000002,24.989589041095893,0.0,0.013333333333333097,16.9,20.2,24.7
2017-11-26,17.0,24.9,10.1,0.0,61,13.42,11.3,2017,11,330,Autumn,16.814285714285713,21.006666666666668,24.975890410958907,0.0,0.013333333333333097,17.0,19.0,24.0
2017-11-27,17.3,25.1,11.4,0.0,56,13.5,16.9,2017,11,331,Autumn,16.857142857142858,20.759999999999998,24.964383561643835,0.0,0.013333333333333097,17.0,17.0,24.7
2017-11-28,17.4,25.6,10.8,0.0,58,13.36,11.5,2017,11,332,Autumn,16.985714285714284,20.543333333333333,24.954520547945204,0.0,0.013333333333333097,17.3,16.5,23.9
2017-11-29,17.8,25.8,11.5,0.0,63,13.11,10.4,2017,11,333,Autumn,17.142857142857142,20.35666666666667,24.95205479452055,0.0,0.013333333333333097,17.4,16.7,23.4
2017-11-30,17.4,25.3,11.6,0.0,66,13.13,11.7,2017,11,334,Autumn,17.257142857142856,20.136666666666667,24.947397260273977,0.0,0.013333333333333097,17.8,16.6,24.0
2017-12-01,17.1,23.9,9.4,0.0,60,13.27,9.1,2017,12,335,Winter,17.285714285714285,19.893333333333334,24.93972602739726,0.0,0.013333333333333097,17.4,16.9,24.4
2017-12-02,17.3,23.8,11.1,0.0,57,13.07,10.1,2017,12,336,Winter,17.32857142857143,19.673333333333336,24.934246575342467,0.0,0.013333333333333097,17.1,17.0,23.9
2017-12-03,17.4,22.9,11.2,0.0,53,11.22,7.6,2017,12,337,Winter,17.385714285714286,19.473333333333333,24.932054794520546,0.0,0.013333333333333097,17.3,17.0,23.4
2017-12-04,16.6,22.7,9.4,0.0,61,11.27,9.3,2017,12,338,Winter,17.285714285714285,19.263333333333332,24.929041095890412,0.0,0.013333333333333097,17.4,17.3,22.9
2017-12-05,17.3,22.8,13.9,0.0,60,9.18,10.2,2017,12,339,Winter,17.271428571428572,19.043333333333333,24.927123287671233,0.0,0.013333333333333097,16.6,17.4,23.9
2017-12-06,17.5,20.9,14.1,0.0,51,7.12,13.4,2017,12,340,Winter,17.228571428571428,18.836666666666662,24.925205479452053,0.0,0.013333333333333097,17.3,17.8,23.7
2017-12-07,17.4,22.7,14.3,0.1,37,10.09,14.3,2017,12,341,Winter,17.228571428571428,18.653333333333332,24.92301369863014,0.014285714285714287,0.01666666666666643,17.5,17.4,22.9
2017-12-08,16.7,23.9,11.2,0.0,37,12.66,16.1,2017,12,342,Winter,17.17142857142857,18.446666666666665,24.919999999999998,0.014285714285714287,0.01666666666666643,17.4,17.1,22.9
2017-12-09,16.7,23.7,10.3,0.0,46,12.76,11.2,2017,12,343,Winter,17.085714285714285,18.263333333333332,24.91589041095891,0.014285714285714287,0.01666666666666643,16.7,17.3,22.2
2017-12-10,17.0,23.9,10.5,0.0,60,12.74,10.0,2017,12,344,Winter,17.02857142857143,18.093333333333337,24.91150684931507,0.014285714285714287,0.01666666666666643,16.7,17.4,22.1
2017-12-11,17.2,23.4,11.4,2.1,67,8.68,11.3,2017,12,345,Winter,17.114285714285714,17.956666666666663,24.90602739726027,0.31428571428571433,0.08666666666666643,17.0,16.6,21.3
2017-12-12,16.5,20.8,13.4,5.6,84,9.46,10.9,2017,12,346,Winter,17.0,17.806666666666665,24.9,1.1142857142857143,0.2733333333333331,17.2,17.3,21.0
2017-12-13,14.3,19.7,11.4,0.0,83,10.66,8.7,2017,12,347,Winter,16.54285714285714,17.586666666666666,24.889589041095892,1.1142857142857143,0.2733333333333331,16.5,17.5,20.9
2017-12-14,13.6,20.4,9.6,0.0,71,12.77,11.7,2017,12,348,Winter,16.0,17.336666666666666,24.879178082191785,1.1,0.2733333333333331,14.3,17.4,21.1
2017-12-15,13.0,20.2,7.9,0.0,70,11.98,17.4,2017,12,349,Winter,15.471428571428572,17.076666666666668,24.86986301369863,1.1,0.2733333333333331,13.6,16.7,20.8
2017-12-16,12.7,19.5,7.6,0.0,63,12.9,19.9,2017,12,350,Winter,14.9,16.833333333333332,24.862739726027396,1.1,0.2666666666666664,13.0,16.7,20.0
2017-12-17,13.7,21.0,8.3,0.0,51,12.9,20.5,2017,12,351,Winter,14.428571428571429,16.626666666666665,24.858356164383565,1.1,0.2633333333333331,12.7,17.0,19.9
2017-12-18,15.6,23.5,10.1,0.0,46,12.86,20.8,2017,12,352,Winter,14.2,16.473333333333333,24.860000000000003,0.7999999999999999,0.25999999999999973,13.7,17.2,20.2
2017-12-19,14.7,22.5,9.4,0.0,59,11.76,14.3,2017,12,353,Winter,13.942857142857141,16.33,24.858356164383558,0.0,0.25999999999999973,15.6,16.5,19.0
2017-12-20,15.3,21.8,10.5,0.0,74,10.79,9.8,2017,12,354,Winter,14.085714285714285,16.273333333333333,24.85315068493151,0.0,0.25999999999999973,14.7,14.3,17.0
2017-12-21,16.2,22.9,11.8,0.0,79,11.71,12.1,2017,12,355,Winter,14.457142857142857,16.263333333333332,24.85013698630137,0.0,0.25999999999999973,15.3,13.6,16.5
2017-12-22,16.3,23.3,11.1,0.0,66,12.46,20.1,2017,12,356,Winter,14.928571428571429,16.25,24.849589041095893,0.0,0.25999999999999973,16.2,13.0,16.7
2017-12-23,15.7,22.5,10.9,0.0,59,12.92,18.5,2017,12,357,Winter,15.357142857142858,16.22,24.846849315068493,0.0,0.25999999999999973,16.3,12.7,16.6
2017-12-24,15.6,22.3,10.0,0.0,65,12.2,10.3,2017,12,358,Winter,15.628571428571428,16.176666666666666,24.845479452054796,0.0,0.25999999999999973,15.7,13.7,16.9
2017-12-25,15.1,22.1,9.1,0.0,70,12.58,14.2,2017,12,359,Winter,15.557142857142859,16.113333333333333,24.84246575342466,0.0,0.25999999999999973,15.6,15.6,17.0
2017-12-26,14.4,22.3,8.9,0.0,72,12.65,12.0,2017,12,360,Winter,15.514285714285714,16.026666666666667,24.83780821917808,0.0,0.25999999999999973,15.1,14.7,17.0
2017-12-27,15.2,22.5,8.4,0.0,66,12.6,10.1,2017,12,361,Winter,15.5,15.956666666666667,24.836438356164386,0.0,0.25999999999999973,14.4,15.3,17.3
2017-12-28,14.9,22.6,8.5,0.0,71,12.57,10.9,2017,12,362,Winter,15.314285714285715,15.873333333333333,24.833972602739724,0.0,0.25999999999999973,15.2,16.2,17.4
2017-12-29,14.1,21.6,8.1,0.0,76,12.53,10.9,2017,12,363,Winter,15.0,15.75,24.829315068493152,0.0,0.25999999999999973,14.9,16.3,17.8
2017-12-30,14.1,21.1,8.1,0.0,76,12.64,10.9,2017,12,364,Winter,14.771428571428572,15.640000000000002,24.824109589041093,0.0,0.25999999999999973,14.1,15.7,17.4
2017-12-31,12.9,20.2,7.3,0.0,75,12.38,11.7,2017,12,365,Winter,14.385714285714286,15.5,24.816712328767125,0.0,0.25999999999999973,14.1,15.6,17.1
2018-01-01,13.1,20.1,6.8,0.0,66,12.85,10.3,2018,1,1,Winter,14.099999999999998,15.360000000000001,24.80958904109589,0.0,0.25999999999999973,12.9,15.1,17.3
2018-01-02,13.4,19.8,6.5,0.0,69,12.8,9.6,2018,1,2,Winter,13.957142857142857,15.226666666666667,24.80383561643836,0.0,0.25999999999999973,13.1,14.4,17.4
2018-01-03,12.2,19.8,6.9,0.0,74,13.11,10.7,2018,1,3,Winter,13.528571428571428,15.08,24.793150684931508,0.0,0.25999999999999973,13.4,15.2,16.6
2018-01-04,11.8,20.3,5.9,0.0,74,13.27,10.0,2018,1,4,Winter,13.085714285714285,14.896666666666667,24.78,0.0,0.25999999999999973,12.2,14.9,17.3
2018-01-05,12.3,20.3,6.6,0.0,74,12.94,10.7,2018,1,5,Winter,12.828571428571427,14.723333333333333,24.76794520547945,0.0,0.25999999999999973,11.8,14.1,17.5
2018-01-06,12.0,19.5,5.5,0.0,76,12.8,10.9,2018,1,6,Winter,12.528571428571427,14.543333333333333,24.754794520547946,0.0,0.25666666666666643,12.3,14.1,17.4
2018-01-07,11.9,18.8,6.1,0.0,69,13.42,17.2,2018,1,7,Winter,12.385714285714286,14.383333333333333,24.74739726027397,0.0,0.25666666666666643,12.0,12.9,16.7
2018-01-08,12.1,19.6,6.8,0.0,70,13.5,13.0,2018,1,8,Winter,12.242857142857142,14.229999999999999,24.743287671232874,0.0,0.25666666666666643,11.9,13.1,16.7
2018-01-09,12.1,19.8,5.8,0.0,71,13.63,13.0,2018,1,9,Winter,12.057142857142859,14.066666666666665,24.74082191780822,0.0,0.25666666666666643,12.1,13.4,17.0
2018-01-10,13.3,20.8,7.3,0.0,68,13.68,18.7,2018,1,10,Winter,12.214285714285714,13.936666666666666,24.74712328767123,0.0,0.18666666666666643,12.1,12.2,17.2
2018-01-11,13.9,21.2,8.3,0.0,63,13.62,18.9,2018,1,11,Winter,12.514285714285716,13.85,24.7586301369863,0.0,0.0,13.3,11.8,16.5
2018-01-12,14.8,21.9,8.9,0.0,58,13.38,15.1,2018,1,12,Winter,12.871428571428572,13.866666666666667,24.77150684931507,0.0,0.0,13.9,12.3,14.3
2018-01-13,14.0,21.6,6.5,0.0,69,13.83,11.4,2018,1,13,Winter,13.157142857142858,13.879999999999999,24.78109589041096,0.0,0.0,14.8,12.0,13.6
2018-01-14,13.5,21.9,7.3,0.0,69,14.0,11.6,2018,1,14,Winter,13.385714285714286,13.896666666666667,24.787123287671236,0.0,0.0,14.0,11.9,13.0
2018-01-15,13.9,21.8,7.2,0.0,63,14.19,17.1,2018,1,15,Winter,13.642857142857142,13.936666666666667,24.78739726027397,0.0,0.0,13.5,12.1,12.7
2018-01-16,14.6,22.1,9.0,0.0,57,14.47,17.2,2018,1,16,Winter,14.0,13.966666666666667,24.78767123287671,0.0,0.0,13.9,12.1,13.7
2018-01-17,13.6,21.3,7.8,0.0,74,13.85,13.0,2018,1,17,Winter,14.042857142857143,13.9,24.79561643835617,0.0,0.0,14.6,13.3,15.6
2018-01-18,15.1,23.8,8.9,0.0,76,13.95,11.4,2018,1,18,Winter,14.214285714285714,13.913333333333334,24.805479452054794,0.0,0.0,13.6,13.9,14.7
2018-01-19,15.6,23.4,9.7,0.0,74,14.19,12.1,2018,1,19,Winter,14.328571428571427,13.923333333333334,24.812876712328766,0.0,0.0,15.1,14.8,15.3
2018-01-20,14.5,22.1,8.7,0.0,64,14.73,16.2,2018,1,20,Winter,14.4,13.866666666666667,24.81972602739726,0.0,0.0,15.6,14.0,16.2
2018-01-21,14.1,21.4,7.1,0.0,57,14.87,10.6,2018,1,21,Winter,14.485714285714284,13.793333333333333,24.822191780821917,0.0,0.0,14.5,13.5,16.3
2018-01-22,14.1,21.7,7.1,0.0,67,14.67,10.4,2018,1,22,Winter,14.514285714285716,13.74,24.817808219178083,0.0,0.0,14.1,13.9,15.7
2018-01-23,13.4,16.1,10.7,6.0,79,6.49,15.9,2018,1,23,Winter,14.342857142857142,13.666666666666666,24.80986301369863,0.8571428571428571,0.19999999999999976,14.1,14.6,15.6
2018-01-24,12.7,18.7,8.3,0.8,82,12.41,13.7,2018,1,24,Winter,14.214285714285714,13.586666666666668,24.798356164383566,0.9714285714285714,0.22666666666666643,13.4,13.6,15.1
2018-01-25,13.1,19.5,8.6,0.0,79,14.83,16.6,2018,1,25,Winter,13.928571428571429,13.543333333333333,24.783835616438353,0.9714285714285714,0.22666666666666643,12.7,15.1,14.4
2018-01-26,12.5,19.9,7.6,0.0,80,14.4,13.2,2018,1,26,Winter,13.485714285714286,13.453333333333335,24.773424657534246,0.9714285714285714,0.22666666666666643,13.1,15.6,15.2
2018-01-27,12.1,19.9,7.2,0.0,77,15.21,11.5,2018,1,27,Winter,13.142857142857142,13.360000000000001,24.76630136986301,0.9714285714285714,0.22666666666666643,12.5,14.5,14.9
2018-01-28,12.8,21.2,6.8,0.0,75,15.38,12.6,2018,1,28,Winter,12.957142857142857,13.316666666666666,24.76246575342466,0.9714285714285714,0.22666666666666643,12.1,14.1,14.1
2018-01-29,13.8,21.9,7.5,0.0,74,15.5,13.9,2018,1,29,Winter,12.914285714285713,13.306666666666667,24.759452054794522,0.9714285714285714,0.22666666666666643,12.8,14.1,14.1
2018-01-30,16.3,24.3,10.0,0.0,68,15.3,22.6,2018,1,30,Winter,13.328571428571431,13.42,24.763561643835615,0.1142857142857143,0.22666666666666643,13.8,13.4,12.9
2018-01-31,17.6,24.2,12.8,0.0,64,15.4,23.3,2018,1,31,Winter,14.028571428571428,13.569999999999999,24.769041095890408,0.0,0.22666666666666643,16.3,12.7,13.1
2018-02-01,17.4,25.4,11.2,0.0,67,15.5,13.3,2018,2,32,Winter,14.642857142857142,13.703333333333335,24.776438356164384,0.0,0.22666666666666643,17.6,13.1,13.4
2018-02-02,16.8,24.4,11.0,0.0,72,15.57,10.0,2018,2,33,Winter,15.257142857142856,13.856666666666666,24.78219178082192,0.0,0.22666666666666643,17.4,12.5,12.2
2018-02-03,16.3,23.1,10.9,0.0,60,16.05,13.0,2018,2,34,Winter,15.857142857142858,14.006666666666666,24.786575342465753,0.0,0.22666666666666643,16.8,12.1,11.8
2018-02-04,14.4,22.0,8.6,0.0,59,16.52,14.5,2018,2,35,Winter,16.085714285714285,14.076666666666666,24.779999999999998,0.0,0.22666666666666643,16.3,12.8,12.3
2018-02-05,14.8,22.0,6.9,0.0,56,14.12,10.0,2018,2,36,Winter,16.22857142857143,14.169999999999998,24.77205479452055,0.0,0.22666666666666643,14.4,13.8,12.0
2018-02-06,16.0,22.1,11.6,0.0,52,11.06,17.1,2018,2,37,Winter,16.185714285714287,14.306666666666668,24.77150684931507,0.0,0.22666666666666643,14.8,16.3,11.9
2018-02-07,14.4,22.3,8.7,0.0,53,17.21,16.3,2018,2,38,Winter,15.728571428571428,14.383333333333333,24.77178082191781,0.0,0.22666666666666643,16.0,17.6,12.1
2018-02-08,13.8,22.0,6.8,0.0,60,15.99,11.6,2018,2,39,Winter,15.214285714285714,14.440000000000001,24.769041095890408,0.0,0.22666666666666643,14.4,17.4,12.1
2018-02-09,14.4,22.9,7.7,0.0,60,17.07,13.1,2018,2,40,Winter,14.87142857142857,14.476666666666667,24.768219178082195,0.0,0.22666666666666643,13.8,16.8,13.3
2018-02-10,16.7,23.8,8.7,0.0,51,15.44,11.3,2018,2,41,Winter,14.928571428571429,14.569999999999999,24.774246575342467,0.0,0.22666666666666643,14.4,16.3,13.9
2018-02-11,16.2,23.8,9.2,1.6,57,11.6,17.9,2018,2,42,Winter,15.185714285714285,14.616666666666667,24.780273972602743,0.2285714285714286,0.27999999999999975,16.7,14.4,14.8
2018-02-12,15.8,21.8,12.8,2.9,79,13.49,22.0,2018,2,43,Winter,15.328571428571427,14.676666666666668,24.78246575342466,0.6428571428571429,0.3766666666666664,16.2,14.8,14.0
2018-02-13,15.4,21.5,10.1,0.0,79,16.05,14.8,2018,2,44,Winter,15.242857142857144,14.740000000000002,24.781369863013694,0.6428571428571429,0.3766666666666664,15.8,16.0,13.5
2018-02-14,15.5,21.7,10.0,0.0,66,17.56,22.9,2018,2,45,Winter,15.400000000000002,14.793333333333333,24.77890410958904,0.6428571428571429,0.3766666666666664,15.4,14.4,13.9
2018-02-15,16.8,23.1,11.9,0.0,64,17.25,21.4,2018,2,46,Winter,15.828571428571427,14.866666666666667,24.776712328767122,0.6428571428571429,0.3766666666666664,15.5,13.8,14.6
2018-02-16,17.7,24.5,11.7,0.0,66,17.47,17.7,2018,2,47,Winter,16.3,15.003333333333334,24.770684931506846,0.6428571428571429,0.3766666666666664,16.8,14.4,13.6
2018-02-17,18.0,25.0,12.7,0.0,67,17.56,16.7,2018,2,48,Winter,16.485714285714288,15.1,24.76493150684931,0.6428571428571429,0.3766666666666664,17.7,16.7,15.1
2018-02-18,17.6,25.0,11.9,0.0,59,18.16,12.3,2018,2,49,Winter,16.685714285714287,15.166666666666666,24.75671232876712,0.41428571428571426,0.3766666666666664,18.0,16.2,15.6
2018-02-19,17.4,25.4,10.0,0.0,58,18.42,9.3,2018,2,50,Winter,16.914285714285715,15.263333333333334,24.74547945205479,0.0,0.3766666666666664,17.6,15.8,14.5
2018-02-20,19.4,26.8,11.8,0.0,60,18.18,11.8,2018,2,51,Winter,17.485714285714284,15.44,24.737260273972602,0.0,0.3766666666666664,17.4,15.4,14.1
2018-02-21,21.4,29.5,15.2,0.0,58,17.33,12.3,2018,2,52,Winter,18.328571428571426,15.683333333333334,24.7427397260274,0.0,0.3766666666666664,19.4,15.5,14.1
2018-02-22,21.7,29.9,14.1,0.0,63,17.83,10.9,2018,2,53,Winter,19.02857142857143,15.96,24.75041095890411,0.0,0.17666666666666642,21.4,16.8,13.4
2018-02-23,21.9,29.6,15.8,0.0,69,16.16,10.0,2018,2,54,Winter,19.628571428571426,16.266666666666666,24.7613698630137,0.0,0.14999999999999977,21.7,17.7,12.7
2018-02-24,21.1,28.6,17.0,1.9,73,14.0,12.1,2018,2,55,Winter,20.071428571428573,16.533333333333335,24.769041095890408,0.2714285714285714,0.2133333333333331,21.9,18.0,13.1
2018-02-25,21.0,27.8,16.3,0.3,68,18.55,17.1,2018,2,56,Winter,20.557142857142857,16.816666666666666,24.773698630136984,0.3142857142857142,0.2233333333333331,21.1,17.6,12.5
2018-02-26,20.5,26.9,15.3,0.0,63,19.27,23.4,2018,2,57,Winter,21.0,17.096666666666668,24.778356164383556,0.3142857142857142,0.2233333333333331,21.0,17.4,12.1
2018-02-27,21.5,28.8,15.7,0.0,62,18.46,17.1,2018,2,58,Winter,21.3,17.386666666666667,24.784109589041094,0.3142857142857142,0.2233333333333331,20.5,19.4,12.8
2018-02-28,21.6,29.3,15.1,0.0,67,17.15,14.5,2018,2,59,Winter,21.32857142857143,17.646666666666665,24.783013698630135,0.3142857142857142,0.2233333333333331,21.5,21.4,13.8
2018-03-01,21.4,29.8,15.3,0.0,65,17.31,13.8,2018,3,60,Spring,21.285714285714285,17.816666666666666,24.78082191780822,0.3142857142857142,0.2233333333333331,21.6,21.7,16.3
2018-03-02,23.1,30.7,17.0,0.0,58,18.46,13.0,2018,3,61,Spring,21.457142857142856,18.0,24.78849315068493,0.3142857142857142,0.2233333333333331,21.4,21.9,17.6
2018-03-03,22.6,30.8,16.6,0.0,60,17.47,11.5,2018,3,62,Spring,21.671428571428574,18.173333333333336,24.796438356164387,0.04285714285714286,0.2233333333333331,23.1,21.1,17.4
2018-03-04,21.5,28.1,17.1,1.2,59,16.69,17.6,2018,3,63,Spring,21.742857142857144,18.33,24.804931506849314,0.17142857142857143,0.2633333333333331,22.6,21.0,16.8
2018-03-05,20.4,27.1,14.6,0.0,57,20.25,17.4,2018,3,64,Spring,21.72857142857143,18.466666666666665,24.80931506849315,0.17142857142857143,0.2633333333333331,21.5,20.5,16.3
2018-03-06,20.3,27.5,14.4,0.0,53,20.31,20.1,2018,3,65,Spring,21.557142857142857,18.663333333333338,24.81178082191781,0.17142857142857143,0.2633333333333331,20.4,21.5,14.4
2018-03-07,21.1,28.4,14.3,0.0,52,20.82,18.2,2018,3,66,Spring,21.485714285714288,18.87333333333333,24.813424657534245,0.17142857142857143,0.2633333333333331,20.3,21.6,14.8
2018-03-08,22.3,29.5,16.1,0.0,53,20.23,9.9,2018,3,67,Spring,21.614285714285717,19.083333333333332,24.818356164383562,0.17142857142857143,0.2633333333333331,21.1,21.4,16.0
2018-03-09,22.9,30.9,15.9,1.1,52,19.63,12.5,2018,3,68,Spring,21.585714285714285,19.366666666666667,24.828767123287673,0.32857142857142857,0.29999999999999977,22.3,23.1,14.4
2018-03-10,23.1,31.1,16.5,0.0,48,20.76,17.8,2018,3,69,Spring,21.657142857142855,19.67666666666667,24.845205479452055,0.32857142857142857,0.29999999999999977,22.9,22.6,13.8
2018-03-11,23.3,30.8,17.2,0.0,52,21.02,13.9,2018,3,70,Spring,21.914285714285715,19.973333333333333,24.864931506849313,0.15714285714285717,0.29999999999999977,23.1,21.5,14.4
2018-03-12,23.7,32.1,16.5,0.0,53,21.15,15.9,2018,3,71,Spring,22.385714285714283,20.206666666666667,24.886301369863013,0.15714285714285717,0.29999999999999977,23.3,20.4,16.7
2018-03-13,25.4,34.0,17.2,0.0,49,21.29,14.1,2018,3,72,Spring,23.114285714285717,20.513333333333332,24.91150684931507,0.15714285714285717,0.24666666666666642,23.7,20.3,16.2
2018-03-14,25.8,32.6,20.3,0.0,37,20.66,13.6,2018,3,73,Spring,23.785714285714285,20.846666666666668,24.934246575342467,0.15714285714285717,0.14999999999999977,25.4,21.1,15.8
2018-03-15,23.8,31.4,18.7,0.0,42,18.31,18.2,2018,3,74,Spring,24.0,21.12666666666667,24.94767123287671,0.15714285714285717,0.14999999999999977,25.8,22.3,15.4
2018-03-16,22.7,29.7,16.5,0.0,48,19.92,20.9,2018,3,75,Spring,23.971428571428568,21.366666666666667,24.954246575342463,0.0,0.14999999999999977,23.8,22.9,15.5
2018-03-17,21.9,29.1,15.7,0.0,40,22.38,19.6,2018,3,76,Spring,23.8,21.53666666666667,24.960000000000004,0.0,0.14999999999999977,22.7,23.1,16.8
2018-03-18,22.7,30.8,16.4,0.0,41,22.41,17.0,2018,3,77,Spring,23.714285714285715,21.703333333333333,24.966027397260277,0.0,0.14999999999999977,21.9,23.3,17.7
2018-03-19,23.6,32.8,14.8,0.0,41,21.59,13.7,2018,3,78,Spring,23.7,21.89,24.97178082191781,0.0,0.14999999999999977,22.7,23.7,18.0
2018-03-20,24.3,32.9,16.1,0.2,49,20.55,10.3,2018,3,79,Spring,23.54285714285714,22.113333333333333,24.978630136986297,0.028571428571428574,0.15666666666666643,23.6,25.4,17.6
2018-03-21,23.6,30.7,18.2,1.6,56,17.51,22.4,2018,3,80,Spring,23.22857142857143,22.32,24.97890410958904,0.2571428571428572,0.20999999999999977,24.3,25.8,17.4
2018-03-22,23.0,29.6,17.1,0.3,56,19.27,13.6,2018,3,81,Spring,23.114285714285717,22.439999999999998,24.972054794520545,0.3,0.21999999999999975,23.6,23.8,19.4
2018-03-23,23.0,29.0,17.1,0.0,54,21.97,13.1,2018,3,82,Spring,23.157142857142862,22.493333333333332,24.964383561643835,0.3,0.21999999999999975,23.0,22.7,21.4
2018-03-24,24.3,31.1,17.4,0.0,48,22.61,15.9,2018,3,83,Spring,23.5,22.580000000000002,24.959726027397263,0.3,0.21999999999999975,23.0,21.9,21.7
2018-03-25,25.0,32.6,18.5,0.0,44,22.77,21.1,2018,3,84,Spring,23.82857142857143,22.683333333333334,24.958630136986304,0.3,0.21999999999999975,24.3,22.7,21.9
2018-03-26,26.0,33.9,18.8,0.0,42,23.07,20.6,2018,3,85,Spring,24.17142857142857,22.84666666666667,24.956712328767125,0.3,0.1566666666666664,25.0,23.6,21.1
2018-03-27,26.3,35.3,18.4,0.0,40,23.41,13.7,2018,3,86,Spring,24.45714285714286,23.023333333333333,24.95095890410959,0.27142857142857146,0.14666666666666642,26.0,24.3,21.0
2018-03-28,27.9,35.5,20.6,0.0,37,23.21,15.3,2018,3,87,Spring,25.071428571428573,23.27,24.948219178082194,0.04285714285714286,0.14666666666666642,26.3,23.6,20.5
2018-03-29,27.2,35.4,19.6,0.0,34,22.22,23.7,2018,3,88,Spring,25.67142857142857,23.46,24.9413698630137,0.0,0.14666666666666642,27.9,23.0,21.5
2018-03-30,26.8,34.3,20.7,0.0,34,23.66,23.0,2018,3,89,Spring,26.214285714285715,23.633333333333333,24.93315068493151,0.0,0.14666666666666642,27.2,23.0,21.6
2018-03-31,25.7,33.5,18.6,0.0,47,23.18,15.9,2018,3,90,Spring,26.414285714285715,23.776666666666667,24.9213698630137,0.0,0.14666666666666642,26.8,24.3,21.4
2018-04-01,26.5,33.1,20.8,0.0,45,23.24,15.5,2018,4,91,Spring,26.62857142857143,23.89,24.912328767123288,0.0,0.14666666666666642,25.7,25.0,23.1
2018-04-02,28.0,35.0,20.7,0.0,45,22.88,13.7,2018,4,92,Spring,26.914285714285715,24.07,24.908493150684933,0.0,0.14666666666666642,26.5,26.0,22.6
2018-04-03,28.7,36.0,22.2,1.7,44,21.68,24.7,2018,4,93,Spring,27.257142857142856,24.31,24.90739726027397,0.24285714285714285,0.1633333333333331,28.0,26.3,21.5
2018-04-04,29.2,37.2,21.7,0.0,43,21.7,15.0,2018,4,94,Spring,27.442857142857143,24.603333333333335,24.90794520547945,0.24285714285714285,0.1633333333333331,28.7,27.9,20.4
2018-04-05,28.6,36.6,21.9,2.1,49,21.14,16.8,2018,4,95,Spring,27.642857142857142,24.88,24.908767123287674,0.5428571428571428,0.2333333333333331,29.2,27.2,20.3
2018-04-06,27.9,34.9,22.0,1.1,52,18.32,12.6,2018,4,96,Spring,27.8,25.10666666666667,24.906575342465754,0.7000000000000001,0.26999999999999974,28.6,26.8,21.1
2018-04-07,26.9,33.5,20.9,3.4,54,21.06,16.6,2018,4,97,Spring,27.97142857142857,25.259999999999998,24.90794520547945,1.1857142857142857,0.3833333333333331,27.9,25.7,22.3
2018-04-08,26.7,33.4,21.4,1.3,55,20.34,18.4,2018,4,98,Spring,28.0,25.386666666666667,24.91123287671233,1.3714285714285714,0.3899999999999998,26.9,26.5,22.9
2018-04-09,25.6,33.3,21.9,3.5,62,12.79,17.0,2018,4,99,Spring,27.657142857142855,25.470000000000002,24.91123287671233,1.8714285714285717,0.5066666666666664,26.7,28.0,23.1
2018-04-10,26.7,33.8,21.3,3.1,58,21.18,20.8,2018,4,100,Spring,27.371428571428574,25.583333333333332,24.913424657534247,2.0714285714285716,0.6099999999999998,25.6,28.7,23.3
2018-04-11,25.3,31.9,21.5,2.5,63,19.93,22.8,2018,4,101,Spring,26.814285714285713,25.636666666666667,24.905753424657536,2.4285714285714284,0.6933333333333331,26.7,29.2,23.7
2018-04-12,25.4,31.6,19.8,0.2,61,22.72,12.4,2018,4,102,Spring,26.357142857142858,25.636666666666667,24.894520547945206,2.157142857142857,0.6999999999999997,25.3,28.6,25.4
2018-04-13,26.2,33.0,19.0,0.0,43,24.66,12.8,2018,4,103,Spring,26.11428571428571,25.65,24.883287671232875,2.0,0.6999999999999997,25.4,27.9,25.8
2018-04-14,27.2,34.9,19.2,0.0,34,23.93,16.1,2018,4,104,Spring,26.157142857142855,25.763333333333332,24.87315068493151,1.5142857142857145,0.6999999999999997,26.2,26.9,23.8
2018-04-15,28.8,36.5,20.8,0.0,35,23.05,13.8,2018,4,105,Spring,26.457142857142856,25.966666666666665,24.86630136986301,1.3285714285714287,0.6999999999999997,27.2,26.7,22.7
2018-04-16,29.2,37.0,23.2,5.4,36,19.83,17.7,2018,4,106,Spring,26.97142857142857,26.209999999999997,24.861369863013696,1.6,0.8799999999999997,28.8,25.6,21.9
2018-04-17,29.4,36.7,22.4,1.3,35,20.82,14.8,2018,4,107,Spring,27.357142857142858,26.433333333333334,24.854520547945203,1.3428571428571432,0.9233333333333331,29.2,26.7,22.7
2018-04-18,29.4,36.5,22.2,0.0,28,24.48,25.8,2018,4,108,Spring,27.942857142857143,26.626666666666665,24.84547945205479,0.9857142857142859,0.9233333333333331,29.4,25.3,23.6
2018-04-19,30.0,37.3,23.3,0.0,28,22.1,18.9,2018,4,109,Spring,28.599999999999998,26.816666666666666,24.835342465753424,0.9571428571428573,0.9166666666666664,29.4,25.4,24.3
2018-04-20,30.3,39.0,21.7,1.1,27,20.72,26.9,2018,4,110,Spring,29.185714285714287,27.040000000000003,24.826027397260273,1.1142857142857145,0.8999999999999998,30.0,26.2,23.6
2018-04-21,27.0,34.0,19.5,0.0,34,25.08,16.9,2018,4,111,Spring,29.157142857142855,27.173333333333336,24.808767123287673,1.1142857142857145,0.8899999999999998,30.3,27.2,23.0
2018-04-22,27.5,34.3,20.9,0.0,25,25.51,21.7,2018,4,112,Spring,28.97142857142857,27.323333333333334,24.795068493150687,1.1142857142857145,0.8899999999999998,27.0,28.8,23.0
2018-04-23,28.3,35.6,20.9,0.0,23,25.3,20.7,2018,4,113,Spring,28.842857142857138,27.456666666666663,24.786575342465753,0.342857142857143,0.8899999999999998,27.5,29.2,24.3
2018-04-24,30.1,37.9,21.6,0.0,20,25.15,19.7,2018,4,114,Spring,28.942857142857147,27.626666666666665,24.785753424657532,0.15714285714285728,0.8899999999999998,28.3,29.4,25.0
2018-04-25,31.8,40.3,22.9,0.0,20,24.89,15.4,2018,4,115,Spring,29.285714285714285,27.819999999999997,24.789315068493146,0.15714285714285728,0.8899999999999998,30.1,29.4,26.0
2018-04-26,32.5,41.2,23.8,0.0,20,25.1,13.7,2018,4,116,Spring,29.642857142857142,28.026666666666664,24.79643835616438,0.15714285714285728,0.8899999999999998,31.8,30.0,26.3
2018-04-27,30.9,38.6,25.7,1.2,43,22.22,19.2,2018,4,117,Spring,29.728571428571428,28.126666666666665,24.797260273972604,0.17142857142857154,0.9299999999999997,32.5,30.3,27.9
2018-04-28,30.7,38.6,25.4,0.9,44,21.52,21.5,2018,4,118,Spring,30.257142857142856,28.243333333333332,24.79808219178082,0.30000000000000016,0.9599999999999997,30.9,27.0,27.2
2018-04-29,30.8,38.6,23.4,0.4,43,20.29,26.7,2018,4,119,Spring,30.728571428571428,28.376666666666665,24.798082191780825,0.35714285714285726,0.973333333333333,30.7,27.5,26.8
2018-04-30,31.0,38.9,24.2,0.7,42,21.02,18.1,2018,4,120,Spring,31.114285714285717,28.55333333333333,24.80082191780822,0.4571428571428573,0.9966666666666664,30.8,28.3,25.7
2018-05-01,30.5,37.5,24.4,10.5,52,23.12,25.9,2018,5,121,Spring,31.17142857142857,28.686666666666664,24.802465753424663,1.9571428571428573,1.3466666666666665,31.0,30.1,26.5
2018-05-02,29.8,36.7,23.4,5.9,54,22.18,28.7,2018,5,122,Spring,30.88571428571429,28.746666666666666,24.79671232876712,2.8000000000000003,1.543333333333333,30.5,31.8,28.0
2018-05-03,28.7,34.8,23.4,0.0,58,23.22,23.3,2018,5,123,Spring,30.342857142857145,28.74666666666667,24.788767123287677,2.8000000000000003,1.4866666666666666,29.8,32.5,28.7
2018-05-04,29.0,34.6,24.4,0.0,55,22.69,24.1,2018,5,124,Spring,30.071428571428573,28.740000000000002,24.781643835616443,2.628571428571429,1.4866666666666666,28.7,30.9,29.2
2018-05-05,30.3,37.0,24.3,0.0,48,22.15,16.1,2018,5,125,Spring,30.014285714285716,28.796666666666667,24.77780821917808,2.5,1.4166666666666665,29.0,30.7,28.6
2018-05-06,31.0,38.2,25.5,0.0,38,22.53,19.3,2018,5,126,Spring,30.042857142857144,28.9,24.77178082191781,2.442857142857143,1.3799999999999997,30.3,30.8,27.9
2018-05-07,30.5,37.2,23.5,0.0,37,22.89,20.5,2018,5,127,Spring,29.97142857142857,29.02,24.760821917808222,2.342857142857143,1.2666666666666664,31.0,31.0,26.9
2018-05-08,27.2,33.8,22.9,3.5,46,17.65,18.1,2018,5,128,Spring,29.5,29.036666666666665,24.74164383561644,1.3428571428571432,1.3399999999999996,30.5,30.5,26.7
2018-05-09,28.1,35.4,20.8,2.2,44,21.88,21.7,2018,5,129,Spring,29.257142857142856,29.119999999999997,24.72630136986301,0.8142857142857146,1.2966666666666664,27.2,29.8,25.6
2018-05-10,30.2,37.6,22.0,0.0,38,24.36,14.8,2018,5,130,Spring,29.47142857142857,29.236666666666668,24.720547945205478,0.8142857142857146,1.1933333333333331,28.1,28.7,26.7
2018-05-11,32.5,40.1,24.3,0.0,36,23.95,15.5,2018,5,131,Spring,29.97142857142857,29.476666666666667,24.71753424657534,0.8142857142857146,1.1099999999999999,30.2,29.0,25.3
2018-05-12,32.3,40.1,27.1,1.1,42,19.81,30.2,2018,5,132,Spring,30.257142857142856,29.706666666666663,24.71534246575342,0.9714285714285718,1.14,32.5,30.3,25.4
2018-05-13,29.6,36.6,24.9,3.8,56,19.17,29.4,2018,5,133,Spring,30.057142857142853,29.82,24.704383561643837,1.5142857142857145,1.2666666666666664,32.3,31.0,26.2
2018-05-14,30.0,36.8,22.7,0.0,52,22.69,13.1,2018,5,134,Spring,29.985714285714284,29.913333333333334,24.69068493150685,1.5142857142857145,1.2666666666666664,29.6,30.5,27.2
2018-05-15,31.2,37.5,24.7,0.0,50,23.22,14.4,2018,5,135,Spring,30.557142857142857,29.993333333333336,24.679726027397262,1.0142857142857145,1.2666666666666664,30.0,27.2,28.8
2018-05-16,31.9,38.9,25.0,0.4,42,23.0,20.5,2018,5,136,Spring,31.099999999999998,30.083333333333332,24.674520547945207,0.7571428571428573,1.0999999999999999,31.2,28.1,29.2
2018-05-17,32.7,40.4,25.4,0.0,30,22.07,18.6,2018,5,137,Spring,31.457142857142856,30.19333333333333,24.678904109589045,0.7571428571428573,1.0566666666666664,31.9,30.2,29.4
2018-05-18,32.5,39.5,26.5,0.0,32,22.68,9.7,2018,5,138,Spring,31.457142857142856,30.29666666666667,24.68164383561644,0.7571428571428573,1.0566666666666664,32.7,32.5,29.4
2018-05-19,32.1,39.2,25.6,1.5,38,19.43,16.1,2018,5,139,Spring,31.428571428571427,30.366666666666667,24.678904109589038,0.8142857142857144,1.1066666666666665,32.5,32.3,30.0
2018-05-20,32.9,40.0,25.7,0.0,28,23.42,14.7,2018,5,140,Spring,31.900000000000002,30.45333333333333,24.678356164383562,0.2714285714285717,1.0699999999999998,32.1,29.6,30.3
2018-05-21,33.7,40.8,26.1,0.0,17,24.61,16.2,2018,5,141,Spring,32.42857142857143,30.676666666666666,24.681917808219175,0.2714285714285717,1.0699999999999998,32.9,30.0,27.0
2018-05-22,35.5,42.7,28.0,0.0,18,24.43,15.9,2018,5,142,Spring,33.042857142857144,30.94333333333333,24.695068493150682,0.2714285714285717,1.0699999999999998,33.7,31.2,27.5
2018-05-23,34.5,42.1,28.3,0.1,26,22.73,22.9,2018,5,143,Spring,33.41428571428572,31.15,24.703287671232875,0.22857142857142884,1.0733333333333333,35.5,31.9,28.3
2018-05-24,33.8,41.6,27.6,0.0,30,21.72,14.6,2018,5,144,Spring,33.57142857142857,31.273333333333333,24.705479452054796,0.22857142857142884,1.0733333333333333,34.5,32.7,30.1
2018-05-25,34.6,42.1,25.9,0.0,25,24.89,16.9,2018,5,145,Spring,33.871428571428574,31.366666666666667,24.708493150684927,0.22857142857142884,1.0733333333333333,33.8,32.5,31.8
2018-05-26,34.9,42.9,27.0,0.0,17,25.17,13.4,2018,5,146,Spring,34.27142857142857,31.44666666666667,24.707123287671234,0.01428571428571454,1.0733333333333333,34.6,32.1,32.5
2018-05-27,35.3,43.0,26.9,0.0,19,25.2,16.6,2018,5,147,Spring,34.614285714285714,31.59333333333333,24.713698630136985,0.01428571428571454,1.033333333333333,34.9,32.9,30.9
2018-05-28,34.8,41.9,27.0,0.0,28,23.09,14.1,2018,5,148,Spring,34.77142857142857,31.73,24.72027397260274,0.01428571428571454,1.003333333333333,35.3,33.7,30.7
2018-05-29,34.0,41.7,27.5,0.0,33,22.56,19.8,2018,5,149,Spring,34.55714285714286,31.836666666666662,24.731506849315068,0.01428571428571454,0.9899999999999998,34.8,35.5,30.8
2018-05-30,32.8,40.4,27.1,0.7,49,20.65,27.2,2018,5,150,Spring,34.31428571428571,31.896666666666665,24.739178082191785,0.10000000000000024,0.9899999999999998,34.0,34.5,31.0
2018-05-31,34.3,41.5,27.2,0.0,45,21.97,18.4,2018,5,151,Spring,34.385714285714286,32.02333333333333,24.74849315068493,0.10000000000000024,0.6399999999999998,32.8,33.8,30.5
2018-06-01,33.9,41.2,29.1,4.8,48,23.13,27.9,2018,6,152,Summer,34.285714285714285,32.16,24.755342465753422,0.7857142857142859,0.6033333333333332,34.3,34.6,29.8
2018-06-02,33.0,39.3,27.0,0.0,49,23.92,20.5,2018,6,153,Summer,34.01428571428571,32.30333333333333,24.75643835616438,0.7857142857142859,0.6033333333333332,33.9,34.9,28.7
2018-06-03,32.9,37.3,28.2,0.0,53,21.05,18.5,2018,6,154,Summer,33.67142857142857,32.43333333333333,24.750136986301374,0.7857142857142859,0.6033333333333332,33.0,35.3,29.0
2018-06-04,34.9,40.5,29.6,0.0,45,21.18,21.8,2018,6,155,Summer,33.68571428571428,32.586666666666666,24.743561643835616,0.7857142857142859,0.6033333333333332,32.9,34.8,30.3
2018-06-05,35.3,39.7,30.9,0.7,45,20.49,24.6,2018,6,156,Summer,33.871428571428574,32.73,24.73643835616438,0.885714285714286,0.6266666666666665,34.9,34.0,31.0
2018-06-06,33.4,38.3,29.1,0.8,55,20.28,21.3,2018,6,157,Summer,33.957142857142856,32.82666666666667,24.727123287671233,0.9000000000000002,0.6533333333333331,35.3,32.8,30.5
2018-06-07,34.1,39.5,28.4,0.0,53,22.13,17.1,2018,6,158,Summer,33.92857142857143,33.056666666666665,24.733698630136985,0.9000000000000002,0.5366666666666665,33.4,34.3,27.2
2018-06-08,34.8,39.9,30.8,0.0,52,20.88,22.7,2018,6,159,Summer,34.05714285714286,33.28,24.74301369863014,0.21428571428571455,0.4633333333333331,34.1,33.9,28.1
2018-06-09,31.5,37.2,27.3,15.2,69,19.23,22.0,2018,6,160,Summer,33.84285714285714,33.32333333333333,24.744383561643836,2.385714285714286,0.9699999999999996,34.8,33.0,30.2
2018-06-10,31.5,36.1,26.4,1.9,68,18.86,11.4,2018,6,161,Summer,33.642857142857146,33.29,24.742465753424657,2.6571428571428575,1.033333333333333,31.5,32.9,32.5
2018-06-11,34.0,39.3,28.0,0.0,52,21.21,19.2,2018,6,162,Summer,33.51428571428571,33.346666666666664,24.747671232876716,2.6571428571428575,0.9966666666666664,31.5,34.9,32.3
2018-06-12,35.5,41.9,28.6,0.0,40,22.42,23.4,2018,6,163,Summer,33.54285714285714,33.54333333333333,24.755068493150684,2.5571428571428574,0.8699999999999997,34.0,35.3,29.6
2018-06-13,36.4,40.5,31.8,0.0,38,23.53,25.8,2018,6,164,Summer,33.97142857142857,33.75666666666667,24.76246575342466,2.442857142857143,0.8699999999999997,35.5,33.4,30.0
2018-06-14,36.0,40.3,31.2,0.0,37,23.99,27.3,2018,6,165,Summer,34.24285714285714,33.916666666666664,24.76684931506849,2.442857142857143,0.8699999999999997,36.4,34.1,31.2
2018-06-15,35.5,38.9,32.1,0.0,36,23.92,28.7,2018,6,166,Summer,34.34285714285714,34.03666666666666,24.773972602739725,2.442857142857143,0.8566666666666662,36.0,34.8,31.9
2018-06-16,34.9,39.3,31.2,0.0,41,21.77,21.1,2018,6,167,Summer,34.82857142857143,34.11,24.784657534246573,0.2714285714285717,0.8566666666666662,35.5,31.5,32.7
2018-06-17,31.7,35.7,28.5,0.2,58,18.98,18.1,2018,6,168,Summer,34.857142857142854,34.08333333333333,24.787945205479453,0.028571428571428827,0.8633333333333331,34.9,31.5,32.5
2018-06-18,31.1,35.9,26.8,0.6,55,18.29,16.1,2018,6,169,Summer,34.44285714285714,34.05,24.78876712328767,0.11428571428571455,0.8333333333333329,31.7,34.0,32.1
2018-06-19,32.6,38.6,26.3,0.0,51,23.18,16.6,2018,6,170,Summer,34.028571428571425,34.04,24.79205479452055,0.11428571428571453,0.8333333333333331,31.1,35.5,32.9
2018-06-20,34.9,40.1,28.9,0.0,45,22.11,12.9,2018,6,171,Summer,33.81428571428571,34.08,24.80630136986301,0.11428571428571453,0.8333333333333331,32.6,36.4,33.7
2018-06-21,35.4,40.7,29.8,0.0,42,20.85,14.1,2018,6,172,Summer,33.72857142857143,34.07666666666667,24.824657534246576,0.11428571428571453,0.8333333333333331,34.9,36.0,35.5
2018-06-22,36.5,41.7,31.9,0.0,38,22.45,17.3,2018,6,173,Summer,33.871428571428574,34.14333333333333,24.84493150684932,0.11428571428571453,0.8299999999999997,35.4,35.5,34.5
2018-06-23,35.9,40.7,30.8,0.0,39,18.29,21.3,2018,6,174,Summer,34.01428571428571,34.21333333333334,24.863013698630137,0.11428571428571453,0.8299999999999997,36.5,34.9,33.8
2018-06-24,35.6,40.5,30.6,0.0,39,17.09,15.7,2018,6,175,Summer,34.57142857142857,34.24666666666667,24.873972602739727,0.08571428571428595,0.8299999999999997,35.9,31.7,34.6
2018-06-25,36.3,40.8,31.1,0.0,36,20.97,18.2,2018,6,176,Summer,35.31428571428571,34.29333333333333,24.8827397260274,0.0,0.8299999999999997,35.6,31.1,34.9
2018-06-26,32.9,36.2,29.3,1.8,52,15.49,18.1,2018,6,177,Summer,35.357142857142854,34.21333333333333,24.88109589041096,0.2571428571428574,0.8899999999999998,36.3,32.6,35.3
2018-06-27,29.2,34.3,25.5,29.8,78,16.83,14.8,2018,6,178,Summer,34.542857142857144,34.026666666666664,24.87095890410959,4.514285714285714,1.883333333333333,32.9,34.9,34.8
2018-06-28,28.6,33.4,25.6,12.6,81,17.49,23.4,2018,6,179,Summer,33.57142857142857,33.846666666666664,24.86876712328767,6.314285714285715,2.3033333333333332,29.2,35.4,34.0
2018-06-29,29.4,33.2,25.8,4.3,76,20.23,26.0,2018,6,180,Summer,32.55714285714286,33.73333333333333,24.87315068493151,6.928571428571429,2.423333333333333,28.6,36.5,32.8
2018-06-30,29.6,33.0,26.6,4.9,79,19.28,15.9,2018,6,181,Summer,31.657142857142855,33.57666666666667,24.878082191780823,7.628571428571428,2.5866666666666664,29.4,35.9,34.3
2018-07-01,30.7,34.0,27.7,4.7,75,18.13,17.6,2018,7,182,Summer,30.957142857142856,33.47,24.883835616438358,8.3,2.5833333333333335,29.6,35.6,33.9
2018-07-02,30.6,35.0,25.4,15.2,72,19.65,20.5,2018,7,183,Summer,30.142857142857142,33.39,24.891232876712326,10.471428571428572,3.0899999999999994,30.7,36.3,33.0
2018-07-03,30.6,33.7,28.4,0.7,68,18.4,13.1,2018,7,184,Summer,29.814285714285717,33.31333333333333,24.89506849315069,10.314285714285715,3.113333333333333,30.6,32.9,32.9
2018-07-04,29.1,32.5,27.1,4.8,78,16.91,16.6,2018,7,185,Summer,29.8,33.12,24.89041095890411,6.742857142857143,3.273333333333333,30.6,29.2,34.9
2018-07-05,30.8,34.9,26.7,0.0,71,21.35,11.8,2018,7,186,Summer,30.114285714285717,32.97,24.89041095890411,4.942857142857142,3.2499999999999996,29.1,28.6,35.3
2018-07-06,31.1,34.9,26.9,0.0,67,21.88,14.3,2018,7,187,Summer,30.357142857142858,32.89333333333333,24.893150684931506,4.328571428571428,3.223333333333333,30.8,29.4,33.4
2018-07-07,31.7,36.1,27.3,0.0,65,23.61,13.2,2018,7,188,Summer,30.657142857142855,32.81333333333333,24.89808219178082,3.6285714285714286,3.223333333333333,31.1,29.6,34.1
2018-07-08,32.9,37.3,27.9,0.0,61,23.84,11.0,2018,7,189,Summer,30.97142857142857,32.75,24.903287671232878,2.957142857142857,3.223333333333333,31.7,30.7,34.8
2018-07-09,32.9,36.9,29.0,0.1,64,21.58,19.0,2018,7,190,Summer,31.3,32.79666666666667,24.905205479452054,0.7999999999999999,2.7199999999999998,32.9,30.6,31.5
2018-07-10,32.8,37.1,28.8,0.3,67,21.22,16.9,2018,7,191,Summer,31.61428571428571,32.84,24.90739726027397,0.7428571428571429,2.6666666666666665,32.9,30.6,31.5
2018-07-11,31.8,36.3,28.4,4.5,72,19.23,16.8,2018,7,192,Summer,32.0,32.766666666666666,24.91123287671233,0.7000000000000001,2.816666666666667,32.8,29.1,34.0
2018-07-12,29.6,33.5,26.1,25.5,80,15.68,15.5,2018,7,193,Summer,31.828571428571426,32.57,24.915068493150685,4.3428571428571425,3.6666666666666665,31.8,30.8,35.5
2018-07-13,29.1,32.2,26.5,6.6,82,14.88,15.5,2018,7,194,Summer,31.54285714285714,32.32666666666667,24.914794520547943,5.285714285714286,3.8866666666666663,29.6,31.1,36.4
2018-07-14,28.5,31.8,25.7,6.4,85,16.35,14.3,2018,7,195,Summer,31.085714285714285,32.07666666666667,24.911506849315064,6.2,4.1,29.1,31.7,36.0
2018-07-15,29.4,33.2,26.2,7.4,83,17.49,13.8,2018,7,196,Summer,30.585714285714285,31.87333333333333,24.911232876712326,7.257142857142857,4.346666666666667,28.5,32.9,35.5
2018-07-16,29.1,32.1,27.2,10.9,85,12.8,14.8,2018,7,197,Summer,30.04285714285714,31.68,24.90931506849315,8.799999999999999,4.71,29.4,32.9,34.9
2018-07-17,30.4,33.2,27.5,3.5,80,17.19,16.1,2018,7,198,Summer,29.7,31.636666666666667,24.911232876712326,9.257142857142856,4.819999999999999,29.1,32.8,31.7
2018-07-18,30.1,33.3,28.3,12.2,80,16.96,16.5,2018,7,199,Summer,29.457142857142856,31.603333333333335,24.910958904109588,10.357142857142858,5.206666666666666,30.4,31.8,31.1
2018-07-19,30.1,32.9,27.4,13.3,80,15.86,18.0,2018,7,200,Summer,29.528571428571432,31.52,24.907123287671233,8.614285714285714,5.65,30.1,29.6,32.6
2018-07-20,29.4,32.5,27.2,8.3,84,14.9,8.3,2018,7,201,Summer,29.571428571428573,31.336666666666666,24.907123287671233,8.857142857142858,5.926666666666666,30.1,29.1,34.9
2018-07-21,28.4,30.8,26.4,20.9,89,10.57,11.7,2018,7,202,Summer,29.557142857142857,31.103333333333335,24.903561643835616,10.928571428571429,6.623333333333333,29.4,28.5,35.4
2018-07-22,27.4,29.6,25.4,30.6,91,8.67,10.5,2018,7,203,Summer,29.271428571428572,30.8,24.900821917808223,14.242857142857142,7.643333333333333,28.4,29.4,36.5
2018-07-23,28.8,32.4,26.1,5.1,86,16.5,12.5,2018,7,204,Summer,29.22857142857143,30.563333333333336,24.903013698630136,13.414285714285715,7.813333333333333,27.4,29.1,35.9
2018-07-24,30.0,32.9,26.9,1.5,78,18.36,10.7,2018,7,205,Summer,29.17142857142857,30.37666666666667,24.90958904109589,13.12857142857143,7.863333333333332,28.8,30.4,35.6
2018-07-25,28.8,32.2,27.0,8.2,85,13.47,9.8,2018,7,206,Summer,28.985714285714288,30.126666666666665,24.912602739726022,12.557142857142859,8.136666666666667,30.0,30.1,36.3
2018-07-26,26.9,29.4,25.7,16.3,91,7.66,14.8,2018,7,207,Summer,28.52857142857143,29.926666666666666,24.907671232876716,12.985714285714286,8.620000000000001,28.8,30.1,32.9
2018-07-27,26.8,29.1,25.1,14.2,90,8.59,13.7,2018,7,208,Summer,28.157142857142862,29.84666666666667,24.90054794520548,13.828571428571427,8.1,26.9,29.4,29.2
2018-07-28,28.1,31.7,24.9,2.8,83,16.42,22.0,2018,7,209,Summer,28.114285714285717,29.83,24.897808219178085,11.242857142857144,7.7733333333333325,26.8,28.4,28.6
2018-07-29,29.0,32.5,25.5,2.4,82,17.96,15.5,2018,7,210,Summer,28.342857142857145,29.816666666666666,24.898082191780826,7.214285714285714,7.709999999999999,28.1,27.4,29.4
2018-07-30,29.2,33.3,26.4,2.4,79,19.13,16.4,2018,7,211,Summer,28.400000000000002,29.803333333333335,24.9,6.828571428571428,7.626666666666666,29.0,28.8,29.6
2018-07-31,29.7,33.5,26.8,2.5,76,20.64,16.9,2018,7,212,Summer,28.357142857142858,29.77,24.906575342465754,6.971428571428571,7.553333333333333,29.2,30.0,30.7
2018-08-01,29.9,34.2,26.1,0.4,74,22.82,19.1,2018,8,213,Summer,28.514285714285712,29.746666666666666,24.915068493150685,5.857142857142857,7.0600000000000005,29.7,28.8,30.6
2018-08-02,30.5,34.2,27.5,0.2,70,22.84,18.5,2018,8,214,Summer,29.02857142857143,29.743333333333336,24.921369863013698,3.557142857142857,7.043333333333333,29.9,26.9,30.6
2018-08-03,30.4,34.4,27.8,0.0,67,19.75,20.3,2018,8,215,Summer,29.54285714285714,29.78666666666667,24.92547945205479,1.5285714285714285,6.883333333333334,30.5,26.8,29.1
2018-08-04,30.4,34.0,27.7,0.0,66,19.23,17.8,2018,8,216,Summer,29.87142857142857,29.77333333333333,24.929041095890412,1.1285714285714286,6.883333333333334,30.4,28.1,30.8
2018-08-05,29.1,32.8,27.0,1.3,72,9.83,13.9,2018,8,217,Summer,29.885714285714283,29.706666666666667,24.927123287671233,0.9714285714285715,6.926666666666667,30.4,29.0,31.1
2018-08-06,26.8,28.5,25.6,4.6,86,5.87,12.1,2018,8,218,Summer,29.542857142857144,29.543333333333333,24.919726027397264,1.2857142857142858,7.08,29.1,29.2,31.7
2018-08-07,26.6,29.1,25.1,19.4,91,8.65,8.9,2018,8,219,Summer,29.1,29.333333333333332,24.91479452054795,3.6999999999999997,7.7266666666666675,26.8,29.7,32.9
2018-08-08,27.9,31.5,25.0,9.4,86,15.17,13.6,2018,8,220,Summer,28.814285714285717,29.166666666666668,24.91287671232877,4.985714285714286,8.036666666666667,26.6,29.9,32.9
2018-08-09,29.2,32.6,26.4,2.9,82,19.0,14.1,2018,8,221,Summer,28.62857142857143,29.046666666666667,24.916438356164385,5.371428571428571,8.123333333333333,27.9,30.5,32.8
2018-08-10,29.5,32.8,26.2,2.9,83,18.41,11.7,2018,8,222,Summer,28.5,28.970000000000002,24.91835616438356,5.785714285714286,8.07,29.2,30.4,31.8
2018-08-11,29.8,33.6,26.0,2.7,78,17.72,20.4,2018,8,223,Summer,28.414285714285715,28.976666666666667,24.917260273972605,6.171428571428571,7.3100000000000005,29.5,30.4,29.6
2018-08-12,28.8,30.4,27.1,2.1,79,14.77,13.6,2018,8,224,Summer,28.37142857142857,28.966666666666665,24.913972602739726,6.285714285714286,7.16,29.8,29.1,29.1
2018-08-13,29.1,32.5,26.6,2.5,77,19.57,9.3,2018,8,225,Summer,28.699999999999996,28.986666666666668,24.912054794520547,5.985714285714286,7.03,28.8,26.8,28.5
2018-08-14,29.3,32.8,26.4,1.0,79,19.35,10.5,2018,8,226,Summer,29.085714285714285,28.983333333333334,24.910958904109588,3.357142857142857,6.816666666666666,29.1,26.6,29.4
2018-08-15,29.0,33.1,26.2,7.4,84,16.52,13.6,2018,8,227,Summer,29.24285714285714,28.98,24.908767123287667,3.0714285714285716,6.7,29.3,27.9,29.1
2018-08-16,29.1,32.4,26.5,3.4,85,18.67,9.5,2018,8,228,Summer,29.228571428571428,28.936666666666667,24.905205479452054,3.142857142857143,6.696666666666666,29.0,29.2,30.4
2018-08-17,29.4,31.9,26.9,3.4,83,17.41,14.2,2018,8,229,Summer,29.214285714285715,28.913333333333334,24.900547945205478,3.2142857142857144,6.403333333333333,29.1,29.5,30.1
2018-08-18,29.2,32.4,26.9,6.4,84,17.35,12.3,2018,8,230,Summer,29.128571428571426,28.883333333333333,24.895342465753423,3.742857142857143,6.173333333333333,29.4,29.8,30.1
2018-08-19,28.9,31.2,26.8,4.9,87,13.9,10.7,2018,8,231,Summer,29.142857142857142,28.866666666666667,24.897260273972602,4.142857142857143,6.06,29.2,28.8,29.4
2018-08-20,29.2,32.8,26.7,3.6,86,16.06,13.8,2018,8,232,Summer,29.157142857142855,28.89333333333333,24.896164383561644,4.3,5.483333333333333,28.9,29.1,28.4
2018-08-21,29.5,33.1,26.0,2.5,85,20.32,9.9,2018,8,233,Summer,29.185714285714287,28.96333333333333,24.89698630136986,4.514285714285714,4.546666666666666,29.2,29.3,27.4
2018-08-22,29.3,33.1,26.8,10.1,84,17.05,10.7,2018,8,234,Summer,29.228571428571428,28.98,24.89835616438356,4.8999999999999995,4.713333333333333,29.5,29.0,28.8
2018-08-23,28.3,31.8,26.2,12.4,88,15.88,13.0,2018,8,235,Summer,29.114285714285717,28.923333333333332,24.89917808219178,6.185714285714286,5.076666666666666,29.3,29.1,30.0
2018-08-24,28.6,32.7,25.5,9.1,83,16.48,15.8,2018,8,236,Summer,29.0,28.916666666666668,24.899178082191778,7.0,5.1066666666666665,28.3,29.4,28.8
2018-08-25,28.5,32.8,26.3,1.8,79,18.89,20.5,2018,8,237,Summer,28.900000000000002,28.970000000000002,24.900273972602736,6.3428571428571425,4.623333333333333,28.6,29.2,26.9
2018-08-26,28.6,32.5,25.9,1.7,80,18.89,14.9,2018,8,238,Summer,28.857142857142858,29.029999999999998,24.903013698630136,5.885714285714286,4.206666666666666,28.5,28.9,26.8
2018-08-27,27.5,30.6,25.9,6.0,89,10.4,10.0,2018,8,239,Summer,28.61428571428571,29.01,24.9,6.228571428571428,4.3133333333333335,28.6,29.2,28.1
2018-08-28,27.6,31.0,25.6,14.0,88,13.16,13.7,2018,8,240,Summer,28.342857142857145,28.963333333333335,24.90054794520548,7.871428571428571,4.7,27.5,29.5,29.0
2018-08-29,28.0,30.8,25.8,4.6,89,13.08,12.1,2018,8,241,Summer,28.157142857142862,28.923333333333336,24.900821917808216,7.085714285714286,4.7733333333333325,27.6,29.3,29.2
2018-08-30,29.0,32.5,25.7,3.5,85,17.3,10.0,2018,8,242,Summer,28.25714285714286,28.9,24.903013698630136,5.814285714285714,4.806666666666667,28.0,28.3,29.7
2018-08-31,29.5,33.8,26.4,1.2,81,19.0,12.0,2018,8,243,Summer,28.38571428571429,28.886666666666667,24.91150684931507,4.685714285714285,4.833333333333332,29.0,28.6,29.9
2018-09-01,28.3,31.8,26.2,1.3,86,15.82,10.8,2018,9,244,Autumn,28.357142857142858,28.813333333333333,24.916438356164385,4.614285714285714,4.87,29.5,28.5,30.5
2018-09-02,26.7,29.4,24.5,32.7,90,10.75,9.3,2018,9,245,Autumn,28.08571428571429,28.69,24.91917808219178,9.042857142857143,5.96,28.3,28.6,30.4
2018-09-03,26.7,30.4,24.8,8.2,90,13.33,6.6,2018,9,246,Autumn,27.97142857142857,28.566666666666666,24.916986301369864,9.357142857142858,6.233333333333333,26.7,27.5,30.4
2018-09-04,26.7,28.9,25.2,9.0,91,11.16,11.5,2018,9,247,Autumn,27.842857142857138,28.486666666666668,24.911780821917805,8.642857142857142,6.489999999999999,26.7,27.6,29.1
2018-09-05,27.7,31.4,25.2,0.9,85,16.7,15.6,2018,9,248,Autumn,27.8,28.516666666666666,24.90958904109589,8.114285714285714,6.366666666666666,26.7,28.0,26.8
2018-09-06,28.0,31.6,25.3,7.9,83,17.67,14.4,2018,9,249,Autumn,27.657142857142855,28.563333333333333,24.907671232876716,8.742857142857142,5.983333333333333,27.7,29.0,26.6
2018-09-07,27.9,30.9,25.9,8.6,88,14.74,13.6,2018,9,250,Autumn,27.428571428571427,28.563333333333336,24.90904109589041,9.799999999999999,5.956666666666667,28.0,29.5,27.9
2018-09-08,27.4,31.2,25.2,8.0,86,13.82,23.5,2018,9,251,Autumn,27.3,28.503333333333334,24.90684931506849,10.757142857142856,6.126666666666667,27.9,28.3,29.2
2018-09-09,27.0,29.7,24.4,0.2,83,14.05,22.3,2018,9,252,Autumn,27.342857142857138,28.42,24.902191780821916,6.114285714285713,6.036666666666666,27.4,26.7,29.5
2018-09-10,27.5,31.3,24.2,2.4,83,16.42,9.8,2018,9,253,Autumn,27.457142857142856,28.343333333333337,24.895890410958906,5.285714285714286,6.026666666666667,27.0,26.7,29.8
2018-09-11,27.8,30.8,25.2,3.0,84,16.67,11.2,2018,9,254,Autumn,27.614285714285717,28.31,24.89068493150685,4.428571428571428,6.056666666666667,27.5,26.7,28.8
2018-09-12,28.5,32.7,25.9,0.4,76,19.29,18.4,2018,9,255,Autumn,27.728571428571428,28.29,24.888219178082196,4.357142857142857,5.986666666666666,27.8,27.7,29.1
2018-09-13,28.5,32.2,25.6,0.0,71,20.38,19.4,2018,9,256,Autumn,27.8,28.263333333333332,24.88465753424658,3.2285714285714278,5.953333333333333,28.5,28.0,29.3
2018-09-14,27.8,31.6,24.3,0.0,71,19.72,14.4,2018,9,257,Autumn,27.785714285714285,28.223333333333336,24.880000000000003,1.999999999999999,5.706666666666667,28.5,27.9,29.0
2018-09-15,27.9,32.3,23.8,0.0,70,21.45,12.4,2018,9,258,Autumn,27.857142857142858,28.183333333333334,24.87616438356164,0.8571428571428561,5.593333333333334,27.8,27.4,29.1
2018-09-16,28.0,32.4,23.4,0.0,68,20.91,16.5,2018,9,259,Autumn,28.0,28.136666666666667,24.874246575342468,0.8285714285714275,5.48,27.9,27.0,29.4
2018-09-17,28.1,32.1,24.0,0.0,71,20.8,14.3,2018,9,260,Autumn,28.08571428571429,28.1,24.872602739726027,0.4857142857142847,5.266666666666667,28.0,27.5,29.2
2018-09-18,27.6,33.1,22.9,0.0,69,20.96,16.3,2018,9,261,Autumn,28.057142857142857,28.056666666666665,24.86849315068493,0.05714285714285613,5.1033333333333335,28.1,27.8,28.9
2018-09-19,27.7,33.4,22.5,0.0,69,21.83,15.1,2018,9,262,Autumn,27.942857142857143,28.006666666666668,24.863561643835613,0.0,4.983333333333333,27.6,28.5,29.2
2018-09-20,28.4,33.3,22.7,0.0,70,21.17,10.0,2018,9,263,Autumn,27.928571428571427,27.970000000000002,24.859178082191782,0.0,4.9,27.7,28.5,29.5
2018-09-21,27.2,31.4,23.9,6.2,78,17.46,18.2,2018,9,264,Autumn,27.842857142857138,27.9,24.853972602739724,0.8857142857142847,4.77,28.4,27.8,29.3
2018-09-22,24.9,28.1,22.6,50.6,88,7.01,27.8,2018,9,265,Autumn,27.414285714285715,27.78666666666667,24.852054794520548,8.114285714285714,6.043333333333333,27.2,27.9,28.3
2018-09-23,25.4,29.0,23.6,15.6,89,12.78,27.2,2018,9,266,Autumn,27.042857142857144,27.68,24.855068493150686,10.342857142857142,6.26,24.9,28.0,28.6
2018-09-24,24.6,26.5,23.2,12.8,92,6.7,24.9,2018,9,267,Autumn,26.54285714285714,27.55,24.853150684931506,12.171428571428573,6.626666666666666,25.4,28.1,28.5
2018-09-25,25.2,29.1,22.6,0.3,85,14.98,19.7,2018,9,268,Autumn,26.199999999999996,27.436666666666667,24.846849315068493,12.214285714285714,6.58,24.6,27.6,28.6
2018-09-26,26.0,30.7,22.1,0.0,81,19.3,11.0,2018,9,269,Autumn,25.957142857142856,27.386666666666667,24.84054794520548,12.214285714285714,6.38,25.2,27.7,27.5
2018-09-27,27.0,31.6,22.0,0.0,77,20.17,8.4,2018,9,270,Autumn,25.757142857142856,27.366666666666667,24.83671232876712,12.214285714285714,5.913333333333333,26.0,28.4,27.6
2018-09-28,27.7,32.2,22.6,0.6,74,19.26,9.5,2018,9,271,Autumn,25.82857142857143,27.356666666666666,24.834246575342465,11.414285714285713,5.78,27.0,27.2,28.0
2018-09-29,27.2,32.6,22.2,0.0,74,19.85,8.5,2018,9,272,Autumn,26.157142857142855,27.296666666666667,24.82931506849315,4.185714285714285,5.663333333333333,27.7,24.9,29.0
2018-09-30,26.6,31.8,22.2,0.0,73,20.09,14.9,2018,9,273,Autumn,26.328571428571426,27.2,24.823287671232876,1.9571428571428562,5.623333333333333,27.2,25.4,29.5
2018-10-01,26.6,32.5,22.0,0.0,72,20.1,10.3,2018,10,274,Autumn,26.614285714285717,27.14333333333333,24.818356164383562,0.12857142857142753,5.58,26.6,24.6,28.3
2018-10-02,27.5,33.3,21.7,0.0,68,19.81,11.8,2018,10,275,Autumn,26.942857142857147,27.169999999999998,24.81424657534247,0.08571428571428467,4.489999999999999,26.6,25.2,26.7
2018-10-03,26.9,32.8,21.7,0.0,65,18.49,9.2,2018,10,276,Autumn,27.071428571428573,27.17666666666667,24.81095890410959,0.08571428571428467,4.216666666666667,27.5,26.0,26.7
2018-10-04,26.4,32.6,22.0,1.0,71,17.26,9.7,2018,10,277,Autumn,26.985714285714288,27.166666666666668,24.80630136986301,0.22857142857142754,3.95,26.9,27.0,26.7
2018-10-05,26.4,32.7,21.0,0.0,72,19.25,8.5,2018,10,278,Autumn,26.8,27.123333333333335,24.801643835616435,0.14285714285714185,3.9200000000000004,26.4,27.7,27.7
2018-10-06,25.8,32.2,20.3,0.0,64,19.03,12.0,2018,10,279,Autumn,26.599999999999998,27.05,24.795890410958904,0.14285714285714185,3.6566666666666667,26.4,27.2,28.0
2018-10-07,25.3,31.8,20.0,0.0,67,19.26,10.8,2018,10,280,Autumn,26.414285714285715,26.96333333333333,24.789315068493153,0.14285714285714185,3.37,25.8,26.6,27.9
2018-10-08,26.1,32.4,20.0,0.0,67,19.11,8.7,2018,10,281,Autumn,26.342857142857138,26.92,24.785753424657532,0.14285714285714185,3.1033333333333335,25.3,26.6,27.4
2018-10-09,26.2,31.9,21.7,0.0,72,18.75,15.3,2018,10,282,Autumn,26.157142857142855,26.89333333333333,24.78109589041096,0.14285714285714185,3.0966666666666667,26.1,27.5,27.0
2018-10-10,25.3,31.7,21.9,0.2,78,17.94,15.9,2018,10,283,Autumn,25.928571428571427,26.82,24.773972602739725,0.1714285714285704,3.0233333333333334,26.2,26.9,27.5
2018-10-11,24.1,28.5,20.4,1.3,80,16.33,20.6,2018,10,284,Autumn,25.6,26.696666666666665,24.76356164383562,0.21428571428571327,2.966666666666667,25.3,26.4,27.8
2018-10-12,23.7,29.9,18.3,0.0,71,18.57,11.3,2018,10,285,Autumn,25.214285714285715,26.53666666666667,24.751232876712326,0.21428571428571327,2.9533333333333336,24.1,26.4,28.5
2018-10-13,23.2,29.1,18.4,0.0,66,18.55,12.3,2018,10,286,Autumn,24.842857142857138,26.360000000000003,24.73780821917808,0.21428571428571327,2.9533333333333336,23.7,25.8,28.5
2018-10-14,23.2,30.2,17.0,0.0,61,18.76,16.0,2018,10,287,Autumn,24.542857142857144,26.206666666666663,24.724657534246575,0.21428571428571327,2.9533333333333336,23.2,25.3,27.8
2018-10-15,24.4,31.6,17.7,0.0,58,17.97,10.1,2018,10,288,Autumn,24.300000000000004,26.089999999999996,24.714794520547944,0.21428571428571327,2.9533333333333336,23.2,26.1,27.9
2018-10-16,24.8,30.8,18.9,0.0,68,15.02,10.1,2018,10,289,Autumn,24.099999999999998,25.983333333333334,24.706301369863013,0.21428571428571327,2.9533333333333336,24.4,26.2,28.0
2018-10-17,25.0,32.5,19.1,0.0,68,17.77,10.2,2018,10,290,Autumn,24.057142857142857,25.88,24.702191780821916,0.1857142857142847,2.9533333333333336,24.8,25.3,28.1
2018-10-18,24.8,31.4,19.2,0.4,71,15.44,21.0,2018,10,291,Autumn,24.157142857142855,25.78666666666667,24.698356164383565,0.05714285714285613,2.966666666666667,25.0,24.1,27.6
2018-10-19,25.3,31.7,18.5,0.0,60,16.62,11.3,2018,10,292,Autumn,24.385714285714283,25.706666666666667,24.692876712328765,0.05714285714285613,2.966666666666667,24.8,23.7,27.7
2018-10-20,24.4,31.3,18.4,0.0,56,16.82,9.7,2018,10,293,Autumn,24.557142857142857,25.573333333333334,24.683013698630134,0.05714285714285613,2.966666666666667,25.3,23.2,28.4
2018-10-21,23.4,30.1,18.4,0.0,54,16.17,12.0,2018,10,294,Autumn,24.585714285714285,25.446666666666665,24.672876712328762,0.05714285714285613,2.76,24.4,23.2,27.2
2018-10-22,22.5,29.7,16.1,0.0,49,17.56,14.3,2018,10,295,Autumn,24.314285714285713,25.366666666666667,24.660547945205476,0.05714285714285613,1.0733333333333335,23.4,24.4,24.9
2018-10-23,23.0,30.1,16.4,0.0,48,17.22,12.0,2018,10,296,Autumn,24.057142857142857,25.28666666666667,24.650958904109586,0.05714285714285613,0.5533333333333332,22.5,24.8,25.4
2018-10-24,23.4,30.1,17.6,0.0,57,16.67,11.4,2018,10,297,Autumn,23.82857142857143,25.246666666666666,24.645205479452056,0.05714285714285613,0.12666666666666665,23.0,25.0,24.6
2018-10-25,23.2,30.2,16.1,0.0,59,16.68,10.6,2018,10,298,Autumn,23.599999999999998,25.18,24.64,0.0,0.11666666666666667,23.4,24.8,25.2
2018-10-26,22.7,30.2,16.6,0.0,63,16.1,10.5,2018,10,299,Autumn,23.228571428571428,25.069999999999997,24.634520547945208,0.0,0.11666666666666667,23.2,25.3,26.0
2018-10-27,23.3,29.7,18.0,0.0,61,15.85,11.6,2018,10,300,Autumn,23.071428571428573,24.946666666666665,24.632602739726025,0.0,0.11666666666666667,22.7,24.4,27.0
2018-10-28,23.0,29.9,16.2,0.0,63,16.42,13.0,2018,10,301,Autumn,23.014285714285712,24.790000000000003,24.62794520547945,0.0,0.09666666666666666,23.3,23.4,27.7
2018-10-29,22.8,29.5,16.0,0.0,64,16.33,11.2,2018,10,302,Autumn,23.057142857142857,24.64333333333333,24.624931506849315,0.0,0.09666666666666666,23.0,22.5,27.2
2018-10-30,23.7,29.2,18.2,0.0,63,15.98,8.4,2018,10,303,Autumn,23.157142857142855,24.546666666666667,24.625753424657532,0.0,0.09666666666666666,22.8,23.0,26.6
2018-10-31,23.8,29.3,18.2,0.0,63,15.97,9.5,2018,10,304,Autumn,23.214285714285715,24.453333333333333,24.625205479452056,0.0,0.09666666666666666,23.7,23.4,26.6
2018-11-01,23.2,29.0,18.1,0.0,65,14.21,8.9,2018,11,305,Autumn,23.214285714285715,24.310000000000002,24.621917808219177,0.0,0.09666666666666666,23.8,23.2,27.5
2018-11-02,23.5,30.0,17.5,0.1,67,14.95,10.9,2018,11,306,Autumn,23.32857142857143,24.196666666666665,24.62082191780822,0.014285714285713272,0.1,23.2,22.7,26.9
2018-11-03,23.5,28.3,19.8,0.0,64,12.66,20.5,2018,11,307,Autumn,23.357142857142858,24.1,24.621095890410956,0.014285714285713272,0.06666666666666667,23.5,23.3,26.4
2018-11-04,22.3,27.4,17.3,0.0,61,15.14,15.5,2018,11,308,Autumn,23.25714285714286,23.96333333333333,24.61945205479452,0.014285714285713272,0.06666666666666667,23.5,23.0,26.4
2018-11-05,20.2,25.5,15.0,0.0,62,15.37,12.3,2018,11,309,Autumn,22.885714285714283,23.776666666666667,24.60931506849315,0.014285714285713272,0.06666666666666667,22.3,22.8,25.8
2018-11-06,20.0,26.1,15.3,0.0,50,15.62,17.5,2018,11,310,Autumn,22.357142857142858,23.6,24.599178082191777,0.014285714285713272,0.06666666666666667,20.2,23.7,25.3
2018-11-07,19.1,26.1,12.6,0.0,40,15.77,11.5,2018,11,311,Autumn,21.685714285714283,23.366666666666667,24.58876712328767,0.014285714285713272,0.06666666666666667,20.0,23.8,26.1
2018-11-08,20.1,26.4,13.5,0.0,49,15.2,9.3,2018,11,312,Autumn,21.24285714285714,23.163333333333334,24.58109589041096,0.014285714285713272,0.06666666666666667,19.1,23.2,26.2
2018-11-09,20.4,26.7,12.8,0.0,60,14.88,9.2,2018,11,313,Autumn,20.8,23.0,24.576164383561643,0.0,0.060000000000000005,20.1,23.5,25.3
2018-11-10,20.8,27.5,14.0,0.0,63,14.62,9.8,2018,11,314,Autumn,20.414285714285715,22.89,24.572602739726026,0.0,0.016666666666666666,20.4,23.5,24.1
2018-11-11,21.8,28.0,14.4,0.0,61,14.37,9.4,2018,11,315,Autumn,20.342857142857145,22.826666666666664,24.573972602739726,0.0,0.016666666666666666,20.8,22.3,23.7
2018-11-12,21.5,27.9,14.9,0.0,68,14.07,9.6,2018,11,316,Autumn,20.52857142857143,22.769999999999996,24.575342465753426,0.0,0.016666666666666666,21.8,20.2,23.2
2018-11-13,22.1,28.1,17.1,0.1,69,12.69,9.5,2018,11,317,Autumn,20.82857142857143,22.733333333333334,24.578630136986302,0.014285714285713272,0.020000000000000004,21.5,20.0,23.2
2018-11-14,21.5,26.0,17.9,1.1,72,10.11,18.7,2018,11,318,Autumn,21.171428571428574,22.636666666666667,24.57972602739726,0.17142857142857043,0.05666666666666667,22.1,19.1,24.4
2018-11-15,20.7,26.7,16.3,0.6,72,13.82,19.2,2018,11,319,Autumn,21.25714285714286,22.5,24.57945205479452,0.2571428571428562,0.07666666666666667,21.5,20.1,24.8
2018-11-16,19.1,25.3,14.4,0.0,61,14.24,20.4,2018,11,320,Autumn,21.071428571428573,22.303333333333335,24.576986301369864,0.2571428571428562,0.07666666666666667,20.7,20.4,25.0
2018-11-17,18.5,25.1,14.0,0.0,64,14.04,12.8,2018,11,321,Autumn,20.74285714285714,22.093333333333337,24.57315068493151,0.2571428571428562,0.06333333333333334,19.1,20.8,24.8
2018-11-18,19.8,26.8,14.3,0.0,64,13.61,10.0,2018,11,322,Autumn,20.457142857142856,21.91,24.572054794520547,0.2571428571428562,0.06333333333333334,18.5,21.8,25.3
2018-11-19,20.8,26.6,16.8,0.0,63,11.45,13.8,2018,11,323,Autumn,20.357142857142858,21.79,24.576986301369864,0.2571428571428562,0.06333333333333334,19.8,21.5,24.4
2018-11-20,20.5,27.2,15.6,0.0,72,13.71,12.2,2018,11,324,Autumn,20.12857142857143,21.69333333333333,24.586575342465753,0.24285714285714186,0.06333333333333334,20.8,22.1,23.4
2018-11-21,19.7,26.7,14.6,0.0,62,13.79,14.8,2018,11,325,Autumn,19.871428571428574,21.6,24.595342465753422,0.0857142857142847,0.06333333333333334,20.5,21.5,22.5
2018-11-22,19.6,26.6,12.5,0.0,58,12.77,9.2,2018,11,326,Autumn,19.714285714285715,21.486666666666668,24.603287671232874,0.0,0.06333333333333334,19.7,20.7,23.0
2018-11-23,19.3,26.3,12.8,0.0,57,13.63,19.6,2018,11,327,Autumn,19.74285714285714,21.35,24.610684931506853,0.0,0.06333333333333334,19.6,19.1,23.4
2018-11-24,19.3,26.0,14.4,0.0,53,13.63,21.3,2018,11,328,Autumn,19.857142857142858,21.220000000000002,24.6172602739726,0.0,0.06333333333333334,19.3,18.5,23.2
2018-11-25,17.8,25.2,12.0,0.0,60,13.55,10.9,2018,11,329,Autumn,19.571428571428573,21.05666666666667,24.619452054794518,0.0,0.06333333333333334,19.3,19.8,22.7
2018-11-26,18.5,25.6,11.0,0.0,66,13.38,14.1,2018,11,330,Autumn,19.242857142857144,20.896666666666665,24.62356164383561,0.0,0.06333333333333334,17.8,20.8,23.3
2018-11-27,19.5,25.3,11.8,0.0,69,11.76,10.2,2018,11,331,Autumn,19.1,20.779999999999998,24.629589041095887,0.0,0.06333333333333334,18.5,20.5,23.0
2018-11-28,19.6,25.2,14.6,0.0,72,11.13,8.1,2018,11,332,Autumn,19.085714285714285,20.673333333333336,24.635616438356163,0.0,0.06333333333333334,19.5,19.7,22.8
2018-11-29,18.6,25.5,13.5,0.0,72,12.86,11.2,2018,11,333,Autumn,18.942857142857147,20.503333333333334,24.63780821917808,0.0,0.06333333333333334,19.6,19.6,23.7
2018-11-30,18.3,25.8,12.6,0.0,69,12.99,14.6,2018,11,334,Autumn,18.8,20.32,24.64027397260274,0.0,0.06333333333333334,18.6,19.3,23.8
2018-12-01,17.4,24.8,12.2,0.0,67,13.11,13.0,2018,12,335,Winter,18.52857142857143,20.126666666666665,24.64109589041096,0.0,0.06333333333333334,18.3,19.3,23.2
2018-12-02,17.8,24.3,11.1,0.0,58,12.97,9.4,2018,12,336,Winter,18.528571428571432,19.936666666666667,24.64246575342466,0.0,0.06000000000000001,17.4,17.8,23.5
2018-12-03,17.7,23.9,10.3,0.0,61,12.89,8.9,2018,12,337,Winter,18.414285714285715,19.743333333333332,24.64328767123288,0.0,0.06000000000000001,17.8,18.5,23.5
2018-12-04,17.3,23.4,12.7,0.0,66,12.38,10.3,2018,12,338,Winter,18.1,19.576666666666668,24.645205479452056,0.0,0.06000000000000001,17.7,19.5,22.3
2018-12-05,16.7,22.9,9.9,0.0,69,12.58,9.8,2018,12,339,Winter,17.685714285714287,19.459999999999997,24.64356164383562,0.0,0.06000000000000001,17.3,19.6,20.2
2018-12-06,17.0,23.0,12.4,0.0,67,12.54,10.5,2018,12,340,Winter,17.45714285714286,19.36,24.64219178082192,0.0,0.06000000000000001,16.7,18.6,20.0
2018-12-07,15.9,22.9,10.7,0.0,70,12.69,14.1,2018,12,341,Winter,17.114285714285717,19.25333333333333,24.63808219178082,0.0,0.06000000000000001,17.0,18.3,19.1
2018-12-08,15.4,23.0,9.5,0.0,70,12.66,11.0,2018,12,342,Winter,16.82857142857143,19.09666666666667,24.634520547945208,0.0,0.06000000000000001,15.9,17.4,20.1
2018-12-09,15.9,22.5,11.1,0.0,67,12.57,11.2,2018,12,343,Winter,16.557142857142857,18.946666666666665,24.632328767123287,0.0,0.06000000000000001,15.4,17.8,20.4
2018-12-10,15.5,22.2,10.0,0.1,72,11.92,11.3,2018,12,344,Winter,16.242857142857144,18.77,24.62821917808219,0.014285714285713272,0.06333333333333334,15.9,17.7,20.8
2018-12-11,15.5,21.6,9.4,0.0,68,11.98,9.6,2018,12,345,Winter,15.985714285714286,18.560000000000002,24.623561643835618,0.014285714285713272,0.06333333333333334,15.5,17.3,21.8
2018-12-12,14.6,18.3,11.5,0.8,76,8.0,15.3,2018,12,346,Winter,15.685714285714285,18.330000000000002,24.618356164383563,0.12857142857142756,0.09000000000000001,15.5,16.7,21.5
2018-12-13,14.3,19.6,10.2,0.1,75,11.46,9.7,2018,12,347,Winter,15.299999999999999,18.07,24.61835616438356,0.14285714285714185,0.09000000000000001,14.6,17.0,22.1
2018-12-14,14.0,20.2,9.4,0.0,70,12.55,11.2,2018,12,348,Winter,15.028571428571427,17.82,24.619452054794518,0.14285714285714185,0.05333333333333334,14.3,15.9,21.5
2018-12-15,13.8,20.8,8.7,0.0,68,12.66,14.8,2018,12,349,Winter,14.8,17.589999999999996,24.62164383561644,0.14285714285714185,0.03333333333333333,14.0,15.4,20.7
2018-12-16,13.4,20.8,8.0,0.0,67,12.89,10.7,2018,12,350,Winter,14.442857142857141,17.4,24.623561643835618,0.14285714285714185,0.03333333333333333,13.8,15.9,19.1
2018-12-17,13.0,20.7,7.4,0.0,69,11.16,12.9,2018,12,351,Winter,14.085714285714285,17.216666666666665,24.62164383561644,0.12857142857142756,0.03333333333333333,13.4,15.5,18.5
2018-12-18,12.9,20.4,7.1,0.0,66,12.94,14.0,2018,12,352,Winter,13.714285714285714,16.986666666666668,24.614246575342463,0.12857142857142756,0.03333333333333333,13.0,15.5,19.8
2018-12-19,12.8,20.3,6.8,0.0,68,12.84,11.3,2018,12,353,Winter,13.457142857142857,16.720000000000002,24.609041095890415,0.014285714285713272,0.03333333333333333,12.9,14.6,20.8
2018-12-20,12.4,20.3,5.9,0.0,68,13.02,10.8,2018,12,354,Winter,13.185714285714287,16.45,24.601095890410956,0.0,0.03333333333333333,12.8,14.3,20.5
2018-12-21,12.1,20.0,6.2,0.0,69,12.93,10.5,2018,12,355,Winter,12.914285714285715,16.19666666666667,24.589863013698633,0.0,0.03333333333333333,12.4,14.0,19.7
2018-12-22,11.9,19.6,5.9,0.0,70,12.97,11.1,2018,12,356,Winter,12.642857142857142,15.94,24.57780821917808,0.0,0.03333333333333333,12.1,13.8,19.6
2018-12-23,12.3,19.8,6.1,0.0,70,12.71,10.8,2018,12,357,Winter,12.485714285714286,15.706666666666669,24.568493150684933,0.0,0.03333333333333333,11.9,13.4,19.3
2018-12-24,13.2,20.4,6.1,0.0,66,12.64,10.6,2018,12,358,Winter,12.514285714285716,15.503333333333334,24.561917808219178,0.0,0.03333333333333333,12.3,13.0,19.3
2018-12-25,12.2,19.6,6.1,0.0,66,12.97,15.8,2018,12,359,Winter,12.414285714285715,15.316666666666666,24.553972602739723,0.0,0.03333333333333333,13.2,12.9,17.8
2018-12-26,11.9,19.0,5.6,0.0,63,13.04,10.4,2018,12,360,Winter,12.285714285714286,15.096666666666668,24.547123287671234,0.0,0.03333333333333333,12.2,12.8,18.5
2018-12-27,12.1,18.8,5.2,0.0,63,12.69,11.4,2018,12,361,Winter,12.242857142857144,14.85,24.5386301369863,0.0,0.03333333333333333,11.9,12.4,19.5
2018-12-28,11.5,18.3,6.2,0.0,67,12.93,19.1,2018,12,362,Winter,12.157142857142858,14.58,24.529315068493148,0.0,0.03333333333333333,12.1,12.1,19.6
2018-12-29,11.2,19.2,5.0,0.0,64,13.12,13.8,2018,12,363,Winter,12.057142857142855,14.333333333333334,24.521369863013696,0.0,0.03333333333333333,11.5,11.9,18.6
2018-12-30,13.2,19.6,4.8,0.0,61,12.75,7.3,2018,12,364,Winter,12.185714285714285,14.163333333333334,24.518904109589045,0.0,0.03333333333333333,11.2,12.3,18.3
2018-12-31,12.3,20.7,5.4,0.0,70,12.9,12.3,2018,12,365,Winter,12.057142857142855,13.993333333333332,24.5172602739726,0.0,0.03333333333333333,13.2,13.2,17.4
2019-01-01,12.7,20.2,5.9,0.0,71,12.81,10.2,2019,1,1,Winter,12.128571428571428,13.823333333333334,24.516164383561648,0.0,0.03333333333333333,12.3,12.2,17.8
2019-01-02,14.1,21.1,7.6,0.0,71,12.62,10.5,2019,1,2,Winter,12.442857142857141,13.703333333333331,24.518082191780817,0.0,0.03333333333333333,12.7,11.9,17.7
2019-01-03,13.4,20.7,7.5,0.0,70,12.91,14.9,2019,1,3,Winter,12.628571428571428,13.573333333333334,24.521369863013703,0.0,0.03333333333333333,14.1,12.1,17.3
2019-01-04,12.6,18.8,7.1,0.0,70,9.51,12.4,2019,1,4,Winter,12.785714285714286,13.436666666666666,24.523561643835613,0.0,0.03333333333333333,13.4,11.5,16.7
2019-01-05,13.4,20.5,7.9,0.0,69,12.64,18.1,2019,1,5,Winter,13.1,13.316666666666668,24.526575342465755,0.0,0.03333333333333333,12.6,11.2,17.0
2019-01-06,13.0,18.2,9.2,2.3,77,9.82,16.6,2019,1,6,Winter,13.071428571428571,13.22,24.52931506849315,0.3285714285714275,0.11,13.4,13.2,15.9
2019-01-07,12.4,19.0,7.7,0.0,77,13.05,10.5,2019,1,7,Winter,13.085714285714287,13.120000000000001,24.53068493150685,0.3285714285714275,0.11,13.0,12.3,15.4
2019-01-08,12.2,18.3,7.5,0.0,75,11.93,14.6,2019,1,8,Winter,13.014285714285714,12.996666666666666,24.530958904109585,0.3285714285714275,0.11,12.4,12.7,15.9
2019-01-09,12.6,19.3,8.0,0.0,69,13.43,18.0,2019,1,9,Winter,12.8,12.9,24.532328767123285,0.3285714285714275,0.10666666666666666,12.2,14.1,15.5
2019-01-10,12.7,19.4,6.1,0.0,66,13.58,11.4,2019,1,10,Winter,12.700000000000001,12.806666666666667,24.53068493150685,0.3285714285714275,0.10666666666666666,12.6,13.4,15.5
2019-01-11,12.9,19.4,6.2,0.0,68,13.2,10.8,2019,1,11,Winter,12.742857142857144,12.75,24.527945205479455,0.3285714285714275,0.08,12.7,12.6,14.6
2019-01-12,13.9,19.8,8.5,0.0,67,13.12,10.2,2019,1,12,Winter,12.814285714285715,12.736666666666668,24.525479452054793,0.3285714285714275,0.07666666666666666,12.9,13.4,14.3
2019-01-13,14.5,20.9,9.4,0.0,72,12.97,13.2,2019,1,13,Winter,13.028571428571428,12.753333333333334,24.526849315068493,0.0,0.07666666666666666,13.9,13.0,14.0
2019-01-14,12.5,18.1,8.0,0.0,58,14.32,20.9,2019,1,14,Winter,13.042857142857143,12.71,24.524109589041093,0.0,0.07666666666666666,14.5,12.4,13.8
2019-01-15,11.5,18.7,6.5,0.0,56,13.82,17.1,2019,1,15,Winter,12.942857142857141,12.646666666666668,24.51753424657534,0.0,0.07666666666666666,12.5,12.2,13.4
2019-01-16,11.7,18.9,6.5,0.0,67,12.47,9.4,2019,1,16,Winter,12.814285714285715,12.603333333333333,24.50958904109589,0.0,0.07666666666666666,11.5,12.6,13.0
2019-01-17,12.7,20.0,7.6,0.0,71,14.08,9.7,2019,1,17,Winter,12.814285714285713,12.596666666666666,24.507123287671227,0.0,0.07666666666666666,11.7,12.7,12.9
2019-01-18,12.0,20.3,5.7,0.0,72,14.28,10.8,2019,1,18,Winter,12.685714285714285,12.569999999999999,24.4986301369863,0.0,0.07666666666666666,12.7,12.9,12.8
2019-01-19,14.4,22.7,7.1,0.0,67,13.83,9.7,2019,1,19,Winter,12.757142857142856,12.636666666666667,24.495342465753428,0.0,0.07666666666666666,12.0,13.9,12.4
2019-01-20,17.8,24.8,11.8,0.0,67,12.18,9.0,2019,1,20,Winter,13.228571428571428,12.826666666666664,24.504383561643838,0.0,0.07666666666666666,14.4,14.5,12.1
2019-01-21,16.2,20.8,13.0,6.5,80,8.43,23.2,2019,1,21,Winter,13.757142857142856,12.97,24.510136986301372,0.9285714285714276,0.29333333333333333,17.8,12.5,11.9
2019-01-22,14.8,19.5,11.7,16.9,86,10.39,24.8,2019,1,22,Winter,14.228571428571428,13.053333333333333,24.512054794520548,3.3428571428571416,0.8566666666666667,16.2,11.5,12.3
2019-01-23,13.2,18.5,8.4,0.1,84,12.37,9.2,2019,1,23,Winter,14.442857142857141,13.053333333333335,24.51150684931507,3.3571428571428563,0.86,14.8,11.7,13.2
2019-01-24,13.7,19.6,9.7,0.3,81,12.89,13.0,2019,1,24,Winter,14.585714285714287,13.103333333333333,24.51424657534246,3.3999999999999986,0.8699999999999999,13.2,12.7,12.2
2019-01-25,12.1,17.0,8.8,0.1,79,13.2,11.4,2019,1,25,Winter,14.6,13.109999999999998,24.51150684931507,3.4142857142857133,0.8733333333333333,13.7,12.0,11.9
2019-01-26,11.3,17.2,7.0,0.0,66,15.28,12.9,2019,1,26,Winter,14.157142857142857,13.083333333333334,24.508219178082193,3.4142857142857133,0.8733333333333333,12.1,14.4,12.1
2019-01-27,10.1,16.2,5.3,0.0,66,13.87,17.6,2019,1,27,Winter,13.057142857142859,13.036666666666667,24.502739726027396,3.4142857142857133,0.8733333333333333,11.3,17.8,11.5
2019-01-28,10.6,17.1,6.0,0.0,61,15.62,17.8,2019,1,28,Winter,12.257142857142856,13.016666666666667,24.49671232876712,2.4857142857142844,0.8733333333333333,10.1,16.2,11.2
2019-01-29,11.1,18.2,5.8,0.0,60,15.69,15.6,2019,1,29,Winter,11.728571428571428,12.946666666666665,24.489315068493152,0.07142857142857041,0.8733333333333333,10.6,14.8,13.2
2019-01-30,11.5,18.5,6.2,0.0,68,13.59,11.4,2019,1,30,Winter,11.485714285714286,12.92,24.476164383561645,0.05714285714285613,0.8733333333333333,11.1,13.2,12.3
2019-01-31,13.0,18.6,7.4,0.6,69,12.27,17.9,2019,1,31,Winter,11.385714285714284,12.93,24.463561643835618,0.09999999999999898,0.8933333333333333,11.5,13.7,12.7
2019-02-01,14.2,19.3,10.8,0.2,74,12.18,18.0,2019,2,32,Winter,11.685714285714285,12.933333333333334,24.454794520547946,0.11428571428571328,0.9,13.0,12.1,14.1
2019-02-02,12.9,19.4,7.8,0.0,80,15.71,12.5,2019,2,33,Winter,11.914285714285715,12.916666666666664,24.444109589041098,0.11428571428571328,0.9,14.2,11.3,13.4
2019-02-03,12.6,19.9,7.6,0.0,81,15.99,11.9,2019,2,34,Winter,12.27142857142857,12.916666666666666,24.433972602739725,0.11428571428571328,0.9,12.9,10.1,12.6
2019-02-04,14.2,20.8,7.5,0.0,73,16.24,9.0,2019,2,35,Winter,12.785714285714286,12.943333333333332,24.43342465753425,0.11428571428571328,0.9,12.6,10.6,13.4
2019-02-05,15.9,22.0,9.7,0.0,75,13.2,11.0,2019,2,36,Winter,13.471428571428573,13.04,24.43643835616438,0.11428571428571328,0.8233333333333334,14.2,11.1,13.0
2019-02-06,17.1,23.1,13.6,9.1,84,13.27,19.6,2019,2,37,Winter,14.271428571428572,13.196666666666665,24.43945205479452,1.4142857142857133,1.1266666666666665,15.9,11.5,12.4
2019-02-07,15.7,20.1,12.1,12.7,89,7.59,27.2,2019,2,38,Winter,14.657142857142858,13.313333333333333,24.44301369863014,3.142857142857142,1.55,17.1,13.0,12.2
2019-02-08,12.7,18.6,7.9,0.0,71,15.55,14.3,2019,2,39,Winter,14.442857142857141,13.316666666666666,24.44,3.1142857142857134,1.55,15.7,14.2,12.6
2019-02-09,12.5,18.8,8.1,0.0,68,17.07,17.1,2019,2,40,Winter,14.385714285714284,13.31,24.434794520547943,3.1142857142857134,1.55,12.7,12.9,12.7
2019-02-10,12.4,18.3,6.7,0.5,72,13.94,10.2,2019,2,41,Winter,14.357142857142858,13.293333333333333,24.423013698630136,3.1857142857142846,1.5666666666666667,12.5,12.6,12.9
2019-02-11,13.2,19.3,7.6,0.0,73,14.46,10.2,2019,2,42,Winter,14.214285714285714,13.27,24.414794520547943,3.1857142857142846,1.5666666666666667,12.4,14.2,13.9
2019-02-12,15.2,21.3,10.5,0.0,75,15.18,9.3,2019,2,43,Winter,14.114285714285714,13.293333333333331,24.41315068493151,3.1857142857142846,1.5666666666666667,13.2,15.9,14.5
2019-02-13,16.5,23.5,10.3,0.4,73,16.23,10.3,2019,2,44,Winter,14.028571428571427,13.426666666666666,24.416164383561647,1.9428571428571417,1.5799999999999998,15.2,17.1,12.5
2019-02-14,16.3,20.4,13.6,4.0,83,7.09,22.9,2019,2,45,Winter,14.114285714285714,13.586666666666666,24.418356164383564,0.6999999999999991,1.7133333333333334,16.5,15.7,11.5
2019-02-15,15.9,20.7,12.7,4.5,85,12.26,14.2,2019,2,46,Winter,14.57142857142857,13.726666666666667,24.4158904109589,1.3428571428571419,1.8633333333333333,16.3,12.7,11.7
2019-02-16,14.4,19.3,10.4,0.1,85,11.02,15.3,2019,2,47,Winter,14.842857142857143,13.783333333333333,24.40684931506849,1.357142857142856,1.8666666666666667,15.9,12.5,12.7
2019-02-17,14.6,20.7,10.6,0.0,79,17.1,16.3,2019,2,48,Winter,15.157142857142857,13.870000000000001,24.397534246575344,1.2857142857142847,1.8666666666666667,14.4,12.4,12.0
2019-02-18,16.3,22.5,9.8,0.1,71,15.62,20.7,2019,2,49,Winter,15.599999999999998,13.933333333333334,24.39397260273973,1.299999999999999,1.87,14.6,13.2,14.4
2019-02-19,16.9,22.1,12.4,0.0,77,14.05,12.6,2019,2,50,Winter,15.842857142857142,13.903333333333334,24.39260273972603,1.299999999999999,1.87,16.3,15.2,17.8
2019-02-20,17.0,20.5,14.8,2.6,82,6.74,18.4,2019,2,51,Winter,15.914285714285715,13.93,24.38602739726027,1.6142857142857134,1.7399999999999998,16.9,16.5,16.2
2019-02-21,19.3,25.4,14.1,0.0,75,15.61,17.6,2019,2,52,Winter,16.34285714285714,14.080000000000002,24.380273972602737,1.042857142857142,1.1766666666666665,17.0,16.3,14.8
2019-02-22,17.9,22.7,13.2,0.4,72,17.92,20.1,2019,2,53,Winter,16.62857142857143,14.236666666666668,24.36986301369863,0.45714285714285613,1.1866666666666668,19.3,15.9,13.2
2019-02-23,15.1,21.5,10.5,0.0,64,19.01,20.2,2019,2,54,Winter,16.728571428571428,14.283333333333333,24.351232876712327,0.44285714285714184,1.1766666666666667,17.9,14.4,13.7
2019-02-24,15.4,22.0,10.8,0.2,66,18.98,12.3,2019,2,55,Winter,16.842857142857145,14.393333333333334,24.335616438356166,0.4714285714285705,1.18,15.1,14.6,12.1
2019-02-25,15.5,22.3,10.0,0.0,65,16.86,11.9,2019,2,56,Winter,16.728571428571428,14.533333333333333,24.32054794520548,0.45714285714285613,1.18,15.4,16.3,11.3
2019-02-26,15.6,21.4,11.9,2.8,67,13.01,17.1,2019,2,57,Winter,16.54285714285714,14.716666666666667,24.307123287671235,0.8571428571428561,1.2733333333333334,15.5,16.9,10.1
2019-02-27,13.5,17.6,9.8,11.2,79,15.85,12.2,2019,2,58,Winter,16.04285714285714,14.813333333333334,24.285205479452056,2.0857142857142845,1.6466666666666667,15.6,17.0,10.6
2019-02-28,13.1,19.3,7.3,0.0,70,19.25,16.8,2019,2,59,Winter,15.157142857142857,14.879999999999999,24.261917808219177,2.0857142857142845,1.6466666666666667,13.5,19.3,11.1
2019-03-01,13.9,21.1,7.2,0.0,66,19.81,12.0,2019,3,60,Spring,14.585714285714285,14.96,24.2413698630137,2.0285714285714276,1.6466666666666667,13.1,17.9,11.5
2019-03-02,15.0,20.9,11.4,6.8,73,8.67,12.6,2019,3,61,Spring,14.571428571428571,15.026666666666667,24.21917808219178,2.999999999999999,1.853333333333333,13.9,15.1,13.0
2019-03-03,15.9,21.6,11.1,4.1,80,15.79,13.8,2019,3,62,Spring,14.642857142857142,15.083333333333334,24.200821917808216,3.557142857142856,1.9833333333333334,15.0,15.4,14.2
2019-03-04,16.9,22.5,11.8,0.2,80,17.44,12.9,2019,3,63,Spring,14.842857142857142,15.216666666666667,24.188219178082193,3.5857142857142845,1.99,15.9,15.5,12.9
2019-03-05,16.1,21.9,11.7,0.0,71,19.09,14.3,2019,3,64,Spring,14.914285714285715,15.333333333333334,24.176438356164383,3.185714285714284,1.99,16.9,15.6,12.6
2019-03-06,16.7,23.3,10.9,0.0,63,20.18,19.7,2019,3,65,Spring,15.37142857142857,15.416666666666666,24.16657534246575,1.5857142857142847,1.99,16.1,13.5,14.2
2019-03-07,17.1,23.9,10.3,0.0,62,20.61,11.3,2019,3,66,Spring,15.942857142857145,15.456666666666667,24.155616438356166,1.5857142857142847,1.99,16.7,13.1,15.9
2019-03-08,18.6,24.2,11.8,0.0,58,16.38,13.4,2019,3,67,Spring,16.614285714285717,15.506666666666666,24.145479452054797,1.5857142857142847,1.6866666666666668,17.1,13.9,17.1
2019-03-09,18.2,25.2,12.6,0.0,65,19.63,17.9,2019,3,68,Spring,17.071428571428573,15.590000000000002,24.132602739726025,0.6142857142857132,1.2633333333333332,18.6,15.0,15.7
2019-03-10,17.7,24.7,11.3,0.0,54,21.55,12.0,2019,3,69,Spring,17.32857142857143,15.756666666666666,24.117808219178084,0.028571428571427557,1.2633333333333332,18.2,15.9,12.7
2019-03-11,20.0,26.4,14.5,1.7,55,16.52,24.2,2019,3,70,Spring,17.771428571428572,16.006666666666668,24.108767123287674,0.24285714285714183,1.3199999999999998,17.7,16.9,12.5
2019-03-12,19.6,26.6,13.0,0.0,57,18.95,16.4,2019,3,71,Spring,18.271428571428572,16.246666666666666,24.097534246575343,0.24285714285714183,1.3033333333333332,20.0,16.1,12.4
2019-03-13,18.3,23.2,13.2,0.0,63,9.76,10.1,2019,3,72,Spring,18.5,16.416666666666668,24.078082191780823,0.24285714285714183,1.3033333333333332,19.6,16.7,13.2
2019-03-14,17.2,24.2,12.1,0.3,72,14.79,23.7,2019,3,73,Spring,18.514285714285712,16.483333333333334,24.05452054794521,0.2857142857142847,1.3133333333333332,18.3,17.1,15.2
2019-03-15,17.9,25.1,11.8,0.0,65,21.87,15.5,2019,3,74,Spring,18.414285714285715,16.53,24.03835616438356,0.2857142857142847,1.3,17.2,18.6,16.5
2019-03-16,18.1,25.3,12.2,0.0,57,21.79,12.5,2019,3,75,Spring,18.400000000000002,16.59,24.025753424657537,0.2857142857142847,1.1666666666666667,17.9,18.2,16.3
2019-03-17,20.1,26.6,12.9,0.0,49,21.85,13.0,2019,3,76,Spring,18.74285714285714,16.73,24.020821917808217,0.2857142857142847,1.0166666666666666,18.1,17.7,15.9
2019-03-18,20.7,27.2,12.3,0.0,49,21.99,12.1,2019,3,77,Spring,18.842857142857145,16.94,24.015342465753427,0.04285714285714184,1.0133333333333332,20.1,20.0,14.4
2019-03-19,21.7,29.5,13.9,0.0,50,21.93,12.7,2019,3,78,Spring,19.142857142857142,17.176666666666666,24.010136986301372,0.04285714285714184,1.0133333333333332,20.7,19.6,14.6
2019-03-20,23.3,30.7,18.3,0.0,47,19.45,20.4,2019,3,79,Spring,19.857142857142858,17.410000000000004,24.007397260273976,0.04285714285714184,1.01,21.7,18.3,16.3
2019-03-21,22.8,30.3,15.2,0.0,49,19.97,15.5,2019,3,80,Spring,20.657142857142862,17.60666666666667,24.005205479452055,0.0,1.01,23.3,17.2,16.9
2019-03-22,22.0,29.1,16.0,0.0,40,22.82,21.0,2019,3,81,Spring,21.24285714285714,17.773333333333333,24.002465753424655,0.0,0.9233333333333332,22.8,17.9,17.0
2019-03-23,22.4,30.0,15.7,0.0,38,22.79,23.9,2019,3,82,Spring,21.857142857142858,17.87666666666667,24.00082191780822,0.0,0.9233333333333332,22.0,18.1,19.3
2019-03-24,24.1,31.3,18.4,0.0,45,22.0,17.0,2019,3,83,Spring,22.428571428571427,18.083333333333332,24.000273972602734,0.0,0.9099999999999999,22.4,20.1,17.9
2019-03-25,21.7,28.4,17.3,0.5,62,17.17,17.2,2019,3,84,Spring,22.571428571428573,18.303333333333335,23.991232876712328,0.07142857142857041,0.9266666666666665,24.1,20.7,15.1
2019-03-26,22.3,29.9,15.4,0.0,57,22.95,17.9,2019,3,85,Spring,22.657142857142862,18.533333333333335,23.981095890410955,0.07142857142857041,0.9199999999999999,21.7,21.7,15.4
2019-03-27,23.6,31.1,15.3,0.0,52,22.2,13.5,2019,3,86,Spring,22.7,18.803333333333335,23.973698630136987,0.07142857142857041,0.9199999999999999,22.3,23.3,15.5
2019-03-28,26.0,33.8,18.4,0.0,52,22.36,12.1,2019,3,87,Spring,23.157142857142862,19.15,23.96849315068493,0.07142857142857041,0.8266666666666665,23.6,22.8,15.6
2019-03-29,27.9,35.8,19.0,0.0,50,22.27,12.8,2019,3,88,Spring,24.0,19.630000000000003,23.970410958904107,0.07142857142857041,0.4533333333333333,26.0,22.0,13.5
2019-03-30,27.0,35.9,20.2,0.0,54,18.4,19.6,2019,3,89,Spring,24.657142857142862,20.09333333333333,23.970958904109587,0.07142857142857041,0.4533333333333333,27.9,22.4,13.1
2019-03-31,26.5,34.4,19.4,0.0,41,23.53,22.5,2019,3,90,Spring,25.0,20.513333333333335,23.973150684931504,0.07142857142857041,0.4533333333333333,27.0,24.1,13.9
2019-04-01,25.5,33.5,18.4,0.0,33,23.97,21.3,2019,4,91,Spring,25.542857142857144,20.863333333333337,23.970410958904107,0.0,0.22666666666666666,26.5,21.7,15.0
2019-04-02,25.5,33.5,18.4,0.0,39,24.04,13.6,2019,4,92,Spring,26.0,21.183333333333334,23.963561643835614,0.0,0.09000000000000001,25.5,22.3,15.9
2019-04-03,26.3,35.0,18.1,0.0,39,23.64,13.0,2019,4,93,Spring,26.385714285714283,21.496666666666666,23.956986301369867,0.0,0.08333333333333333,25.5,23.6,16.9
2019-04-04,28.0,36.4,18.8,0.0,40,23.42,11.2,2019,4,94,Spring,26.67142857142857,21.893333333333334,23.953698630136987,0.0,0.08333333333333333,26.3,26.0,16.1
2019-04-05,29.4,37.8,21.6,0.0,41,22.4,20.2,2019,4,95,Spring,26.88571428571429,22.316666666666666,23.955890410958904,0.0,0.08333333333333333,28.0,27.9,16.7
2019-04-06,28.8,37.7,21.3,0.0,47,21.78,31.2,2019,4,96,Spring,27.142857142857142,22.706666666666667,23.95835616438356,0.0,0.08333333333333333,29.4,27.0,17.1
2019-04-07,28.2,35.1,21.7,0.0,54,19.42,15.4,2019,4,97,Spring,27.385714285714283,23.026666666666664,23.96191780821918,0.0,0.08333333333333333,28.8,26.5,18.6
2019-04-08,26.9,35.3,21.3,0.2,54,22.18,22.9,2019,4,98,Spring,27.585714285714285,23.316666666666666,23.962465753424656,0.028571428571427557,0.09,28.2,25.5,18.2
2019-04-09,28.4,36.7,20.2,0.0,47,23.0,14.2,2019,4,99,Spring,28.0,23.673333333333332,23.970136986301366,0.028571428571427557,0.09,26.9,25.5,17.7
2019-04-10,29.2,37.5,21.6,0.0,43,22.64,17.2,2019,4,100,Spring,28.414285714285715,23.98,23.976986301369863,0.028571428571427557,0.03333333333333333,28.4,26.3,20.0
2019-04-11,30.4,37.9,23.8,0.0,36,22.12,12.5,2019,4,101,Spring,28.75714285714286,24.339999999999996,23.990958904109586,0.028571428571427557,0.03333333333333333,29.2,28.0,19.6
2019-04-12,29.6,37.3,22.5,0.0,36,21.83,17.7,2019,4,102,Spring,28.785714285714285,24.716666666666665,24.002465753424655,0.028571428571427557,0.03333333333333333,30.4,29.4,18.3
2019-04-13,29.9,36.8,22.6,0.0,38,21.46,18.3,2019,4,103,Spring,28.94285714285714,25.139999999999997,24.012602739726027,0.028571428571427557,0.02333333333333333,29.6,28.8,17.2
2019-04-14,30.6,37.6,23.9,0.0,34,23.5,19.6,2019,4,104,Spring,29.285714285714285,25.563333333333333,24.02191780821918,0.028571428571427557,0.02333333333333333,29.9,28.2,17.9
2019-04-15,31.1,38.6,24.0,0.0,31,22.78,16.8,2019,4,105,Spring,29.885714285714283,25.996666666666666,24.028219178082196,0.0,0.02333333333333333,30.6,26.9,18.1
2019-04-16,26.2,31.1,22.4,0.5,49,13.41,19.5,2019,4,106,Spring,29.571428571428573,26.199999999999996,24.02,0.07142857142857041,0.04,31.1,28.4,20.1
2019-04-17,21.8,25.9,18.9,4.6,73,14.56,19.8,2019,4,107,Spring,28.514285714285712,26.236666666666668,23.999178082191783,0.7285714285714275,0.19333333333333333,26.2,29.2,20.7
2019-04-18,22.5,27.9,16.4,0.1,67,22.31,9.4,2019,4,108,Spring,27.385714285714283,26.263333333333332,23.980273972602742,0.7428571428571418,0.19666666666666666,21.8,30.4,21.7
2019-04-19,24.5,29.9,18.5,0.1,53,22.07,12.3,2019,4,109,Spring,26.657142857142855,26.303333333333335,23.96520547945206,0.7571428571428561,0.2,22.5,29.6,23.3
2019-04-20,26.4,32.8,19.6,0.0,47,22.31,12.8,2019,4,110,Spring,26.157142857142855,26.423333333333332,23.954520547945204,0.7571428571428561,0.2,24.5,29.9,22.8
2019-04-21,28.7,35.4,20.0,0.0,39,22.69,18.4,2019,4,111,Spring,25.885714285714283,26.64666666666667,23.95917808219178,0.7571428571428561,0.2,26.4,30.6,22.0
2019-04-22,30.1,37.3,21.8,0.0,40,24.38,16.4,2019,4,112,Spring,25.74285714285714,26.90333333333333,23.96630136986301,0.7571428571428561,0.2,28.7,31.1,22.4
2019-04-23,32.1,39.1,23.9,0.0,34,23.58,18.5,2019,4,113,Spring,26.58571428571429,27.17,23.976712328767125,0.6857142857142847,0.2,30.1,26.2,24.1
2019-04-24,32.7,40.2,25.3,0.0,35,23.03,18.6,2019,4,114,Spring,28.142857142857142,27.53666666666667,23.983835616438355,0.028571428571427557,0.18333333333333332,32.1,21.8,21.7
2019-04-25,33.0,39.3,27.0,0.0,36,21.15,18.4,2019,4,115,Spring,29.642857142857142,27.89333333333333,23.987123287671235,0.014285714285713272,0.18333333333333332,32.7,22.5,22.3
2019-04-26,33.0,40.0,25.2,0.0,33,23.4,19.6,2019,4,116,Spring,30.857142857142858,28.206666666666667,23.988493150684935,0.0,0.18333333333333332,33.0,24.5,23.6
2019-04-27,33.5,40.2,26.8,0.0,22,24.78,29.4,2019,4,117,Spring,31.87142857142857,28.456666666666667,23.995616438356162,0.0,0.18333333333333332,33.0,26.4,26.0
2019-04-28,33.3,40.8,26.2,0.0,20,25.12,24.9,2019,4,118,Spring,32.528571428571425,28.636666666666663,24.002739726027396,0.0,0.18333333333333332,33.5,28.7,27.9
2019-04-29,33.6,40.7,25.8,0.0,19,24.72,14.7,2019,4,119,Spring,33.02857142857143,28.856666666666666,24.010410958904107,0.0,0.18333333333333332,33.3,30.1,27.0
2019-04-30,34.2,41.6,25.5,0.0,20,22.42,22.9,2019,4,120,Spring,33.32857142857143,29.113333333333337,24.019178082191782,0.0,0.18333333333333332,33.6,32.1,26.5
2019-05-01,33.0,40.7,24.5,0.0,25,23.83,12.4,2019,5,121,Spring,33.371428571428574,29.363333333333337,24.026027397260275,0.0,0.18333333333333332,34.2,32.7,25.5
2019-05-02,31.5,37.7,26.7,0.5,33,19.26,21.7,2019,5,122,Spring,33.15714285714286,29.563333333333336,24.03068493150685,0.07142857142857041,0.2,33.0,33.0,25.5
2019-05-03,31.0,37.5,24.7,0.0,33,21.46,18.1,2019,5,123,Spring,32.871428571428574,29.720000000000002,24.03698630136986,0.07142857142857041,0.2,31.5,33.0,26.3
2019-05-04,31.1,38.0,24.1,0.0,22,24.92,22.5,2019,5,124,Spring,32.528571428571425,29.823333333333334,24.042739726027392,0.07142857142857041,0.2,31.0,33.5,28.0
2019-05-05,31.1,38.7,23.1,0.0,19,25.23,24.2,2019,5,125,Spring,32.214285714285715,29.88,24.044931506849313,0.07142857142857041,0.2,31.1,33.3,29.4
2019-05-06,32.2,40.1,23.5,0.0,21,24.97,21.4,2019,5,126,Spring,32.01428571428571,29.993333333333332,24.048219178082192,0.07142857142857041,0.2,31.1,33.6,28.8
2019-05-07,32.3,40.0,23.3,0.0,20,23.22,22.1,2019,5,127,Spring,31.742857142857144,30.13,24.053150684931506,0.07142857142857041,0.2,32.2,34.2,28.2
2019-05-08,34.0,41.6,26.0,0.0,18,24.72,23.8,2019,5,128,Spring,31.88571428571429,30.366666666666667,24.071780821917805,0.07142857142857041,0.19333333333333333,32.3,33.0,26.9
2019-05-09,34.2,41.1,27.0,0.0,19,24.12,23.9,2019,5,129,Spring,32.27142857142857,30.560000000000002,24.088493150684936,0.0,0.19333333333333333,34.0,31.5,28.4
2019-05-10,34.6,40.3,29.5,0.0,20,22.26,24.8,2019,5,130,Spring,32.785714285714285,30.740000000000002,24.10054794520548,0.0,0.19333333333333333,34.2,31.0,29.2
2019-05-11,32.3,38.6,24.9,0.0,29,21.68,24.9,2019,5,131,Spring,32.957142857142856,30.803333333333335,24.1,0.0,0.19333333333333333,34.6,31.1,30.4
2019-05-12,31.9,38.5,24.9,0.0,30,22.96,17.7,2019,5,132,Spring,33.07142857142857,30.88,24.098904109589043,0.0,0.19333333333333333,32.3,31.1,29.6
2019-05-13,32.4,38.5,24.7,0.0,30,21.14,25.5,2019,5,133,Spring,33.1,30.963333333333335,24.106575342465753,0.0,0.19333333333333333,31.9,32.2,29.9
2019-05-14,30.1,35.6,24.3,0.0,42,22.55,14.0,2019,5,134,Spring,32.785714285714285,30.946666666666665,24.106849315068494,0.0,0.19333333333333333,32.4,32.3,30.6
2019-05-15,30.3,36.9,24.8,0.1,45,19.77,18.7,2019,5,135,Spring,32.25714285714285,30.92,24.104383561643836,0.014285714285713272,0.19666666666666666,30.1,34.0,31.1
2019-05-16,30.2,36.7,24.9,0.0,46,21.41,19.0,2019,5,136,Spring,31.685714285714287,31.053333333333335,24.09972602739726,0.014285714285713272,0.18,30.3,34.2,26.2
2019-05-17,28.3,34.9,24.4,2.7,57,19.42,13.8,2019,5,137,Spring,30.78571428571428,31.27,24.087671232876712,0.399999999999999,0.11666666666666667,30.2,34.6,21.8
2019-05-18,27.4,33.4,21.3,0.2,60,21.88,18.4,2019,5,138,Spring,30.085714285714285,31.433333333333334,24.073698630136985,0.4285714285714276,0.12000000000000001,28.3,32.3,22.5
2019-05-19,30.1,36.5,23.6,0.0,43,24.18,15.0,2019,5,139,Spring,29.828571428571426,31.62,24.068219178082195,0.4285714285714276,0.11666666666666667,27.4,31.9,24.5
2019-05-20,31.9,38.7,24.0,0.0,34,22.96,16.1,2019,5,140,Spring,29.757142857142856,31.803333333333335,24.065479452054795,0.4285714285714276,0.11666666666666667,30.1,32.4,26.4
2019-05-21,32.6,39.3,25.6,0.0,31,22.02,15.2,2019,5,141,Spring,30.114285714285717,31.933333333333334,24.06246575342466,0.4285714285714276,0.11666666666666667,31.9,30.1,28.7
2019-05-22,32.8,39.2,27.1,0.0,35,21.12,18.9,2019,5,142,Spring,30.47142857142857,32.02333333333333,24.055068493150685,0.4142857142857133,0.11666666666666667,32.6,30.3,30.1
2019-05-23,33.1,39.2,26.4,0.0,37,19.55,19.9,2019,5,143,Spring,30.885714285714283,32.056666666666665,24.05123287671233,0.4142857142857133,0.11666666666666667,32.8,30.2,32.1
2019-05-24,30.8,35.3,26.4,0.0,45,22.38,22.3,2019,5,144,Spring,31.242857142857144,31.993333333333332,24.043013698630133,0.028571428571427557,0.11666666666666667,33.1,28.3,32.7
2019-05-25,31.1,36.5,25.1,0.0,39,22.23,23.7,2019,5,145,Spring,31.771428571428572,31.93,24.033424657534248,0.0,0.11666666666666667,30.8,27.4,33.0
2019-05-26,31.6,38.2,24.7,0.0,34,24.61,17.0,2019,5,146,Spring,31.985714285714288,31.883333333333333,24.024383561643834,0.0,0.11666666666666667,31.1,30.1,33.0
2019-05-27,33.7,40.7,26.2,0.0,27,23.8,18.4,2019,5,147,Spring,32.24285714285715,31.89,24.02,0.0,0.11666666666666667,31.6,31.9,33.5
2019-05-28,33.5,40.7,26.0,0.0,20,25.06,18.9,2019,5,148,Spring,32.371428571428574,31.89666666666667,24.016438356164382,0.0,0.11666666666666667,33.7,32.6,33.3
2019-05-29,34.7,41.9,26.4,0.0,20,24.17,15.1,2019,5,149,Spring,32.642857142857146,31.933333333333334,24.018356164383565,0.0,0.11666666666666667,33.5,32.8,33.6
2019-05-30,35.6,43.4,27.1,0.0,21,24.37,16.3,2019,5,150,Spring,33.00000000000001,31.98,24.026027397260275,0.0,0.11666666666666667,34.7,33.1,34.2
2019-05-31,36.8,44.1,28.3,0.0,20,24.15,15.7,2019,5,151,Spring,33.857142857142854,32.10666666666666,24.03287671232877,0.0,0.11666666666666667,35.6,30.8,33.0
2019-06-01,35.6,43.6,28.9,0.0,29,23.59,18.7,2019,6,152,Summer,34.5,32.24333333333333,24.037534246575344,0.0,0.1,36.8,31.1,31.5
2019-06-02,35.5,42.8,29.0,0.0,40,23.19,22.3,2019,6,153,Summer,35.057142857142864,32.39333333333333,24.044383561643837,0.0,0.1,35.6,31.6,31.0
2019-06-03,34.6,41.4,29.9,0.0,46,22.69,23.8,2019,6,154,Summer,35.18571428571429,32.510000000000005,24.04904109589041,0.0,0.1,35.5,33.7,31.1
2019-06-04,34.8,41.7,29.6,0.0,42,22.91,20.4,2019,6,155,Summer,35.371428571428574,32.63333333333333,24.048767123287668,0.0,0.1,34.6,33.5,31.1
2019-06-05,35.5,41.5,28.6,0.3,39,21.11,15.5,2019,6,156,Summer,35.48571428571428,32.74333333333333,24.04931506849315,0.04285714285714184,0.11,34.8,34.7,32.2
2019-06-06,35.6,42.8,30.2,0.5,37,21.46,24.2,2019,6,157,Summer,35.48571428571428,32.85333333333333,24.055342465753426,0.11428571428571328,0.12666666666666665,35.5,35.6,32.3
2019-06-07,34.1,41.4,27.0,0.0,42,22.66,14.0,2019,6,158,Summer,35.1,32.85666666666667,24.055342465753426,0.11428571428571328,0.12666666666666665,35.6,36.8,34.0
2019-06-08,35.5,41.7,27.9,0.0,33,23.19,15.3,2019,6,159,Summer,35.08571428571429,32.9,24.057260273972602,0.11428571428571328,0.12666666666666665,34.1,35.6,34.2
2019-06-09,36.9,43.5,28.1,0.0,24,24.53,15.4,2019,6,160,Summer,35.285714285714285,32.97666666666667,24.072054794520547,0.11428571428571328,0.12666666666666665,35.5,35.5,34.6
2019-06-10,37.2,44.0,28.2,0.0,23,23.49,14.3,2019,6,161,Summer,35.65714285714286,33.14,24.087671232876712,0.11428571428571328,0.12666666666666665,36.9,34.6,32.3
2019-06-11,37.4,43.7,29.7,0.0,23,22.04,15.2,2019,6,162,Summer,36.02857142857143,33.32333333333334,24.096986301369864,0.11428571428571328,0.12666666666666665,37.2,34.8,31.9
2019-06-12,34.6,39.7,30.1,2.2,44,20.43,18.2,2019,6,163,Summer,35.9,33.39666666666667,24.094520547945205,0.38571428571428473,0.2,37.4,35.5,32.4
2019-06-13,35.4,41.1,29.2,0.0,38,21.49,17.0,2019,6,164,Summer,35.871428571428574,33.57333333333334,24.09178082191781,0.3142857142857133,0.2,34.6,35.6,30.1
2019-06-14,36.0,42.1,30.6,0.0,29,23.54,19.3,2019,6,165,Summer,36.142857142857146,33.763333333333335,24.09178082191781,0.3142857142857133,0.19666666666666668,35.4,34.1,30.3
2019-06-15,36.5,42.4,29.7,0.0,22,21.06,20.2,2019,6,166,Summer,36.285714285714285,33.973333333333336,24.094520547945205,0.3142857142857133,0.19666666666666668,36.0,35.5,30.2
2019-06-16,33.8,38.8,28.9,0.0,43,20.84,25.9,2019,6,167,Summer,35.84285714285714,34.156666666666666,24.091506849315067,0.3142857142857133,0.10666666666666667,36.5,36.9,28.3
2019-06-17,33.5,38.8,28.7,0.0,47,20.83,29.2,2019,6,168,Summer,35.31428571428571,34.36,24.09643835616438,0.3142857142857133,0.1,33.8,37.2,27.4
2019-06-18,30.5,36.1,24.7,0.5,55,20.22,16.2,2019,6,169,Summer,34.32857142857143,34.373333333333335,24.094794520547946,0.38571428571428473,0.11666666666666667,33.5,37.4,30.1
2019-06-19,31.0,36.6,26.0,0.0,53,21.18,17.9,2019,6,170,Summer,33.81428571428571,34.343333333333334,24.09041095890411,0.07142857142857041,0.11666666666666667,30.5,34.6,31.9
2019-06-20,31.8,37.7,24.7,0.0,48,22.45,13.9,2019,6,171,Summer,33.3,34.31666666666667,24.08191780821918,0.07142857142857041,0.11666666666666667,31.0,35.4,32.6
2019-06-21,33.3,38.9,27.7,1.2,47,21.37,10.9,2019,6,172,Summer,32.91428571428571,34.333333333333336,24.076164383561643,0.24285714285714183,0.15666666666666668,31.8,36.0,32.8
2019-06-22,34.7,40.3,28.1,0.0,38,23.22,21.1,2019,6,173,Summer,32.65714285714286,34.38666666666666,24.07123287671233,0.24285714285714183,0.15666666666666668,33.3,36.5,33.1
2019-06-23,34.0,38.8,29.1,0.0,49,22.17,23.7,2019,6,174,Summer,32.68571428571429,34.49333333333333,24.066027397260275,0.24285714285714183,0.15666666666666668,34.7,33.8,30.8
2019-06-24,31.5,37.0,27.0,0.6,60,19.99,18.4,2019,6,175,Summer,32.4,34.50666666666667,24.054794520547944,0.3285714285714275,0.17666666666666667,34.0,33.5,31.1
2019-06-25,32.1,36.2,27.8,4.8,62,18.31,9.8,2019,6,176,Summer,32.628571428571426,34.52333333333333,24.043287671232875,0.9428571428571418,0.33666666666666667,31.5,30.5,31.6
2019-06-26,34.8,39.7,29.5,0.6,48,21.75,17.9,2019,6,177,Summer,33.17142857142857,34.559999999999995,24.048493150684934,1.0285714285714274,0.35666666666666663,32.1,31.0,33.7
2019-06-27,34.6,40.3,28.9,0.0,40,22.11,20.7,2019,6,178,Summer,33.57142857142857,34.596666666666664,24.063287671232878,1.0285714285714274,0.35666666666666663,34.8,31.8,33.5
2019-06-28,35.5,42.1,28.7,0.0,38,22.91,21.8,2019,6,179,Summer,33.885714285714286,34.623333333333335,24.08219178082192,0.857142857142856,0.35666666666666663,34.6,33.3,34.7
2019-06-29,36.3,41.6,30.6,0.0,36,20.87,19.9,2019,6,180,Summer,34.114285714285714,34.64666666666667,24.101095890410956,0.857142857142856,0.35666666666666663,35.5,34.7,35.6
2019-06-30,36.8,42.9,30.6,0.0,35,22.64,18.9,2019,6,181,Summer,34.51428571428571,34.64666666666667,24.120821917808215,0.857142857142856,0.35666666666666663,36.3,34.0,36.8
2019-07-01,36.0,41.5,30.0,0.0,42,22.61,11.8,2019,7,182,Summer,35.15714285714286,34.66,24.135342465753425,0.7714285714285704,0.35666666666666663,36.8,31.5,35.6
2019-07-02,35.7,40.2,31.1,0.0,46,21.09,16.8,2019,7,183,Summer,35.67142857142857,34.666666666666664,24.149315068493152,0.0857142857142847,0.35666666666666663,36.0,32.1,35.5
2019-07-03,33.7,36.7,30.3,1.6,56,18.94,16.3,2019,7,184,Summer,35.51428571428571,34.63666666666666,24.157808219178083,0.22857142857142757,0.41000000000000003,35.7,34.8,34.6
2019-07-04,33.0,39.1,29.6,6.6,60,19.09,16.9,2019,7,185,Summer,35.285714285714285,34.57666666666667,24.16849315068493,1.1714285714285704,0.63,33.7,34.6,34.8
2019-07-05,31.0,34.9,27.9,3.7,72,16.87,10.5,2019,7,186,Summer,34.642857142857146,34.42666666666666,24.169041095890414,1.6999999999999988,0.7433333333333333,33.0,35.5,35.5
2019-07-06,31.0,34.9,27.3,0.3,69,19.28,14.0,2019,7,187,Summer,33.885714285714286,34.27333333333333,24.168767123287672,1.7428571428571418,0.7366666666666666,31.0,36.3,35.6
2019-07-07,31.1,35.8,26.7,2.1,69,20.96,11.0,2019,7,188,Summer,33.07142857142857,34.17333333333333,24.167123287671235,2.042857142857142,0.8066666666666666,31.0,36.8,34.1
2019-07-08,31.9,36.4,28.3,4.0,68,19.71,13.4,2019,7,189,Summer,32.48571428571429,34.053333333333335,24.164383561643834,2.614285714285713,0.94,31.1,36.0,35.5
2019-07-09,30.7,35.0,27.0,4.9,72,19.69,11.9,2019,7,190,Summer,31.77142857142857,33.846666666666664,24.15835616438356,3.314285714285713,1.1033333333333333,31.9,35.7,36.9
2019-07-10,31.0,34.9,27.0,7.1,74,19.45,15.0,2019,7,191,Summer,31.385714285714283,33.64,24.153424657534245,4.099999999999999,1.34,30.7,33.7,37.2
2019-07-11,33.4,38.4,29.1,0.0,57,21.52,26.6,2019,7,192,Summer,31.442857142857143,33.50666666666667,24.15780821917808,3.157142857142856,1.34,31.0,33.0,37.4
2019-07-12,33.4,38.2,29.9,0.5,51,20.21,18.8,2019,7,193,Summer,31.785714285714285,33.46666666666667,24.168219178082197,2.699999999999999,1.2833333333333334,33.4,31.0,34.6
2019-07-13,34.1,38.5,29.7,0.0,47,22.95,28.9,2019,7,194,Summer,32.22857142857143,33.42333333333333,24.181917808219175,2.657142857142856,1.2833333333333334,33.4,31.0,35.4
2019-07-14,32.9,36.8,29.3,0.0,52,18.42,27.4,2019,7,195,Summer,32.48571428571429,33.32,24.19397260273973,2.3571428571428563,1.2833333333333334,34.1,31.1,36.0
2019-07-15,29.7,36.8,25.7,4.4,72,17.73,16.7,2019,7,196,Summer,32.17142857142857,33.093333333333334,24.194794520547948,2.4142857142857133,1.43,32.9,31.9,36.5
2019-07-16,26.6,29.1,24.6,20.6,89,9.48,13.8,2019,7,197,Summer,31.585714285714285,32.85333333333333,24.187945205479455,4.657142857142857,2.1166666666666667,29.7,30.7,33.8
2019-07-17,27.2,30.8,24.7,14.8,85,12.93,11.0,2019,7,198,Summer,31.042857142857144,32.64333333333334,24.179178082191786,5.757142857142857,2.61,26.6,31.0,33.5
2019-07-18,27.5,32.2,24.7,12.8,82,15.75,8.5,2019,7,199,Summer,30.2,32.54333333333334,24.17205479452055,7.5857142857142845,3.02,27.2,33.4,30.5
2019-07-19,29.4,33.3,25.3,6.7,79,20.59,8.0,2019,7,200,Summer,29.628571428571426,32.49,24.170136986301372,8.471428571428572,3.243333333333333,27.5,33.4,31.0
2019-07-20,30.0,33.9,25.9,12.5,80,20.38,12.3,2019,7,201,Summer,29.042857142857144,32.43,24.17178082191781,10.257142857142856,3.6599999999999997,29.4,34.1,31.8
2019-07-21,29.7,33.1,27.2,11.1,81,18.26,13.0,2019,7,202,Summer,28.585714285714285,32.31,24.175342465753424,11.842857142857142,3.99,30.0,32.9,33.3
2019-07-22,30.4,34.2,27.5,6.1,80,18.89,11.2,2019,7,203,Summer,28.685714285714287,32.166666666666664,24.183561643835617,12.085714285714285,4.193333333333333,29.7,29.7,34.7
2019-07-23,31.6,35.5,28.0,4.6,77,20.01,11.0,2019,7,204,Summer,29.400000000000002,32.086666666666666,24.191232876712327,9.799999999999999,4.346666666666667,30.4,26.6,34.0
2019-07-24,31.5,36.7,28.0,6.8,74,21.39,17.8,2019,7,205,Summer,30.014285714285712,32.086666666666666,24.195342465753424,8.657142857142857,4.553333333333333,31.6,27.2,31.5
2019-07-25,27.6,29.9,26.0,10.9,86,9.58,10.8,2019,7,206,Summer,30.02857142857143,31.936666666666664,24.192054794520548,8.385714285714284,4.756666666666666,31.5,27.5,32.1
2019-07-26,27.2,29.9,25.5,26.9,87,14.41,19.3,2019,7,207,Summer,29.714285714285715,31.683333333333334,24.192876712328765,11.27142857142857,5.633333333333334,27.6,29.4,34.8
2019-07-27,26.6,30.1,25.2,6.0,90,9.73,18.2,2019,7,208,Summer,29.22857142857143,31.416666666666668,24.19232876712329,10.342857142857142,5.833333333333333,27.2,30.0,34.6
2019-07-28,28.1,31.8,25.5,7.3,86,16.67,18.5,2019,7,209,Summer,29.0,31.17,24.192328767123286,9.799999999999999,6.076666666666666,26.6,29.7,35.5
2019-07-29,29.2,33.0,26.1,1.3,79,20.51,19.6,2019,7,210,Summer,28.828571428571426,30.933333333333334,24.192876712328765,9.114285714285712,6.12,28.1,30.4,36.3
2019-07-30,28.9,32.1,26.2,0.8,78,18.52,18.1,2019,7,211,Summer,28.442857142857143,30.669999999999998,24.192054794520548,8.571428571428571,6.1466666666666665,29.2,31.6,36.8
2019-07-31,29.0,31.8,27.0,0.5,78,14.3,14.3,2019,7,212,Summer,28.085714285714285,30.436666666666664,24.19013698630137,7.671428571428571,6.163333333333333,28.9,31.5,36.0
2019-08-01,29.3,32.2,26.8,2.1,82,19.13,13.6,2019,8,213,Summer,28.32857142857143,30.223333333333336,24.188493150684934,6.414285714285713,6.233333333333333,29.0,27.6,35.7
2019-08-02,28.7,31.5,26.1,12.9,85,17.2,10.5,2019,8,214,Summer,28.542857142857144,30.056666666666665,24.183561643835617,4.414285714285713,6.61,29.3,27.2,33.7
2019-08-03,28.3,30.8,26.4,6.8,88,14.97,12.8,2019,8,215,Summer,28.785714285714285,29.9,24.177808219178086,4.528571428571428,6.616666666666666,28.7,26.6,33.0
2019-08-04,28.9,32.6,26.2,4.2,87,18.28,7.3,2019,8,216,Summer,28.900000000000002,29.83,24.173698630136986,4.0857142857142845,6.633333333333334,28.3,28.1,31.0
2019-08-05,29.2,32.9,26.5,18.5,86,18.98,9.7,2019,8,217,Summer,28.900000000000002,29.77,24.173972602739727,6.542857142857143,7.24,28.9,29.2,31.0
2019-08-06,27.9,31.0,26.0,20.7,89,12.63,12.4,2019,8,218,Summer,28.75714285714286,29.663333333333334,24.176986301369865,9.385714285714284,7.86,29.2,28.9,31.1
2019-08-07,28.2,30.9,25.7,7.0,88,12.56,12.4,2019,8,219,Summer,28.642857142857142,29.54,24.181369863013696,10.314285714285713,7.96,27.9,29.0,31.9
2019-08-08,30.1,33.8,27.2,0.5,78,19.63,14.4,2019,8,220,Summer,28.757142857142856,29.52,24.187397260273972,10.085714285714285,7.8133333333333335,28.2,29.3,30.7
2019-08-09,29.3,31.4,27.6,0.8,75,16.72,28.5,2019,8,221,Summer,28.842857142857145,29.463333333333335,24.187671232876713,8.357142857142856,7.603333333333334,30.1,28.7,31.0
2019-08-10,28.8,32.2,26.0,1.7,80,19.32,24.5,2019,8,222,Summer,28.91428571428571,29.31,24.185753424657538,7.628571428571427,7.66,29.3,28.3,33.4
2019-08-11,29.5,32.8,26.4,0.3,79,20.27,11.3,2019,8,223,Summer,29.0,29.18,24.184931506849313,7.07142857142857,7.653333333333334,28.8,28.9,33.4
2019-08-12,29.3,32.2,26.9,7.6,80,17.14,13.3,2019,8,224,Summer,29.014285714285712,29.019999999999996,24.186301369863013,5.514285714285713,7.906666666666667,29.5,29.2,34.1
2019-08-13,29.1,33.2,26.9,20.1,84,16.57,19.2,2019,8,225,Summer,29.185714285714283,28.89333333333333,24.186301369863013,5.428571428571429,8.576666666666666,29.3,27.9,32.9
2019-08-14,28.3,31.6,25.5,2.8,88,16.24,8.6,2019,8,226,Summer,29.2,28.84666666666667,24.183561643835617,4.828571428571428,8.523333333333333,29.1,28.2,29.7
2019-08-15,29.0,31.9,27.0,11.2,82,16.53,22.0,2019,8,227,Summer,29.042857142857144,28.92666666666667,24.183561643835617,6.357142857142857,8.21,28.3,30.1,26.6
2019-08-16,27.9,30.9,26.1,9.4,84,17.54,23.6,2019,8,228,Summer,28.842857142857145,28.95,24.18027397260274,7.585714285714286,8.03,29.0,29.3,27.2
2019-08-17,26.1,27.7,25.3,8.4,90,7.91,28.3,2019,8,229,Summer,28.45714285714286,28.903333333333332,24.171232876712327,8.542857142857143,7.883333333333334,27.9,28.8,27.5
2019-08-18,26.8,30.7,24.4,31.0,87,13.03,15.8,2019,8,230,Summer,28.071428571428573,28.816666666666666,24.164657534246576,12.928571428571429,8.693333333333333,26.1,29.5,29.4
2019-08-19,28.0,31.7,24.2,1.3,84,21.06,8.9,2019,8,231,Summer,27.88571428571429,28.75,24.16219178082192,12.028571428571427,8.32,26.8,29.3,30.0
2019-08-20,28.5,32.7,25.2,0.8,82,21.36,16.6,2019,8,232,Summer,27.800000000000004,28.709999999999997,24.160273972602738,9.27142857142857,7.9766666666666675,28.0,29.1,29.7
2019-08-21,29.3,33.9,24.6,0.0,78,23.14,15.8,2019,8,233,Summer,27.942857142857143,28.673333333333332,24.15972602739726,8.871428571428572,7.7733333333333325,28.5,28.3,30.4
2019-08-22,28.6,32.1,25.5,0.8,84,19.44,9.7,2019,8,234,Summer,27.885714285714283,28.57333333333333,24.157808219178083,7.385714285714285,7.6466666666666665,29.3,29.0,31.6
2019-08-23,29.2,32.9,25.6,4.0,82,20.25,5.5,2019,8,235,Summer,28.071428571428573,28.496666666666666,24.160273972602738,6.614285714285714,7.553333333333334,28.6,27.9,31.5
2019-08-24,29.1,33.6,26.2,3.9,83,18.0,14.0,2019,8,236,Summer,28.5,28.54666666666667,24.161643835616438,5.97142857142857,7.319999999999999,29.2,26.1,27.6
2019-08-25,27.5,30.4,26.1,12.9,88,12.95,13.0,2019,8,237,Summer,28.599999999999998,28.55666666666667,24.15890410958904,3.3857142857142852,6.8533333333333335,29.1,26.8,27.2
2019-08-26,28.8,32.3,25.6,0.6,83,20.67,17.0,2019,8,238,Summer,28.714285714285715,28.63,24.15945205479452,3.285714285714285,6.673333333333333,27.5,28.0,26.6
2019-08-27,29.8,33.4,26.1,0.1,80,20.56,9.7,2019,8,239,Summer,28.9,28.686666666666664,24.165753424657535,3.1857142857142855,6.4333333333333345,28.8,28.5,28.1
2019-08-28,30.4,34.0,26.9,0.4,78,21.64,12.9,2019,8,240,Summer,29.057142857142857,28.72666666666667,24.173424657534245,3.2428571428571424,6.403333333333333,29.8,29.3,29.2
2019-08-29,30.1,33.6,27.3,1.0,80,19.32,12.7,2019,8,241,Summer,29.271428571428572,28.766666666666666,24.17917808219178,3.2714285714285714,6.409999999999999,30.4,28.6,28.9
2019-08-30,30.1,33.5,26.5,0.9,81,19.87,9.8,2019,8,242,Summer,29.400000000000002,28.803333333333335,24.182191780821917,2.8285714285714287,6.423333333333333,30.1,29.2,29.0
2019-08-31,30.5,33.0,26.8,6.4,78,18.62,10.7,2019,8,243,Summer,29.6,28.84333333333333,24.184931506849313,3.1857142857142855,6.566666666666666,30.1,29.1,29.3
2019-09-01,28.6,31.6,26.4,4.7,86,14.71,13.8,2019,9,244,Autumn,29.75714285714286,28.84,24.185753424657538,2.014285714285714,6.293333333333333,30.5,27.5,28.7
2019-09-02,29.5,33.2,25.8,1.3,83,18.01,9.4,2019,9,245,Autumn,29.857142857142858,28.88,24.193424657534248,2.114285714285714,6.11,28.6,28.8,28.3
2019-09-03,30.2,33.5,26.7,5.5,80,19.22,10.4,2019,9,246,Autumn,29.914285714285715,28.923333333333336,24.203013698630134,2.8857142857142852,6.153333333333333,29.5,29.8,28.9
2019-09-04,29.0,32.2,25.5,7.8,85,17.28,12.6,2019,9,247,Autumn,29.714285714285715,28.916666666666668,24.20931506849315,3.942857142857142,5.796666666666667,30.2,30.4,29.2
2019-09-05,29.4,32.6,26.6,0.6,82,18.8,11.9,2019,9,248,Autumn,29.614285714285717,28.966666666666665,24.213972602739727,3.8857142857142852,5.126666666666667,29.0,30.1,27.9
2019-09-06,29.7,32.9,26.9,0.4,81,19.02,12.1,2019,9,249,Autumn,29.557142857142853,29.016666666666666,24.2186301369863,3.8142857142857136,4.906666666666667,29.4,30.1,28.2
2019-09-07,28.8,32.0,26.5,2.1,85,15.94,13.7,2019,9,250,Autumn,29.314285714285713,28.973333333333336,24.22109589041096,3.1999999999999997,4.96,29.7,30.5,30.1
2019-09-08,29.1,33.2,26.1,0.2,83,19.05,12.6,2019,9,251,Autumn,29.385714285714283,28.966666666666665,24.225753424657533,2.5571428571428565,4.9399999999999995,28.8,28.6,29.3
2019-09-09,30.1,34.2,25.7,0.1,78,20.43,9.0,2019,9,252,Autumn,29.47142857142857,29.009999999999998,24.234246575342464,2.3857142857142852,4.886666666666667,29.1,29.5,28.8
2019-09-10,30.6,35.2,26.6,0.0,74,21.14,9.4,2019,9,253,Autumn,29.528571428571432,29.046666666666667,24.2427397260274,1.5999999999999994,4.876666666666666,30.1,30.2,29.5
2019-09-11,31.2,35.7,26.5,0.4,73,20.16,10.2,2019,9,254,Autumn,29.842857142857145,29.110000000000003,24.252054794520546,0.5428571428571424,4.636666666666667,30.6,29.0,29.3
2019-09-12,30.2,33.8,27.5,0.6,79,17.68,18.4,2019,9,255,Autumn,29.957142857142856,29.14666666666667,24.25671232876712,0.5428571428571424,3.986666666666667,31.2,29.4,29.1
2019-09-13,29.8,33.6,26.4,0.6,77,18.99,16.1,2019,9,256,Autumn,29.97142857142857,29.196666666666665,24.26027397260274,0.571428571428571,3.9133333333333336,30.2,29.7,28.3
2019-09-14,28.7,32.2,26.0,0.7,79,15.57,15.9,2019,9,257,Autumn,29.957142857142856,29.186666666666664,24.262739726027398,0.37142857142857094,3.5633333333333335,29.8,28.8,29.0
2019-09-15,28.1,31.6,25.5,5.2,83,15.43,12.3,2019,9,258,Autumn,29.814285714285717,29.19333333333333,24.263287671232877,1.0857142857142852,3.4233333333333333,28.7,29.1,27.9
2019-09-16,29.3,33.3,25.2,0.4,81,18.3,10.4,2019,9,259,Autumn,29.7,29.3,24.26684931506849,1.1285714285714283,3.1566666666666667,28.1,30.1,26.1
2019-09-17,29.2,32.1,26.0,2.0,80,18.26,13.0,2019,9,260,Autumn,29.5,29.38,24.26986301369863,1.414285714285714,2.19,29.3,30.6,26.8
2019-09-18,28.5,31.9,25.9,3.0,80,16.16,19.3,2019,9,261,Autumn,29.114285714285717,29.396666666666665,24.272328767123287,1.7857142857142851,2.246666666666667,29.2,31.2,28.0
2019-09-19,26.9,30.3,24.7,1.0,80,17.32,16.6,2019,9,262,Autumn,28.642857142857142,29.34333333333333,24.27013698630137,1.8428571428571423,2.2533333333333334,28.5,30.2,28.5
2019-09-20,27.0,30.9,23.1,7.7,83,17.16,15.9,2019,9,263,Autumn,28.24285714285714,29.266666666666666,24.26630136986301,2.857142857142857,2.5100000000000002,26.9,29.8,29.3
2019-09-21,27.8,31.6,24.6,0.7,80,16.44,11.9,2019,9,264,Autumn,28.114285714285717,29.240000000000002,24.267945205479457,2.857142857142857,2.506666666666667,27.0,28.7,28.6
2019-09-22,27.1,29.9,25.1,13.9,83,15.25,15.9,2019,9,265,Autumn,27.971428571428568,29.17,24.273972602739725,4.1,2.8366666666666664,27.8,28.1,29.2
2019-09-23,26.7,31.1,23.5,2.0,81,16.38,12.8,2019,9,266,Autumn,27.6,29.089999999999996,24.27753424657534,4.328571428571428,2.7733333333333334,27.1,29.3,29.1
2019-09-24,27.0,31.6,23.4,2.9,80,17.26,17.8,2019,9,267,Autumn,27.285714285714285,29.07333333333333,24.284109589041098,4.457142857142857,2.44,26.7,29.2,27.5
2019-09-25,27.2,31.1,24.1,3.6,81,16.31,19.2,2019,9,268,Autumn,27.099999999999998,29.02,24.289589041095894,4.542857142857143,2.54,27.0,28.5,28.8
2019-09-26,27.6,30.5,25.1,1.9,76,14.42,20.2,2019,9,269,Autumn,27.2,28.94666666666667,24.293972602739725,4.671428571428571,2.6,27.2,26.9,29.8
2019-09-27,26.6,30.3,24.3,0.5,78,12.1,19.5,2019,9,270,Autumn,27.142857142857142,28.82,24.292876712328766,3.6428571428571423,2.6033333333333335,27.6,27.0,30.4
2019-09-28,25.5,29.3,22.8,4.6,83,13.03,22.3,2019,9,271,Autumn,26.814285714285717,28.66666666666667,24.28684931506849,4.2,2.7233333333333336,26.6,27.8,30.1
2019-09-29,25.0,27.3,23.1,2.0,84,10.37,14.7,2019,9,272,Autumn,26.514285714285716,28.49666666666667,24.28082191780822,2.5,2.76,25.5,27.1,30.1
2019-09-30,25.3,29.7,22.6,6.0,83,14.69,11.4,2019,9,273,Autumn,26.314285714285713,28.323333333333334,24.277260273972605,3.0714285714285716,2.746666666666667,25.0,26.7,30.5
2019-10-01,25.1,28.7,22.3,4.5,85,13.4,12.6,2019,10,274,Autumn,26.042857142857144,28.206666666666667,24.273150684931505,3.3000000000000003,2.74,25.3,27.0,28.6
2019-10-02,26.5,30.9,22.2,0.2,80,16.52,7.9,2019,10,275,Autumn,25.942857142857147,28.10666666666667,24.270410958904108,2.814285714285714,2.703333333333333,25.1,27.2,29.5
2019-10-03,27.5,32.4,22.9,0.0,73,17.92,11.5,2019,10,276,Autumn,25.928571428571427,28.016666666666666,24.272054794520546,2.542857142857143,2.52,26.5,27.6,30.2
2019-10-04,26.1,29.7,23.1,4.9,72,15.73,17.3,2019,10,277,Autumn,25.857142857142858,27.92,24.27123287671233,3.1714285714285713,2.4233333333333333,27.5,26.6,29.0
2019-10-05,26.1,31.9,21.9,0.0,66,19.27,16.7,2019,10,278,Autumn,25.942857142857143,27.81,24.27041095890411,2.514285714285714,2.4033333333333338,26.1,25.5,29.4
2019-10-06,26.4,32.2,21.1,0.0,62,19.21,13.2,2019,10,279,Autumn,26.142857142857142,27.700000000000003,24.272054794520546,2.228571428571428,2.39,26.1,25.0,29.7
2019-10-07,26.3,31.5,22.1,0.0,62,16.16,17.4,2019,10,280,Autumn,26.285714285714285,27.616666666666667,24.27479452054795,1.3714285714285712,2.3200000000000003,26.4,25.3,28.8
2019-10-08,26.4,31.7,21.0,0.0,57,18.93,9.8,2019,10,281,Autumn,26.471428571428568,27.526666666666664,24.275616438356167,0.7285714285714284,2.3133333333333335,26.3,25.1,29.1
2019-10-09,25.5,30.0,20.3,0.0,61,16.07,9.6,2019,10,282,Autumn,26.32857142857143,27.373333333333335,24.273698630136984,0.6999999999999998,2.3100000000000005,26.4,26.5,30.1
2019-10-10,26.4,31.0,20.7,0.0,59,15.29,9.7,2019,10,283,Autumn,26.171428571428574,27.233333333333334,24.276712328767122,0.6999999999999998,2.3100000000000005,25.5,27.5,30.6
2019-10-11,26.6,32.1,20.5,0.0,54,17.16,10.7,2019,10,284,Autumn,26.24285714285714,27.08,24.283561643835615,0.0,2.296666666666667,26.4,26.1,31.2
2019-10-12,27.3,33.2,22.1,0.0,57,17.78,10.7,2019,10,285,Autumn,26.414285714285715,26.983333333333338,24.29342465753425,0.0,2.276666666666667,26.6,26.1,30.2
2019-10-13,27.7,33.4,22.9,0.0,52,17.29,13.7,2019,10,286,Autumn,26.599999999999998,26.913333333333334,24.305753424657535,0.0,2.256666666666667,27.3,26.4,29.8
2019-10-14,27.0,33.5,20.7,0.0,58,17.77,13.2,2019,10,287,Autumn,26.7,26.85666666666667,24.31616438356164,0.0,2.233333333333334,27.7,26.3,28.7
2019-10-15,27.1,33.3,21.2,0.0,62,16.15,9.7,2019,10,288,Autumn,26.8,26.823333333333334,24.323561643835617,0.0,2.06,27.0,26.4,28.1
2019-10-16,27.6,33.3,21.6,0.0,58,16.31,10.2,2019,10,289,Autumn,27.1,26.766666666666666,24.331232876712328,0.0,2.0466666666666664,27.1,25.5,29.3
2019-10-17,27.0,32.1,22.1,0.0,61,15.75,10.2,2019,10,290,Autumn,27.185714285714287,26.693333333333335,24.33671232876712,0.0,1.98,27.6,26.4,29.2
2019-10-18,26.4,31.5,22.6,2.7,65,15.08,12.3,2019,10,291,Autumn,27.157142857142855,26.623333333333335,24.34109589041096,0.3857142857142855,1.97,27.0,26.6,28.5
2019-10-19,25.5,30.8,21.1,2.5,67,15.47,10.1,2019,10,292,Autumn,26.9,26.576666666666664,24.34164383561644,0.7428571428571427,2.02,26.4,27.3,26.9
2019-10-20,25.7,32.6,20.3,0.0,49,17.59,13.8,2019,10,293,Autumn,26.614285714285717,26.533333333333335,24.345205479452055,0.7428571428571427,1.7633333333333334,25.5,27.7,27.0
2019-10-21,25.0,31.8,18.9,0.0,51,17.46,20.5,2019,10,294,Autumn,26.32857142857143,26.44,24.349589041095893,0.7428571428571427,1.74,25.7,27.0,27.8
2019-10-22,24.4,31.5,19.1,0.0,48,17.41,19.1,2019,10,295,Autumn,25.942857142857147,26.35,24.354794520547944,0.7428571428571427,1.2766666666666668,25.0,27.1,27.1
2019-10-23,24.4,31.6,17.7,0.0,54,17.2,12.5,2019,10,296,Autumn,25.485714285714284,26.273333333333333,24.358630136986307,0.7428571428571427,1.2100000000000002,24.4,27.6,26.7
2019-10-24,24.2,30.9,18.0,0.0,65,16.86,9.4,2019,10,297,Autumn,25.085714285714285,26.180000000000003,24.360821917808217,0.7428571428571427,1.1133333333333335,24.4,27.0,27.0
2019-10-25,24.4,29.9,19.7,0.0,63,15.56,9.9,2019,10,298,Autumn,24.8,26.086666666666666,24.364109589041096,0.3571428571428569,0.9933333333333335,24.2,26.4,27.2
2019-10-26,24.5,30.1,18.9,0.0,61,16.2,8.9,2019,10,299,Autumn,24.657142857142855,25.983333333333334,24.36904109589041,0.0,0.9299999999999999,24.4,25.5,27.6
2019-10-27,24.5,31.5,18.5,0.0,58,16.6,13.2,2019,10,300,Autumn,24.485714285714284,25.913333333333334,24.372328767123285,0.0,0.9133333333333333,24.5,25.7,26.6
2019-10-28,24.1,30.4,18.3,0.0,59,15.76,9.5,2019,10,301,Autumn,24.357142857142858,25.866666666666667,24.375342465753423,0.0,0.7599999999999999,24.5,25.0,25.5
2019-10-29,24.4,29.4,19.5,0.0,65,11.6,7.1,2019,10,302,Autumn,24.357142857142858,25.846666666666668,24.379726027397258,0.0,0.6933333333333332,24.1,24.4,25.0
2019-10-30,25.4,31.0,21.3,0.0,64,12.73,13.8,2019,10,303,Autumn,24.5,25.85,24.384383561643837,0.0,0.49333333333333335,24.4,24.4,25.3
2019-10-31,24.3,30.9,18.3,0.0,66,15.69,12.7,2019,10,304,Autumn,24.514285714285712,25.82333333333333,24.385753424657533,0.0,0.3433333333333334,25.4,24.2,25.1
2019-11-01,24.8,31.2,18.9,0.0,65,15.49,11.4,2019,11,305,Autumn,24.571428571428573,25.766666666666666,24.390136986301368,0.0,0.3366666666666667,24.3,24.4,26.5
2019-11-02,24.4,30.4,19.8,0.2,69,13.71,18.9,2019,11,306,Autumn,24.557142857142857,25.663333333333334,24.39260273972603,0.02857142857142832,0.3433333333333334,24.8,24.5,27.5
2019-11-03,23.8,28.8,19.2,0.0,71,13.64,13.1,2019,11,307,Autumn,24.45714285714286,25.586666666666662,24.393424657534247,0.02857142857142832,0.18000000000000002,24.4,24.5,26.1
2019-11-04,23.7,29.0,19.1,0.0,63,14.71,19.7,2019,11,308,Autumn,24.4,25.506666666666668,24.397260273972602,0.02857142857142832,0.18000000000000002,23.8,24.1,26.1
2019-11-05,22.9,29.2,18.2,0.0,57,15.39,19.4,2019,11,309,Autumn,24.185714285714287,25.389999999999997,24.404657534246578,0.02857142857142832,0.18000000000000002,23.7,24.4,26.4
2019-11-06,23.3,29.8,16.9,0.0,59,13.63,11.2,2019,11,310,Autumn,23.885714285714283,25.290000000000003,24.413698630136988,0.02857142857142832,0.18000000000000002,22.9,25.4,26.3
2019-11-07,22.1,26.0,19.4,1.4,71,10.03,15.2,2019,11,311,Autumn,23.571428571428573,25.146666666666665,24.421917808219177,0.2285714285714283,0.22666666666666666,23.3,24.3,26.4
2019-11-08,21.9,26.8,17.2,0.8,74,12.02,11.4,2019,11,312,Autumn,23.157142857142862,25.026666666666664,24.42684931506849,0.3428571428571426,0.2533333333333333,22.1,24.8,25.5
2019-11-09,21.8,28.5,17.1,0.0,60,14.84,15.8,2019,11,313,Autumn,22.785714285714285,24.873333333333335,24.43068493150685,0.314285714285714,0.2533333333333333,21.9,24.4,26.4
2019-11-10,20.8,27.5,15.5,0.0,60,14.51,13.4,2019,11,314,Autumn,22.357142857142858,24.68,24.43068493150685,0.314285714285714,0.2533333333333333,21.8,23.8,26.6
2019-11-11,20.3,26.8,15.3,0.0,59,14.05,13.8,2019,11,315,Autumn,21.87142857142857,24.446666666666665,24.42657534246575,0.314285714285714,0.2533333333333333,20.8,23.7,27.3
2019-11-12,19.6,27.4,12.8,0.0,62,14.59,11.9,2019,11,316,Autumn,21.400000000000002,24.17666666666667,24.421369863013698,0.314285714285714,0.2533333333333333,20.3,22.9,27.7
2019-11-13,20.7,27.2,14.6,0.0,67,13.15,8.6,2019,11,317,Autumn,21.02857142857143,23.966666666666665,24.417534246575343,0.314285714285714,0.2533333333333333,19.6,23.3,27.0
2019-11-14,21.4,27.6,17.3,0.0,69,12.11,12.4,2019,11,318,Autumn,20.928571428571427,23.776666666666664,24.4172602739726,0.11428571428571403,0.2533333333333333,20.7,22.1,27.1
2019-11-15,21.0,27.0,16.8,0.0,72,11.8,12.1,2019,11,319,Autumn,20.8,23.556666666666665,24.418082191780822,0.0,0.2533333333333333,21.4,21.9,27.6
2019-11-16,21.9,28.6,16.9,0.0,64,13.66,21.4,2019,11,320,Autumn,20.814285714285713,23.386666666666663,24.425753424657533,0.0,0.2533333333333333,21.0,21.8,27.0
2019-11-17,21.7,27.9,17.4,0.0,61,13.94,23.7,2019,11,321,Autumn,20.942857142857143,23.23,24.434520547945205,0.0,0.16333333333333336,21.9,20.8,26.4
2019-11-18,19.9,25.8,15.3,0.0,64,13.92,16.9,2019,11,322,Autumn,20.885714285714283,23.043333333333333,24.434794520547946,0.0,0.08,21.7,20.3,25.5
2019-11-19,19.4,25.9,14.1,0.0,66,13.88,11.5,2019,11,323,Autumn,20.857142857142858,22.83333333333333,24.430958904109588,0.0,0.08,19.9,19.6,25.7
2019-11-20,19.1,25.9,13.0,0.0,65,13.43,10.6,2019,11,324,Autumn,20.62857142857143,22.636666666666663,24.427123287671233,0.0,0.08,19.4,20.7,25.0
2019-11-21,19.6,26.2,13.5,0.0,67,12.55,10.1,2019,11,325,Autumn,20.37142857142857,22.476666666666667,24.426849315068495,0.0,0.08,19.1,21.4,24.4
2019-11-22,20.6,27.0,14.3,0.0,65,13.1,9.8,2019,11,326,Autumn,20.314285714285713,22.35,24.429589041095895,0.0,0.08,19.6,21.0,24.4
2019-11-23,20.6,26.0,15.9,0.0,62,10.51,17.6,2019,11,327,Autumn,20.12857142857143,22.23,24.4331506849315,0.0,0.08,20.6,21.9,24.2
2019-11-24,20.7,26.0,16.0,0.0,64,10.16,13.6,2019,11,328,Autumn,19.985714285714288,22.106666666666666,24.436986301369863,0.0,0.08,20.6,21.7,24.4
2019-11-25,20.0,25.5,14.7,0.0,67,11.78,9.2,2019,11,329,Autumn,20.0,21.956666666666663,24.44301369863014,0.0,0.08,20.7,19.9,24.5
2019-11-26,20.1,25.0,16.1,0.9,67,9.78,17.6,2019,11,330,Autumn,20.099999999999998,21.81,24.447397260273977,0.1285714285714283,0.11,20.0,19.4,24.5
2019-11-27,19.7,25.2,15.2,0.0,68,9.86,12.0,2019,11,331,Autumn,20.185714285714287,21.663333333333334,24.447945205479453,0.1285714285714283,0.11,20.1,19.1,24.1
2019-11-28,18.3,22.7,16.2,22.1,83,8.48,18.5,2019,11,332,Autumn,20.0,21.459999999999997,24.44438356164384,3.2857142857142856,0.8466666666666668,19.7,19.6,24.4
2019-11-29,17.7,22.9,13.2,0.0,82,11.77,8.3,2019,11,333,Autumn,19.585714285714285,21.203333333333333,24.441917808219177,3.2857142857142856,0.8466666666666668,18.3,20.6,25.4
2019-11-30,17.0,22.2,13.3,0.0,78,12.81,12.0,2019,11,334,Autumn,19.071428571428573,20.96,24.438356164383563,3.2857142857142856,0.8466666666666668,17.7,20.6,24.3
2019-12-01,15.5,21.8,11.5,0.0,74,13.17,11.3,2019,12,335,Winter,18.32857142857143,20.65,24.4331506849315,3.2857142857142856,0.8466666666666668,17.0,20.7,24.8
2019-12-02,15.4,21.9,11.1,0.0,70,13.14,14.3,2019,12,336,Winter,17.67142857142857,20.35,24.426575342465757,3.2857142857142856,0.8400000000000001,15.5,20.0,24.4
2019-12-03,15.1,22.4,10.2,0.0,66,13.2,14.3,2019,12,337,Winter,16.95714285714286,20.060000000000002,24.419452054794515,3.1571428571428575,0.8400000000000001,15.4,20.1,23.8
2019-12-04,15.3,21.8,9.5,0.0,72,12.9,9.3,2019,12,338,Winter,16.32857142857143,19.779999999999998,24.413972602739726,3.1571428571428575,0.8400000000000001,15.1,19.7,23.7
2019-12-05,15.4,21.3,10.4,0.0,74,12.55,9.9,2019,12,339,Winter,15.914285714285715,19.529999999999998,24.41041095890411,0.0,0.8400000000000001,15.3,18.3,22.9
2019-12-06,15.4,21.8,10.1,0.0,82,11.92,9.2,2019,12,340,Winter,15.585714285714285,19.266666666666666,24.40602739726027,0.0,0.8400000000000001,15.4,17.7,23.3
2019-12-07,16.0,22.4,10.0,0.0,79,12.73,8.9,2019,12,341,Winter,15.442857142857141,19.063333333333336,24.406301369863012,0.0,0.7933333333333333,15.4,17.0,22.1
2019-12-08,15.7,22.5,10.1,0.0,79,12.62,10.2,2019,12,342,Winter,15.471428571428572,18.856666666666666,24.407123287671233,0.0,0.7666666666666668,16.0,15.5,21.9
2019-12-09,15.3,21.8,9.2,0.0,73,12.64,11.2,2019,12,343,Winter,15.457142857142857,18.64,24.405479452054795,0.0,0.7666666666666668,15.7,15.4,21.8
2019-12-10,15.1,21.4,8.5,0.0,70,12.61,10.8,2019,12,344,Winter,15.457142857142857,18.45,24.404383561643836,0.0,0.7666666666666668,15.3,15.1,20.8
2019-12-11,15.7,21.4,8.9,0.0,71,11.17,9.2,2019,12,345,Winter,15.514285714285714,18.296666666666667,24.40493150684932,0.0,0.7666666666666668,15.1,15.3,20.3
2019-12-12,15.6,18.4,13.5,5.9,78,5.35,23.7,2019,12,346,Winter,15.542857142857143,18.163333333333334,24.40767123287671,0.8428571428571429,0.9633333333333335,15.7,15.4,19.6
2019-12-13,15.1,19.5,11.4,3.7,87,8.74,20.3,2019,12,347,Winter,15.5,17.97666666666667,24.40986301369863,1.3714285714285717,1.0866666666666667,15.6,15.4,20.7
2019-12-14,13.0,17.7,9.8,0.0,85,8.28,8.6,2019,12,348,Winter,15.071428571428571,17.69666666666667,24.407123287671233,1.3714285714285717,1.0866666666666667,15.1,16.0,21.4
2019-12-15,13.2,18.5,9.3,0.0,80,12.1,10.5,2019,12,349,Winter,14.714285714285714,17.436666666666667,24.405479452054795,1.3714285714285717,1.0866666666666667,13.0,15.7,21.0
2019-12-16,12.4,18.3,9.1,0.0,80,12.42,13.0,2019,12,350,Winter,14.299999999999999,17.12,24.4027397260274,1.3714285714285717,1.0866666666666667,13.2,15.3,21.9
2019-12-17,11.8,18.2,8.1,0.0,80,12.49,13.3,2019,12,351,Winter,13.828571428571427,16.79,24.39945205479452,1.3714285714285717,1.0866666666666667,12.4,15.1,21.7
2019-12-18,11.9,18.0,7.9,0.0,78,12.37,14.0,2019,12,352,Winter,13.285714285714286,16.523333333333333,24.396712328767126,1.3714285714285717,1.0866666666666667,11.8,15.7,19.9
2019-12-19,11.5,17.2,5.8,0.0,80,10.94,8.8,2019,12,353,Winter,12.7,16.26,24.393150684931506,0.5285714285714286,1.0866666666666667,11.9,15.6,19.4
2019-12-20,13.0,18.0,8.5,0.0,79,11.91,7.5,2019,12,354,Winter,12.4,16.056666666666665,24.394794520547947,0.0,1.0866666666666667,11.5,15.1,19.1
2019-12-21,13.4,16.2,10.3,0.2,81,4.42,8.9,2019,12,355,Winter,12.457142857142857,15.85,24.39835616438356,0.028571428571428574,1.0933333333333335,13.0,13.0,19.6
2019-12-22,12.5,18.5,8.2,0.0,84,12.62,13.3,2019,12,356,Winter,12.357142857142858,15.58,24.4,0.028571428571428574,1.0933333333333335,13.4,13.2,20.6
2019-12-23,11.8,18.6,8.2,0.0,82,12.83,14.4,2019,12,357,Winter,12.27142857142857,15.286666666666667,24.398630136986302,0.028571428571428574,1.0933333333333335,12.5,12.4,20.6
2019-12-24,9.6,15.3,5.8,0.0,90,9.9,9.4,2019,12,358,Winter,11.957142857142857,14.916666666666666,24.38876712328767,0.028571428571428574,1.0933333333333335,11.8,11.8,20.7
2019-12-25,8.7,15.3,5.2,0.0,87,10.84,12.4,2019,12,359,Winter,11.5,14.54,24.379178082191785,0.028571428571428574,1.0933333333333335,9.6,11.9,20.0
2019-12-26,8.4,14.9,4.3,0.0,84,12.59,14.8,2019,12,360,Winter,11.057142857142859,14.15,24.36958904109589,0.028571428571428574,1.0633333333333335,8.7,11.5,20.1
2019-12-27,7.3,13.6,3.3,0.0,88,10.92,9.7,2019,12,361,Winter,10.242857142857144,13.736666666666668,24.356438356164386,0.028571428571428574,1.0633333333333335,8.4,13.0,19.7
2019-12-28,6.7,13.1,3.0,0.0,90,10.74,8.6,2019,12,362,Winter,9.285714285714286,13.35,24.34328767123288,0.0,0.3266666666666667,7.3,13.4,18.3
2019-12-29,7.3,13.1,3.8,0.0,86,11.82,10.2,2019,12,363,Winter,8.542857142857143,13.003333333333334,24.332602739726028,0.0,0.3266666666666667,6.7,12.5,17.7
2019-12-30,6.9,12.8,3.3,0.0,89,10.03,10.2,2019,12,364,Winter,7.842857142857143,12.666666666666666,24.31534246575342,0.0,0.3266666666666667,7.3,11.8,17.0
2019-12-31,7.6,12.9,2.0,0.0,78,12.43,10.2,2019,12,365,Winter,7.557142857142857,12.403333333333334,24.302465753424656,0.0,0.3266666666666667,6.9,9.6,15.5
2020-01-01,10.0,17.7,2.9,0.0,79,11.5,12.0,2020,1,1,Winter,7.742857142857143,12.223333333333333,24.295068493150684,0.0,0.3266666666666667,7.6,8.7,15.4
2020-01-02,12.9,19.5,6.8,0.0,79,11.8,12.4,2020,1,2,Winter,8.385714285714286,12.15,24.291780821917808,0.0,0.3266666666666667,10.0,8.4,15.1
2020-01-03,14.0,19.0,8.3,0.1,78,11.83,9.8,2020,1,3,Winter,9.342857142857143,12.106666666666666,24.293424657534242,0.014285714285714287,0.33,12.9,7.3,15.3
2020-01-04,13.4,18.9,8.8,0.5,82,10.64,9.7,2020,1,4,Winter,10.299999999999999,12.04,24.29561643835617,0.08571428571428572,0.3466666666666667,14.0,6.7,15.4
2020-01-05,13.3,19.8,7.9,0.0,74,12.14,12.9,2020,1,5,Winter,11.157142857142858,11.97,24.29534246575342,0.08571428571428572,0.3466666666666667,13.4,7.3,15.4
2020-01-06,13.5,17.1,10.3,0.0,76,6.14,11.6,2020,1,6,Winter,12.1,11.886666666666667,24.29671232876712,0.08571428571428572,0.3466666666666667,13.3,6.9,16.0
2020-01-07,14.0,17.8,11.1,2.1,83,6.4,13.0,2020,1,7,Winter,13.014285714285716,11.830000000000002,24.30109589041096,0.38571428571428573,0.4166666666666667,13.5,7.6,15.7
2020-01-08,12.8,15.3,10.3,17.5,92,5.0,14.5,2020,1,8,Winter,13.414285714285715,11.746666666666666,24.302739726027397,2.8857142857142857,1.0,14.0,10.0,15.3
2020-01-09,10.5,16.0,7.1,0.0,78,13.38,16.1,2020,1,9,Winter,13.071428571428571,11.593333333333332,24.296986301369863,2.8857142857142857,1.0,12.8,12.9,15.1
2020-01-10,10.1,16.6,5.8,0.0,77,13.68,16.1,2020,1,10,Winter,12.514285714285714,11.406666666666666,24.28986301369863,2.871428571428571,1.0,10.5,14.0,15.7
2020-01-11,10.3,16.9,5.5,0.0,77,12.9,11.3,2020,1,11,Winter,12.071428571428571,11.23,24.282739726027398,2.8,0.8033333333333333,10.1,13.4,15.6
2020-01-12,11.8,19.7,6.0,0.0,78,13.32,10.9,2020,1,12,Winter,11.857142857142858,11.120000000000001,24.276986301369863,2.8,0.6799999999999999,10.3,13.3,15.1
2020-01-13,14.6,20.6,9.2,16.6,83,10.48,19.3,2020,1,13,Winter,12.014285714285714,11.173333333333334,24.277260273972605,5.171428571428572,1.2333333333333334,11.8,13.5,13.0
2020-01-14,14.0,18.3,10.5,0.3,86,9.5,11.7,2020,1,14,Winter,12.014285714285714,11.2,24.2813698630137,4.914285714285714,1.2433333333333332,14.6,14.0,13.2
2020-01-15,12.4,18.6,7.4,0.0,83,13.55,12.2,2020,1,15,Winter,11.957142857142857,11.2,24.283835616438356,2.4142857142857146,1.2433333333333332,14.0,12.8,12.4
2020-01-16,12.4,15.8,9.4,11.1,90,7.4,10.0,2020,1,16,Winter,12.228571428571428,11.22,24.285753424657532,4.0,1.6133333333333333,12.4,10.5,11.8
2020-01-17,13.0,17.9,10.2,0.6,88,10.49,11.0,2020,1,17,Winter,12.642857142857142,11.256666666666666,24.286575342465753,4.085714285714286,1.6333333333333333,12.4,10.1,11.9
2020-01-18,12.5,17.2,8.9,0.2,89,10.39,10.9,2020,1,18,Winter,12.957142857142856,11.29,24.287945205479453,4.114285714285715,1.6400000000000001,13.0,10.3,11.5
2020-01-19,11.7,17.6,7.8,0.0,82,14.22,12.7,2020,1,19,Winter,12.942857142857141,11.246666666666666,24.280547945205477,4.114285714285715,1.6400000000000001,12.5,11.8,13.0
2020-01-20,12.1,17.5,7.2,0.0,84,11.75,12.5,2020,1,20,Winter,12.585714285714287,11.203333333333335,24.26493150684932,1.742857142857143,1.6333333333333335,11.7,14.6,13.4
2020-01-21,12.9,18.2,9.3,0.0,86,13.47,9.5,2020,1,21,Winter,12.428571428571429,11.216666666666667,24.2558904109589,1.7,1.6333333333333335,12.1,14.0,12.5
2020-01-22,12.5,18.8,7.4,0.0,82,14.17,15.1,2020,1,22,Winter,12.442857142857141,11.24,24.24958904109589,1.7,1.6333333333333335,12.9,12.4,11.8
2020-01-23,12.5,17.8,8.5,0.0,66,14.97,23.2,2020,1,23,Winter,12.457142857142856,11.336666666666666,24.247671232876712,0.1142857142857143,1.6333333333333335,12.5,12.4,9.6
2020-01-24,12.8,19.2,8.4,0.0,60,15.01,22.6,2020,1,24,Winter,12.428571428571429,11.473333333333333,24.245205479452054,0.028571428571428574,1.6333333333333335,12.5,13.0,8.7
2020-01-25,11.8,18.2,5.3,0.0,74,14.14,9.8,2020,1,25,Winter,12.328571428571427,11.586666666666668,24.244383561643836,0.0,1.6333333333333335,12.8,12.5,8.4
2020-01-26,13.6,20.2,7.1,0.0,79,14.16,10.5,2020,1,26,Winter,12.6,11.796666666666669,24.25068493150685,0.0,1.6333333333333335,11.8,11.7,7.3
2020-01-27,14.0,20.0,8.6,0.4,77,9.11,16.7,2020,1,27,Winter,12.87142857142857,12.040000000000001,24.261369863013698,0.05714285714285715,1.646666666666667,13.6,12.1,6.7
2020-01-28,14.2,19.3,11.0,16.0,83,10.13,20.7,2020,1,28,Winter,13.057142857142859,12.270000000000001,24.27123287671233,2.3428571428571425,2.18,14.0,12.9,7.3
2020-01-29,13.3,18.5,10.3,0.5,82,13.7,10.2,2020,1,29,Winter,13.171428571428573,12.483333333333336,24.2772602739726,2.414285714285714,2.1966666666666668,14.2,12.5,6.9
2020-01-30,12.6,18.2,8.5,0.0,77,15.2,17.8,2020,1,30,Winter,13.185714285714287,12.65,24.28027397260274,2.414285714285714,2.1966666666666668,13.3,12.5,7.6
2020-01-31,12.1,17.5,7.4,0.0,74,15.55,12.7,2020,1,31,Winter,13.085714285714285,12.72,24.27780821917808,2.414285714285714,2.1966666666666668,12.6,12.8,10.0
2020-02-01,12.3,18.3,7.6,0.0,74,15.47,12.5,2020,2,32,Winter,13.157142857142857,12.700000000000001,24.27260273972603,2.414285714285714,2.1966666666666668,12.1,11.8,12.9
2020-02-02,11.7,18.1,6.8,0.0,76,16.13,14.4,2020,2,33,Winter,12.885714285714286,12.623333333333335,24.26931506849315,2.414285714285714,2.1933333333333334,12.3,13.6,14.0
2020-02-03,12.0,18.8,6.5,0.0,74,16.26,11.8,2020,2,34,Winter,12.6,12.576666666666666,24.267671232876715,2.357142857142857,2.1766666666666667,11.7,14.0,13.4
2020-02-04,13.0,19.6,7.2,0.0,74,15.5,10.4,2020,2,35,Winter,12.428571428571429,12.566666666666666,24.264383561643836,0.07142857142857169,2.1766666666666667,12.0,14.2,13.3
2020-02-05,12.9,19.0,8.3,0.0,74,15.84,16.0,2020,2,36,Winter,12.37142857142857,12.546666666666665,24.256164383561643,0.0,2.1766666666666667,13.0,13.3,13.5
2020-02-06,11.7,17.5,6.9,0.0,75,16.2,11.2,2020,2,37,Winter,12.242857142857144,12.469999999999999,24.2413698630137,0.0,2.106666666666667,12.9,12.6,14.0
2020-02-07,12.7,18.3,8.1,0.1,71,14.76,12.0,2020,2,38,Winter,12.328571428571427,12.466666666666667,24.233150684931502,0.01428571428571454,1.5266666666666668,11.7,12.1,12.8
2020-02-08,12.4,19.1,7.0,0.0,75,16.67,10.7,2020,2,39,Winter,12.342857142857143,12.53,24.232328767123292,0.01428571428571454,1.5266666666666668,12.7,12.3,10.5
2020-02-09,12.8,19.8,7.0,0.0,75,16.97,10.2,2020,2,40,Winter,12.5,12.620000000000001,24.23315068493151,0.01428571428571454,1.5266666666666668,12.4,11.7,10.1
2020-02-10,13.2,20.1,7.4,0.0,73,17.22,11.1,2020,2,41,Winter,12.671428571428573,12.716666666666667,24.23534246575343,0.01428571428571454,1.5266666666666668,12.8,12.0,10.3
2020-02-11,13.5,20.6,7.2,0.0,73,17.25,11.2,2020,2,42,Winter,12.742857142857144,12.773333333333333,24.236164383561647,0.01428571428571454,1.5266666666666668,13.2,13.0,11.8
2020-02-12,15.9,23.8,9.1,0.0,68,16.83,19.5,2020,2,43,Winter,13.171428571428573,12.816666666666666,24.238082191780823,0.01428571428571454,0.9733333333333333,13.5,12.9,14.6
2020-02-13,19.2,26.6,13.0,0.0,57,17.02,20.6,2020,2,44,Winter,14.242857142857144,12.990000000000002,24.24547945205479,0.01428571428571454,0.9633333333333333,15.9,11.7,14.0
2020-02-14,18.5,24.0,13.8,0.0,51,17.77,29.0,2020,2,45,Winter,15.071428571428571,13.193333333333332,24.251506849315067,0.0,0.9633333333333333,19.2,12.7,12.4
2020-02-15,17.5,24.7,12.2,0.0,47,18.04,21.3,2020,2,46,Winter,15.799999999999999,13.363333333333333,24.2558904109589,0.0,0.5933333333333333,18.5,12.4,12.4
2020-02-16,17.1,25.0,11.0,0.0,60,18.19,12.2,2020,2,47,Winter,16.414285714285715,13.5,24.263287671232877,0.0,0.5733333333333334,17.5,12.8,13.0
2020-02-17,17.5,25.5,9.1,0.0,56,18.38,17.7,2020,2,48,Winter,17.02857142857143,13.666666666666666,24.27123287671233,0.0,0.5666666666666667,17.1,13.2,12.5
2020-02-18,17.0,25.4,10.3,0.0,48,18.63,20.2,2020,2,49,Winter,17.52857142857143,13.843333333333334,24.273150684931505,0.0,0.5666666666666667,17.5,13.5,11.7
2020-02-19,18.2,25.2,10.0,0.0,54,16.49,21.5,2020,2,50,Winter,17.857142857142858,14.046666666666665,24.276712328767122,0.0,0.5666666666666667,17.0,15.9,12.1
2020-02-20,20.0,26.3,15.0,2.1,62,16.62,25.4,2020,2,51,Winter,17.97142857142857,14.283333333333333,24.284931506849315,0.30000000000000027,0.6366666666666667,18.2,19.2,12.9
2020-02-21,16.2,18.9,13.6,13.4,84,10.09,25.2,2020,2,52,Winter,17.642857142857142,14.406666666666668,24.276438356164384,2.2142857142857144,1.0833333333333333,20.0,18.5,12.5
2020-02-22,17.8,21.5,13.9,0.7,79,12.32,11.9,2020,2,53,Winter,17.685714285714287,14.583333333333334,24.276164383561646,2.3142857142857145,1.1066666666666667,16.2,17.5,12.5
2020-02-23,17.5,23.2,13.2,2.6,82,15.54,17.8,2020,2,54,Winter,17.74285714285714,14.74,24.282739726027398,2.685714285714286,1.1933333333333331,17.8,17.1,12.8
2020-02-24,17.6,23.5,12.3,0.1,78,17.16,11.8,2020,2,55,Winter,17.757142857142856,14.933333333333334,24.288767123287677,2.7,1.1966666666666665,17.5,17.5,11.8
2020-02-25,18.0,24.4,13.1,0.0,74,18.12,16.3,2020,2,56,Winter,17.900000000000002,15.08,24.29561643835617,2.7,1.1966666666666665,17.6,17.0,13.6
2020-02-26,18.6,25.0,12.7,0.0,74,18.09,11.2,2020,2,57,Winter,17.95714285714286,15.233333333333333,24.303835616438356,2.7,1.1833333333333333,18.0,18.2,14.0
2020-02-27,19.1,25.4,13.4,0.0,76,17.36,12.1,2020,2,58,Winter,17.82857142857143,15.396666666666667,24.31917808219178,2.4,0.6499999999999999,18.6,20.0,14.2
2020-02-28,20.3,25.6,16.0,0.0,74,14.77,19.3,2020,2,59,Winter,18.414285714285715,15.629999999999999,24.338904109589045,0.48571428571428593,0.6333333333333332,19.1,16.2,13.3
2020-02-29,18.7,21.9,16.1,9.1,82,11.78,22.3,2020,2,60,Winter,18.542857142857144,15.833333333333334,24.352054794520548,1.6857142857142857,0.9366666666666666,20.3,17.8,12.6
2020-03-01,19.1,24.9,15.1,0.0,80,18.02,14.8,2020,3,61,Spring,18.771428571428572,16.066666666666666,24.36328767123288,1.3142857142857145,0.9366666666666666,18.7,17.5,12.1
2020-03-02,19.7,25.4,14.8,0.2,78,17.62,9.4,2020,3,62,Spring,19.071428571428573,16.313333333333333,24.37369863013699,1.3285714285714287,0.9433333333333332,19.1,17.6,12.3
2020-03-03,19.6,26.0,13.6,0.0,70,18.63,10.5,2020,3,63,Spring,19.3,16.576666666666668,24.381095890410954,1.3285714285714287,0.9433333333333332,19.7,18.0,11.7
2020-03-04,19.2,24.9,13.9,1.0,72,16.88,17.2,2020,3,64,Spring,19.38571428571429,16.816666666666666,24.389589041095892,1.4714285714285715,0.9766666666666666,19.6,18.6,12.0
2020-03-05,18.2,24.5,14.5,13.0,79,15.31,27.8,2020,3,65,Spring,19.25714285714286,16.99,24.39369863013699,3.3285714285714287,1.41,19.2,19.1,13.0
2020-03-06,16.4,21.3,13.7,23.3,86,8.95,30.4,2020,3,66,Spring,18.7,17.10666666666667,24.39178082191781,6.6571428571428575,2.1866666666666665,18.2,20.3,12.9
2020-03-07,15.9,20.4,12.8,1.7,85,11.46,18.9,2020,3,67,Spring,18.3,17.246666666666666,24.384383561643833,5.6000000000000005,2.243333333333333,16.4,18.7,11.7
2020-03-08,16.5,22.7,11.6,0.0,79,19.27,16.4,2020,3,68,Spring,17.928571428571427,17.37333333333333,24.37972602739726,5.6000000000000005,2.24,15.9,19.1,12.7
2020-03-09,17.0,23.6,11.8,0.0,67,21.51,20.3,2020,3,69,Spring,17.54285714285714,17.526666666666664,24.377808219178082,5.571428571428572,2.24,16.5,19.7,12.4
2020-03-10,17.1,23.7,10.1,0.0,68,20.62,11.0,2020,3,70,Spring,17.185714285714283,17.67,24.36986301369863,5.571428571428572,2.24,17.0,19.6,12.8
2020-03-11,18.7,23.9,14.9,2.6,74,14.93,20.9,2020,3,71,Spring,17.114285714285714,17.853333333333335,24.367397260273968,5.8,2.3266666666666667,17.1,19.2,13.2
2020-03-12,19.6,25.7,14.3,0.0,67,19.18,21.1,2020,3,72,Spring,17.314285714285713,18.05666666666667,24.37095890410959,3.9428571428571435,2.3266666666666667,18.7,18.2,13.5
2020-03-13,18.7,24.7,13.7,10.0,65,21.18,23.2,2020,3,73,Spring,17.642857142857142,18.15,24.375068493150685,2.042857142857143,2.6600000000000006,19.6,16.4,15.9
2020-03-14,16.4,20.7,13.5,4.2,82,15.42,20.4,2020,3,74,Spring,17.714285714285715,18.056666666666665,24.37095890410959,2.4,2.8,18.7,15.9,19.2
2020-03-15,16.3,21.3,11.2,0.1,78,18.17,10.7,2020,3,75,Spring,17.685714285714287,17.983333333333334,24.36602739726027,2.4142857142857146,2.8033333333333337,16.4,16.5,18.5
2020-03-16,18.0,23.9,12.8,0.0,75,19.53,12.0,2020,3,76,Spring,17.82857142857143,18.0,24.36027397260274,2.4142857142857146,2.8033333333333337,16.3,17.0,17.5
2020-03-17,18.9,25.6,13.5,0.0,71,22.05,14.1,2020,3,77,Spring,18.085714285714285,18.06,24.355342465753427,2.4142857142857146,2.8033333333333337,18.0,17.1,17.1
2020-03-18,20.4,27.1,14.3,0.0,67,21.46,14.8,2020,3,78,Spring,18.32857142857143,18.156666666666663,24.351780821917806,2.042857142857143,2.8033333333333337,18.9,18.7,17.5
2020-03-19,20.8,27.4,15.2,0.2,71,20.82,12.5,2020,3,79,Spring,18.5,18.283333333333335,24.344931506849314,2.0714285714285716,2.8100000000000005,20.4,19.6,17.0
2020-03-20,21.2,29.0,16.0,0.4,69,18.93,16.7,2020,3,80,Spring,18.857142857142858,18.383333333333333,24.340547945205483,0.7000000000000001,2.8233333333333333,20.8,18.7,18.2
2020-03-21,21.7,28.4,15.2,1.6,70,20.92,9.2,2020,3,81,Spring,19.614285714285717,18.44,24.339726027397262,0.3285714285714286,2.8066666666666666,21.2,16.4,20.0
2020-03-22,22.0,28.6,15.5,0.0,68,21.99,13.8,2020,3,82,Spring,20.428571428571427,18.633333333333333,24.338630136986296,0.31428571428571433,2.3600000000000003,21.7,16.3,16.2
2020-03-23,22.5,29.2,16.2,0.0,61,22.31,9.4,2020,3,83,Spring,21.071428571428573,18.790000000000003,24.334246575342465,0.31428571428571433,2.336666666666667,22.0,18.0,17.8
2020-03-24,23.6,30.2,18.2,0.7,64,17.44,10.8,2020,3,84,Spring,21.74285714285714,18.993333333333336,24.33945205479452,0.4142857142857143,2.273333333333333,22.5,18.9,17.5
2020-03-25,23.8,30.3,17.8,0.0,62,20.43,21.8,2020,3,85,Spring,22.228571428571428,19.2,24.34356164383562,0.4142857142857143,2.27,23.6,20.4,17.6
2020-03-26,23.5,29.7,18.8,0.0,61,14.88,19.6,2020,3,86,Spring,22.614285714285717,19.383333333333333,24.34328767123288,0.38571428571428573,2.27,23.8,20.8,18.0
2020-03-27,21.4,25.2,19.2,6.0,74,9.62,16.2,2020,3,87,Spring,22.642857142857142,19.476666666666667,24.330684931506852,1.1857142857142857,2.4699999999999998,23.5,21.2,18.6
2020-03-28,21.3,27.3,16.1,0.1,69,22.99,17.3,2020,3,88,Spring,22.585714285714285,19.55,24.312602739726028,0.9714285714285714,2.4733333333333336,21.4,21.7,19.1
2020-03-29,21.9,28.2,16.4,0.0,59,22.42,22.5,2020,3,89,Spring,22.571428571428573,19.603333333333335,24.2986301369863,0.9714285714285713,2.4733333333333336,21.3,22.0,20.3
2020-03-30,21.9,28.8,15.8,0.0,55,23.32,19.2,2020,3,90,Spring,22.485714285714288,19.709999999999997,24.286027397260277,0.9714285714285713,2.17,21.9,22.5,18.7
2020-03-31,22.7,30.1,16.1,0.1,56,20.86,20.1,2020,3,91,Spring,22.357142857142858,19.830000000000002,24.278356164383563,0.8857142857142858,2.173333333333333,21.9,23.6,19.1
2020-04-01,23.9,31.1,17.6,0.0,56,22.21,13.0,2020,4,92,Spring,22.37142857142857,19.970000000000002,24.273972602739725,0.8857142857142858,2.1666666666666665,22.7,23.8,19.7
2020-04-02,23.3,29.5,17.8,0.0,53,22.4,20.9,2020,4,93,Spring,22.342857142857138,20.09333333333333,24.265753424657536,0.8857142857142858,2.1666666666666665,23.9,23.5,19.6
2020-04-03,22.4,29.4,16.1,0.0,44,24.22,19.1,2020,4,94,Spring,22.485714285714284,20.2,24.25041095890411,0.028571428571428574,2.1333333333333333,23.3,21.4,19.2
2020-04-04,23.2,31.0,15.5,0.0,48,23.95,17.2,2020,4,95,Spring,22.75714285714286,20.366666666666667,24.233424657534247,0.014285714285714287,1.7,22.4,21.3,18.2
2020-04-05,24.0,31.6,17.0,0.0,53,21.85,15.5,2020,4,96,Spring,23.057142857142857,20.62,24.220273972602744,0.014285714285714287,0.9233333333333332,23.2,21.9,16.4
2020-04-06,26.2,33.4,18.4,0.0,46,23.3,18.0,2020,4,97,Spring,23.67142857142857,20.963333333333335,24.214794520547944,0.014285714285714287,0.8666666666666666,24.0,21.9,15.9
2020-04-07,25.0,32.8,18.4,0.4,46,22.61,19.6,2020,4,98,Spring,24.0,21.24666666666667,24.20958904109589,0.05714285714285715,0.88,26.2,22.7,16.5
2020-04-08,24.9,31.5,18.7,0.0,46,23.61,16.7,2020,4,99,Spring,24.142857142857142,21.51,24.2,0.05714285714285715,0.88,25.0,23.9,17.0
2020-04-09,24.4,31.5,17.5,0.0,46,24.21,15.8,2020,4,100,Spring,24.299999999999994,21.753333333333334,24.186849315068496,0.05714285714285715,0.88,24.9,23.3,17.1
2020-04-10,25.7,34.0,18.0,0.0,47,23.06,17.2,2020,4,101,Spring,24.771428571428572,21.986666666666665,24.173972602739727,0.05714285714285715,0.7933333333333332,24.4,22.4,18.7
2020-04-11,27.7,35.1,19.2,0.0,42,23.28,13.8,2020,4,102,Spring,25.41428571428571,22.256666666666664,24.168767123287672,0.05714285714285715,0.7933333333333332,25.7,23.2,19.6
2020-04-12,28.0,34.9,20.8,0.0,42,24.16,15.0,2020,4,103,Spring,25.985714285714284,22.566666666666666,24.163561643835617,0.05714285714285715,0.4599999999999999,27.7,24.0,18.7
2020-04-13,29.3,37.0,20.8,0.0,41,23.03,20.6,2020,4,104,Spring,26.428571428571427,22.996666666666666,24.16,0.05714285714285715,0.31999999999999995,28.0,26.2,16.4
2020-04-14,30.1,37.9,22.8,0.0,41,21.85,22.0,2020,4,105,Spring,27.157142857142855,23.456666666666663,24.1572602739726,0.0,0.31666666666666654,29.3,25.0,16.3
2020-04-15,30.4,37.6,25.1,0.0,38,20.36,20.6,2020,4,106,Spring,27.942857142857143,23.869999999999997,24.168767123287672,0.0,0.31666666666666654,30.1,24.9,18.0
2020-04-16,30.3,37.8,23.1,0.0,36,22.0,16.9,2020,4,107,Spring,28.785714285714285,24.25,24.192054794520548,0.0,0.31666666666666654,30.4,24.4,18.9
2020-04-17,29.6,34.7,25.2,0.0,34,17.64,20.4,2020,4,108,Spring,29.342857142857145,24.55666666666667,24.211506849315064,0.0,0.31666666666666654,30.3,25.7,20.4
2020-04-18,29.0,35.5,23.5,0.0,38,20.95,25.1,2020,4,109,Spring,29.528571428571432,24.83,24.223835616438354,0.0,0.3099999999999999,29.6,27.7,20.8
2020-04-19,27.9,33.9,22.3,0.0,43,21.41,14.4,2020,4,110,Spring,29.514285714285716,25.053333333333335,24.227945205479454,0.0,0.2966666666666666,29.0,28.0,21.2
2020-04-20,26.8,33.9,21.6,0.4,45,15.92,14.5,2020,4,111,Spring,29.157142857142855,25.223333333333333,24.222739726027395,0.05714285714285715,0.25666666666666654,27.9,29.3,21.7
2020-04-21,26.1,32.2,19.6,0.0,51,23.39,14.8,2020,4,112,Spring,28.585714285714285,25.36,24.21178082191781,0.05714285714285715,0.25666666666666654,26.8,30.1,22.0
2020-04-22,27.5,34.1,20.0,0.0,41,24.32,13.8,2020,4,113,Spring,28.17142857142857,25.526666666666664,24.199178082191782,0.05714285714285715,0.25666666666666654,26.1,30.4,22.5
2020-04-23,28.9,35.5,24.3,0.0,38,18.42,20.2,2020,4,114,Spring,27.971428571428568,25.70333333333333,24.188767123287672,0.05714285714285715,0.23333333333333323,27.5,30.3,23.6
2020-04-24,28.9,35.4,21.7,0.0,41,22.3,11.4,2020,4,115,Spring,27.87142857142857,25.87333333333333,24.17753424657534,0.05714285714285715,0.23333333333333323,28.9,29.6,23.8
2020-04-25,28.5,33.7,23.6,0.5,43,20.6,17.1,2020,4,116,Spring,27.8,26.04,24.16520547945205,0.1285714285714286,0.2499999999999999,28.9,29.0,23.5
2020-04-26,26.9,31.8,23.4,1.0,58,19.11,29.5,2020,4,117,Spring,27.657142857142855,26.223333333333336,24.14712328767123,0.2714285714285714,0.08333333333333322,28.5,27.9,21.4
2020-04-27,25.4,30.4,20.8,2.8,69,18.97,21.1,2020,4,118,Spring,27.457142857142856,26.36,24.125479452054797,0.6142857142857142,0.1733333333333332,26.9,26.8,21.3
2020-04-28,26.4,32.3,21.6,0.2,64,21.06,14.8,2020,4,119,Spring,27.5,26.509999999999998,24.105753424657536,0.6428571428571429,0.17999999999999985,25.4,26.1,21.9
2020-04-29,28.6,34.7,21.1,0.0,55,22.06,12.6,2020,4,120,Spring,27.657142857142855,26.733333333333334,24.09041095890411,0.6428571428571429,0.17999999999999985,26.4,27.5,21.9
2020-04-30,29.4,36.1,24.1,0.2,51,20.87,23.2,2020,4,121,Spring,27.728571428571428,26.956666666666663,24.080547945205478,0.6714285714285715,0.1833333333333332,28.6,28.9,22.7
2020-05-01,30.5,38.4,22.4,0.0,54,22.33,17.3,2020,5,122,Spring,27.957142857142856,27.176666666666666,24.07780821917808,0.6714285714285715,0.1833333333333332,29.4,28.9,23.9
2020-05-02,29.3,36.6,24.3,0.9,57,22.41,29.5,2020,5,123,Spring,28.071428571428573,27.376666666666665,24.073150684931505,0.7285714285714285,0.21333333333333324,30.5,28.5,23.3
2020-05-03,27.7,34.7,23.5,21.8,64,13.69,25.5,2020,5,124,Spring,28.185714285714283,27.553333333333335,24.06383561643836,3.6999999999999997,0.9399999999999998,29.3,26.9,22.4
2020-05-04,27.2,32.9,21.0,0.0,66,23.5,14.6,2020,5,125,Spring,28.442857142857147,27.686666666666667,24.053150684931506,3.3000000000000003,0.94,27.7,25.4,23.2
2020-05-05,28.8,34.4,23.1,0.0,50,20.23,25.6,2020,5,126,Spring,28.785714285714285,27.846666666666668,24.043835616438358,3.271428571428572,0.94,27.2,26.4,24.0
2020-05-06,28.6,35.2,21.7,0.0,45,21.12,18.8,2020,5,127,Spring,28.785714285714285,27.92666666666667,24.03369863013699,3.271428571428572,0.94,28.8,28.6,26.2
2020-05-07,28.6,35.8,22.1,0.0,44,23.7,17.7,2020,5,128,Spring,28.671428571428574,28.046666666666667,24.01890410958904,3.2428571428571433,0.9266666666666666,28.6,29.4,25.0
2020-05-08,30.7,38.1,23.1,0.0,40,23.8,13.7,2020,5,129,Spring,28.7,28.24,24.009315068493148,3.2428571428571433,0.9266666666666666,28.6,30.5,24.9
2020-05-09,31.6,39.5,25.2,0.0,41,23.07,14.7,2020,5,130,Spring,29.02857142857143,28.48,24.00109589041096,3.1142857142857143,0.9266666666666666,30.7,29.3,24.4
2020-05-10,29.6,36.3,24.5,0.8,54,19.89,17.7,2020,5,131,Spring,29.300000000000004,28.610000000000003,23.99369863013699,0.1142857142857143,0.9533333333333334,31.6,27.7,25.7
2020-05-11,29.1,35.8,22.8,0.3,57,21.51,15.3,2020,5,132,Spring,29.571428571428577,28.65666666666667,23.986027397260273,0.15714285714285717,0.9633333333333334,29.6,27.2,27.7
2020-05-12,29.4,35.5,23.1,0.0,55,22.89,17.0,2020,5,133,Spring,29.657142857142862,28.703333333333333,23.977808219178087,0.15714285714285717,0.9633333333333334,29.1,28.8,28.0
2020-05-13,29.7,35.5,25.8,0.3,55,17.96,14.9,2020,5,134,Spring,29.814285714285717,28.716666666666665,23.976712328767125,0.19999999999999998,0.9733333333333333,29.4,28.6,29.3
2020-05-14,30.5,36.8,24.1,0.0,53,20.6,13.2,2020,5,135,Spring,30.085714285714285,28.73,23.9772602739726,0.19999999999999998,0.9733333333333333,29.7,28.6,30.1
2020-05-15,31.4,38.2,24.7,0.0,41,23.17,20.4,2020,5,136,Spring,30.185714285714287,28.763333333333335,23.98054794520548,0.19999999999999998,0.9733333333333333,30.5,30.7,30.4
2020-05-16,31.5,38.1,24.6,0.0,33,24.23,18.4,2020,5,137,Spring,30.171428571428574,28.803333333333335,23.98931506849315,0.19999999999999998,0.9733333333333333,31.4,31.6,30.3
2020-05-17,31.8,38.7,24.1,0.0,32,20.46,16.0,2020,5,138,Spring,30.485714285714288,28.876666666666665,24.0013698630137,0.08571428571428572,0.9733333333333333,31.5,29.6,29.6
2020-05-18,31.4,38.7,23.8,0.0,30,23.46,17.2,2020,5,139,Spring,30.814285714285713,28.956666666666663,24.004931506849314,0.04285714285714286,0.9733333333333333,31.8,29.1,29.0
2020-05-19,32.1,38.6,24.7,0.0,22,22.24,14.3,2020,5,140,Spring,31.2,29.096666666666668,24.005479452054793,0.04285714285714286,0.9733333333333333,31.4,29.4,27.9
2020-05-20,30.8,37.7,23.3,0.0,26,24.89,21.2,2020,5,141,Spring,31.357142857142858,29.23,24.000547945205476,0.0,0.9599999999999999,32.1,29.7,26.8
2020-05-21,32.2,40.2,24.0,0.0,26,25.03,22.7,2020,5,142,Spring,31.599999999999998,29.433333333333334,23.99890410958904,0.0,0.9599999999999999,30.8,30.5,26.1
2020-05-22,34.0,42.1,25.3,0.0,26,24.43,11.8,2020,5,143,Spring,31.97142857142857,29.65,24.0013698630137,0.0,0.9599999999999999,32.2,31.4,27.5
2020-05-23,34.6,41.7,27.7,0.0,28,21.04,18.1,2020,5,144,Spring,32.41428571428572,29.84,24.01178082191781,0.0,0.9599999999999999,34.0,31.5,28.9
2020-05-24,35.6,42.3,27.7,0.0,25,22.63,23.7,2020,5,145,Spring,32.95714285714286,30.063333333333336,24.024109589041093,0.0,0.9599999999999999,34.6,31.8,28.9
2020-05-25,35.7,43.2,27.8,0.0,22,24.61,23.1,2020,5,146,Spring,33.57142857142857,30.303333333333335,24.035342465753423,0.0,0.9433333333333332,35.6,31.4,28.5
2020-05-26,36.9,44.2,29.6,0.0,19,23.09,19.7,2020,5,147,Spring,34.25714285714286,30.636666666666667,24.044109589041096,0.0,0.9099999999999999,35.7,32.1,26.9
2020-05-27,36.5,43.7,28.9,0.0,21,22.8,17.1,2020,5,148,Spring,35.07142857142857,31.006666666666668,24.05232876712329,0.0,0.8166666666666665,36.9,30.8,25.4
2020-05-28,33.0,38.2,28.6,0.1,41,18.38,29.8,2020,5,149,Spring,35.18571428571429,31.22666666666667,24.047671232876713,0.014285714285714287,0.8133333333333332,36.5,32.2,26.4
2020-05-29,30.1,35.1,25.9,4.2,58,16.91,27.5,2020,5,150,Spring,34.62857142857143,31.276666666666664,24.032602739726027,0.6142857142857142,0.9533333333333333,33.0,34.0,28.6
2020-05-30,28.2,32.7,23.5,5.4,61,16.34,20.0,2020,5,151,Spring,33.714285714285715,31.236666666666668,24.009041095890414,1.3857142857142857,1.1266666666666665,30.1,34.6,29.4
2020-05-31,26.8,32.6,22.9,0.2,69,20.79,16.2,2020,5,152,Spring,32.457142857142856,31.113333333333333,23.984931506849314,1.4142857142857144,1.1333333333333333,28.2,35.6,30.5
2020-06-01,27.8,33.3,21.6,0.0,67,23.12,9.6,2020,6,153,Summer,31.32857142857143,31.063333333333336,23.963835616438356,1.4142857142857144,1.1033333333333333,26.8,35.7,29.3
2020-06-02,29.0,34.4,24.0,0.0,62,20.8,14.1,2020,6,154,Summer,30.2,31.10666666666667,23.94849315068493,1.4142857142857144,0.3766666666666667,27.8,36.9,27.7
2020-06-03,29.9,35.8,24.2,0.0,58,22.73,11.3,2020,6,155,Summer,29.25714285714286,31.196666666666665,23.935068493150688,1.4142857142857144,0.3766666666666667,29.0,36.5,27.2
2020-06-04,29.6,34.4,24.9,0.0,57,17.06,11.8,2020,6,156,Summer,28.771428571428572,31.223333333333336,23.91890410958904,1.4000000000000001,0.3766666666666667,29.9,33.0,28.8
2020-06-05,29.0,34.4,24.8,0.0,60,22.43,12.2,2020,6,157,Summer,28.614285714285717,31.236666666666668,23.900821917808216,0.8,0.3766666666666667,29.6,30.1,28.6
2020-06-06,29.5,34.4,24.4,0.0,58,20.94,13.1,2020,6,158,Summer,28.8,31.266666666666666,23.88821917808219,0.028571428571428574,0.3766666666666667,29.0,28.2,28.6
2020-06-07,30.6,36.2,26.7,1.2,59,21.03,15.0,2020,6,159,Summer,29.342857142857145,31.263333333333335,23.874794520547944,0.17142857142857143,0.4166666666666667,29.5,26.8,30.7
2020-06-08,30.8,35.5,25.6,0.1,60,21.56,13.2,2020,6,160,Summer,29.771428571428572,31.236666666666668,23.858082191780824,0.18571428571428572,0.42,30.6,27.8,31.6
2020-06-09,33.0,37.9,26.7,0.0,51,22.02,12.3,2020,6,161,Summer,30.342857142857145,31.35,23.846575342465755,0.18571428571428572,0.3933333333333333,30.8,29.0,29.6
2020-06-10,33.7,38.4,28.3,0.0,52,20.56,19.4,2020,6,162,Summer,30.885714285714283,31.503333333333334,23.836438356164383,0.18571428571428572,0.38333333333333336,33.0,29.9,29.1
2020-06-11,33.5,37.6,27.7,0.0,53,21.87,11.6,2020,6,163,Summer,31.442857142857147,31.64,23.833424657534245,0.18571428571428572,0.38333333333333336,33.7,29.6,29.4
2020-06-12,33.8,38.5,28.9,0.0,52,21.02,16.6,2020,6,164,Summer,32.128571428571426,31.776666666666667,23.82904109589041,0.18571428571428572,0.3733333333333333,33.5,29.0,29.7
2020-06-13,33.6,38.5,29.6,0.0,55,21.59,15.3,2020,6,165,Summer,32.714285714285715,31.880000000000003,23.822465753424655,0.18571428571428572,0.3733333333333333,33.8,29.5,30.5
2020-06-14,33.6,38.5,29.2,0.0,56,21.39,12.1,2020,6,166,Summer,33.142857142857146,31.953333333333333,23.814520547945204,0.014285714285714287,0.3733333333333333,33.6,30.6,31.4
2020-06-15,34.3,40.1,29.2,0.0,47,22.21,18.2,2020,6,167,Summer,33.642857142857146,32.04666666666667,23.815890410958907,0.0,0.3733333333333333,33.6,30.8,31.5
2020-06-16,33.8,39.2,28.5,0.1,48,21.48,14.3,2020,6,168,Summer,33.75714285714286,32.11333333333333,23.816712328767125,0.014285714285714287,0.3766666666666667,34.3,33.0,31.8
2020-06-17,33.9,39.9,29.0,0.0,52,23.04,17.6,2020,6,169,Summer,33.785714285714285,32.19666666666667,23.826027397260273,0.014285714285714287,0.3766666666666667,33.8,33.7,31.4
2020-06-18,34.6,41.2,28.1,0.0,50,23.66,18.4,2020,6,170,Summer,33.94285714285714,32.28,23.835890410958903,0.014285714285714287,0.3766666666666667,33.9,33.5,32.1
2020-06-19,34.9,40.3,30.0,0.0,53,20.67,19.3,2020,6,171,Summer,34.1,32.41666666666667,23.844383561643834,0.014285714285714287,0.3766666666666667,34.6,33.8,30.8
2020-06-20,33.7,39.2,29.5,1.2,54,20.77,19.9,2020,6,172,Summer,34.114285714285714,32.46666666666667,23.845479452054796,0.18571428571428572,0.4166666666666667,34.9,33.6,32.2
2020-06-21,33.4,38.6,28.7,0.0,54,22.47,13.8,2020,6,173,Summer,34.08571428571428,32.446666666666665,23.841917808219176,0.18571428571428572,0.4166666666666667,33.7,33.6,34.0
2020-06-22,31.9,36.5,27.6,1.0,61,20.89,10.9,2020,6,174,Summer,33.74285714285714,32.35666666666667,23.83616438356164,0.32857142857142857,0.45,33.4,34.3,34.6
2020-06-23,31.5,35.1,28.4,2.0,64,19.74,21.0,2020,6,175,Summer,33.41428571428571,32.22,23.83616438356164,0.5999999999999999,0.5166666666666667,31.9,33.8,35.6
2020-06-24,30.3,33.1,28.3,3.1,72,17.18,15.1,2020,6,176,Summer,32.9,32.04,23.83123287671233,1.042857142857143,0.62,31.5,33.9,35.7
2020-06-25,31.9,37.1,26.7,0.0,66,22.8,10.2,2020,6,177,Summer,32.51428571428571,31.87333333333333,23.823287671232876,1.042857142857143,0.62,30.3,34.6,36.9
2020-06-26,32.4,36.4,27.9,1.4,65,18.54,18.8,2020,6,178,Summer,32.15714285714286,31.736666666666665,23.8172602739726,1.2428571428571427,0.6666666666666666,31.9,34.9,36.5
2020-06-27,33.7,38.3,29.5,0.1,57,18.8,29.5,2020,6,179,Summer,32.15714285714286,31.759999999999998,23.812328767123287,1.0857142857142856,0.6666666666666666,32.4,33.7,33.0
2020-06-28,35.0,38.9,30.3,0.2,51,19.17,26.2,2020,6,180,Summer,32.385714285714286,31.923333333333336,23.808767123287673,1.1142857142857143,0.5333333333333333,33.7,33.4,30.1
2020-06-29,34.4,39.7,29.7,0.5,54,21.38,24.6,2020,6,181,Summer,32.74285714285715,32.13,23.80219178082192,1.042857142857143,0.37000000000000005,35.0,31.9,28.2
2020-06-30,32.2,36.4,27.2,0.0,63,22.43,17.1,2020,6,182,Summer,32.84285714285714,32.31,23.791780821917808,0.7571428571428571,0.36333333333333334,34.4,31.5,26.8
2020-07-01,33.4,38.2,28.6,0.0,59,22.26,14.2,2020,7,183,Summer,33.285714285714285,32.49666666666666,23.785479452054798,0.31428571428571433,0.36333333333333334,32.2,30.3,27.8
2020-07-02,35.1,40.6,29.9,0.1,53,21.98,15.7,2020,7,184,Summer,33.74285714285714,32.7,23.789315068493146,0.32857142857142857,0.36666666666666664,33.4,31.9,29.0
2020-07-03,35.0,41.2,31.0,0.0,56,23.14,22.9,2020,7,185,Summer,34.114285714285714,32.87,23.794794520547942,0.1285714285714286,0.36666666666666664,35.1,32.4,29.9
2020-07-04,33.1,37.7,28.7,0.0,64,21.54,21.4,2020,7,186,Summer,34.028571428571425,32.986666666666665,23.800547945205476,0.1142857142857143,0.36666666666666664,35.0,33.7,29.6
2020-07-05,29.9,34.6,24.9,4.1,70,19.01,18.1,2020,7,187,Summer,33.3,33.016666666666666,23.79753424657534,0.6714285714285714,0.5033333333333333,33.1,35.0,29.0
2020-07-06,30.6,34.7,26.5,0.3,70,21.03,16.3,2020,7,188,Summer,32.75714285714286,33.053333333333335,23.796164383561646,0.6428571428571427,0.5133333333333333,29.9,34.4,29.5
2020-07-07,29.3,32.9,27.1,1.5,74,16.45,23.8,2020,7,189,Summer,32.34285714285714,33.01,23.78904109589041,0.857142857142857,0.5233333333333333,30.6,32.2,30.6
2020-07-08,28.8,32.8,25.6,5.4,82,14.21,19.0,2020,7,190,Summer,31.685714285714287,32.943333333333335,23.783835616438356,1.6285714285714283,0.7,29.3,33.4,30.8
2020-07-09,30.2,33.6,26.8,2.2,78,15.85,12.8,2020,7,191,Summer,30.985714285714288,32.85,23.781643835616443,1.9285714285714286,0.7733333333333334,28.8,35.1,33.0
2020-07-10,32.7,37.8,28.7,1.6,63,20.07,17.0,2020,7,192,Summer,30.657142857142862,32.81666666666667,23.77972602739726,2.157142857142857,0.8266666666666667,30.2,35.0,33.7
2020-07-11,31.9,36.4,26.0,0.9,64,20.93,19.2,2020,7,193,Summer,30.485714285714284,32.763333333333335,23.77561643835616,2.2857142857142856,0.8566666666666668,32.7,33.1,33.5
2020-07-12,31.7,35.5,28.8,0.5,66,19.91,14.7,2020,7,194,Summer,30.742857142857144,32.693333333333335,23.76904109589041,1.7714285714285716,0.8733333333333334,31.9,29.9,33.8
2020-07-13,31.9,36.2,27.3,0.1,65,20.49,15.3,2020,7,195,Summer,30.928571428571427,32.63666666666667,23.76630136986301,1.7428571428571427,0.8766666666666667,31.7,30.6,33.6
2020-07-14,33.2,38.6,28.9,0.0,60,22.03,13.6,2020,7,196,Summer,31.485714285714288,32.62333333333333,23.775890410958905,1.5285714285714285,0.8766666666666667,31.9,29.3,33.6
2020-07-15,31.9,36.4,28.0,0.1,68,22.37,18.3,2020,7,197,Summer,31.928571428571427,32.54333333333333,23.79041095890411,0.7714285714285715,0.8800000000000001,33.2,28.8,34.3
2020-07-16,30.7,33.6,28.2,4.6,73,18.44,21.1,2020,7,198,Summer,32.0,32.440000000000005,23.8,1.1142857142857143,1.03,31.9,30.2,33.8
2020-07-17,31.1,34.9,28.2,10.8,74,18.12,17.7,2020,7,199,Summer,31.771428571428572,32.346666666666664,23.809863013698624,2.4285714285714284,1.3900000000000001,30.7,32.7,33.9
2020-07-18,31.6,35.8,27.3,2.5,74,18.8,15.1,2020,7,200,Summer,31.72857142857143,32.24666666666667,23.815890410958904,2.6571428571428575,1.4733333333333334,31.1,31.9,34.6
2020-07-19,30.5,34.6,27.1,14.1,80,15.81,17.2,2020,7,201,Summer,31.557142857142857,32.1,23.8172602739726,4.6000000000000005,1.9433333333333331,31.6,31.7,34.9
2020-07-20,29.3,33.3,26.3,15.3,79,19.31,17.4,2020,7,202,Summer,31.185714285714287,31.953333333333333,23.81616438356165,6.771428571428571,2.413333333333333,30.5,31.9,33.7
2020-07-21,28.2,32.4,25.1,13.5,82,18.38,11.9,2020,7,203,Summer,30.47142857142857,31.780000000000005,23.810136986301366,8.7,2.863333333333333,29.3,33.2,33.4
2020-07-22,27.2,30.3,25.3,14.4,86,15.15,15.6,2020,7,204,Summer,29.8,31.62333333333333,23.798082191780825,10.742857142857144,3.31,28.2,31.9,31.9
2020-07-23,28.5,32.8,24.4,0.2,79,21.81,8.4,2020,7,205,Summer,29.485714285714288,31.52333333333333,23.789863013698632,10.114285714285716,3.25,27.2,30.7,31.5
2020-07-24,28.8,32.4,26.1,1.6,78,19.36,13.1,2020,7,206,Summer,29.157142857142862,31.473333333333336,23.793150684931508,8.8,3.2,28.5,31.1,30.3
2020-07-25,28.8,32.3,25.8,1.9,82,19.63,14.2,2020,7,207,Summer,28.757142857142856,31.37,23.797534246575342,8.714285714285714,3.2633333333333336,28.8,31.6,31.9
2020-07-26,29.9,34.1,25.6,2.6,80,21.57,11.3,2020,7,208,Summer,28.67142857142857,31.28666666666667,23.806575342465752,7.071428571428571,3.3033333333333332,28.8,30.5,32.4
2020-07-27,31.0,34.3,27.8,2.7,75,20.2,16.3,2020,7,209,Summer,28.914285714285715,31.196666666666665,23.814520547945207,5.271428571428572,3.39,29.9,29.3,33.7
2020-07-28,31.8,35.5,29.1,0.4,67,20.49,19.6,2020,7,210,Summer,29.428571428571427,31.09,23.821643835616438,3.4,3.396666666666667,31.0,28.2,35.0
2020-07-29,30.5,33.9,27.8,0.1,72,14.81,18.4,2020,7,211,Summer,29.900000000000002,30.96,23.826027397260273,1.3571428571428572,3.3833333333333333,31.8,27.2,34.4
2020-07-30,28.9,31.9,25.8,3.9,79,16.89,12.8,2020,7,212,Summer,29.957142857142856,30.85,23.825753424657535,1.885714285714286,3.5133333333333336,30.5,28.5,32.2
2020-07-31,29.2,33.1,25.4,8.5,84,18.9,9.5,2020,7,213,Summer,30.014285714285712,30.709999999999997,23.825479452054793,2.8714285714285714,3.796666666666667,28.9,28.8,33.4
2020-08-01,29.4,32.8,26.8,5.6,84,17.68,8.4,2020,8,214,Summer,30.099999999999998,30.52,23.827397260273973,3.4,3.98,29.2,28.8,35.1
2020-08-02,31.1,35.2,27.5,0.2,75,21.2,15.3,2020,8,215,Summer,30.271428571428572,30.389999999999997,23.835068493150683,3.057142857142857,3.986666666666667,29.4,29.9,35.0
2020-08-03,31.7,35.9,28.5,1.3,72,18.58,15.5,2020,8,216,Summer,30.37142857142857,30.34333333333333,23.8427397260274,2.857142857142857,4.03,31.1,31.0,33.1
2020-08-04,31.7,36.9,27.3,0.9,73,22.21,11.7,2020,8,217,Summer,30.357142857142858,30.403333333333332,23.849589041095893,2.9285714285714284,3.9233333333333333,31.7,31.8,29.9
2020-08-05,30.5,33.7,28.1,2.1,79,17.91,19.3,2020,8,218,Summer,30.357142857142858,30.4,23.85671232876712,3.2142857142857144,3.9833333333333334,31.7,30.5,30.6
2020-08-06,30.9,34.8,27.6,0.1,71,21.45,34.1,2020,8,219,Summer,30.642857142857142,30.453333333333333,23.864109589041096,2.6714285714285717,3.9366666666666665,30.5,28.9,29.3
2020-08-07,29.9,33.6,27.2,0.9,76,20.47,26.4,2020,8,220,Summer,30.74285714285714,30.490000000000002,23.86356164383562,1.5857142857142856,3.7866666666666666,30.9,29.2,28.8
2020-08-08,30.8,34.5,27.4,3.3,78,20.62,8.9,2020,8,221,Summer,30.942857142857147,30.509999999999998,23.867671232876713,1.2571428571428573,3.8233333333333333,29.9,29.4,30.2
2020-08-09,29.8,33.3,26.9,22.8,83,16.88,12.9,2020,8,222,Summer,30.757142857142856,30.413333333333334,23.870410958904106,4.485714285714286,4.53,30.8,31.1,32.7
2020-08-10,28.8,31.1,26.5,2.4,87,13.61,13.8,2020,8,223,Summer,30.342857142857145,30.31,23.86849315068493,4.642857142857143,4.58,29.8,31.7,31.9
2020-08-11,28.9,31.8,26.5,15.8,87,12.51,11.7,2020,8,224,Summer,29.942857142857143,30.216666666666665,23.867397260273975,6.771428571428572,5.09,28.8,31.7,31.7
2020-08-12,29.8,33.8,26.3,3.4,83,18.79,15.5,2020,8,225,Summer,29.842857142857145,30.146666666666665,23.869315068493147,6.957142857142857,5.2,28.9,30.5,31.9
2020-08-13,26.6,27.5,25.8,84.6,95,4.21,12.8,2020,8,226,Summer,29.22857142857143,29.92666666666667,23.864657534246575,19.02857142857143,8.02,29.8,30.9,33.2
2020-08-14,27.6,30.9,25.6,5.0,89,15.69,19.4,2020,8,227,Summer,28.900000000000002,29.783333333333335,23.86082191780822,19.61428571428571,8.183333333333334,26.6,29.9,31.9
2020-08-15,28.9,32.3,25.9,2.6,86,19.06,14.6,2020,8,228,Summer,28.628571428571426,29.723333333333336,23.863561643835613,19.514285714285712,8.116666666666667,27.6,30.8,30.7
2020-08-16,28.7,31.9,26.0,6.2,87,16.03,14.2,2020,8,229,Summer,28.47142857142857,29.64333333333333,23.87068493150685,17.142857142857142,7.963333333333334,28.9,29.8,31.1
2020-08-17,29.1,32.8,26.7,2.1,86,17.55,14.2,2020,8,230,Summer,28.514285714285712,29.56,23.876986301369865,17.099999999999998,7.95,28.7,28.8,31.6
2020-08-18,29.8,32.3,27.6,9.7,84,16.66,10.6,2020,8,231,Summer,28.642857142857142,29.536666666666665,23.88191780821918,16.228571428571424,7.803333333333333,29.1,28.9,30.5
2020-08-19,27.1,29.1,26.1,16.7,92,6.87,9.4,2020,8,232,Summer,28.25714285714286,29.46333333333333,23.878082191780823,18.128571428571426,7.85,29.8,29.8,29.3
2020-08-20,26.5,29.1,24.5,8.8,93,8.04,14.3,2020,8,233,Summer,28.24285714285714,29.406666666666663,23.870410958904113,7.299999999999999,7.6933333333333325,27.1,26.6,28.2
2020-08-21,28.6,32.2,25.9,0.2,79,21.69,18.9,2020,8,234,Summer,28.385714285714283,29.453333333333333,23.870410958904113,6.614285714285714,7.22,26.5,27.6,27.2
2020-08-22,28.6,32.6,26.1,0.1,75,19.7,26.6,2020,8,235,Summer,28.34285714285715,29.456666666666667,23.868767123287668,6.257142857142857,7.216666666666667,28.6,28.9,28.5
2020-08-23,28.1,31.4,25.8,2.0,81,17.92,25.0,2020,8,236,Summer,28.25714285714286,29.433333333333334,23.866027397260275,5.657142857142857,7.23,28.6,28.7,28.8
2020-08-24,27.7,30.6,25.5,0.8,82,14.76,23.8,2020,8,237,Summer,28.057142857142857,29.396666666666665,23.866575342465758,5.471428571428571,7.1933333333333325,28.1,29.1,28.8
2020-08-25,28.5,31.8,25.6,0.9,80,19.69,16.5,2020,8,238,Summer,27.87142857142857,29.35,23.865753424657534,4.2142857142857135,7.136666666666667,27.7,29.8,29.9
2020-08-26,29.0,32.2,26.1,0.9,79,19.14,12.2,2020,8,239,Summer,28.142857142857142,29.283333333333335,23.86356164383562,1.9571428571428573,7.076666666666666,28.5,27.1,31.0
2020-08-27,28.7,31.5,26.6,1.1,80,17.17,12.5,2020,8,240,Summer,28.457142857142856,29.18,23.85890410958904,0.8571428571428571,7.1,29.0,26.5,31.8
2020-08-28,28.5,33.0,26.0,2.8,84,18.89,13.2,2020,8,241,Summer,28.442857142857147,29.113333333333333,23.854520547945203,1.2285714285714284,7.1899999999999995,28.7,28.6,30.5
2020-08-29,28.5,32.5,25.4,1.8,83,19.68,14.2,2020,8,242,Summer,28.428571428571427,29.1,23.85013698630137,1.4714285714285715,7.12,28.5,28.6,28.9
2020-08-30,27.9,30.4,26.3,2.4,79,17.84,29.3,2020,8,243,Summer,28.4,29.05666666666667,23.843013698630138,1.5285714285714285,6.916666666666667,28.5,28.1,29.2
2020-08-31,27.9,31.5,25.2,1.5,77,15.95,21.3,2020,8,244,Summer,28.428571428571427,29.006666666666664,23.84109589041096,1.6285714285714283,6.779999999999999,27.9,27.7,29.4
2020-09-01,28.5,32.4,25.2,1.3,75,19.24,11.5,2020,9,245,Autumn,28.428571428571427,28.92,23.838356164383562,1.6857142857142857,6.816666666666666,27.9,28.5,31.1
2020-09-02,28.8,32.4,25.5,0.8,76,17.25,11.2,2020,9,246,Autumn,28.400000000000002,28.823333333333334,23.834520547945207,1.6714285714285715,6.799999999999999,28.5,29.0,31.7
2020-09-03,28.5,31.5,26.2,5.4,83,15.86,17.4,2020,9,247,Autumn,28.371428571428574,28.716666666666665,23.833150684931507,2.2857142857142856,6.95,28.8,28.7,31.7
2020-09-04,28.9,32.3,26.2,2.5,81,18.85,15.5,2020,9,248,Autumn,28.428571428571427,28.663333333333334,23.831780821917803,2.242857142857143,6.963333333333333,28.5,28.5,30.5
2020-09-05,28.3,33.1,25.8,9.6,85,18.15,9.0,2020,9,249,Autumn,28.400000000000002,28.576666666666664,23.827945205479455,3.357142857142857,7.279999999999999,28.9,28.5,30.9
2020-09-06,28.2,31.3,25.9,5.3,86,16.56,9.2,2020,9,250,Autumn,28.442857142857143,28.52,23.82630136986301,3.771428571428572,7.426666666666667,28.3,27.9,29.9
2020-09-07,28.7,32.1,25.9,4.5,83,17.55,7.9,2020,9,251,Autumn,28.557142857142857,28.45,23.825205479452055,4.2,7.466666666666667,28.2,27.9,30.8
2020-09-08,29.3,32.9,26.1,0.4,79,18.99,8.2,2020,9,252,Autumn,28.67142857142857,28.433333333333334,23.823013698630135,4.071428571428571,6.72,28.7,28.5,29.8
2020-09-09,29.8,34.1,25.9,0.0,74,21.43,14.2,2020,9,253,Autumn,28.814285714285713,28.466666666666665,23.82082191780822,3.957142857142857,6.64,29.3,28.8,28.8
2020-09-10,29.8,34.3,26.0,0.0,72,20.83,15.0,2020,9,254,Autumn,29.0,28.49666666666667,23.81698630136986,3.1857142857142855,6.113333333333333,29.8,28.5,28.9
2020-09-11,30.2,34.9,25.9,0.0,69,21.1,12.4,2020,9,255,Autumn,29.185714285714287,28.509999999999998,23.816986301369866,2.8285714285714283,6.0,29.8,28.9,29.8
2020-09-12,30.2,34.7,25.5,0.0,70,21.09,10.1,2020,9,256,Autumn,29.457142857142856,28.63,23.818082191780817,1.457142857142857,3.1799999999999997,30.2,28.3,26.6
2020-09-13,30.0,33.6,25.9,0.0,73,19.35,10.1,2020,9,257,Autumn,29.714285714285715,28.71,23.821643835616438,0.7000000000000001,3.013333333333333,30.2,28.2,27.6
2020-09-14,29.8,33.7,26.5,0.6,77,18.73,10.7,2020,9,258,Autumn,29.87142857142857,28.74,23.826301369863014,0.14285714285714285,2.9466666666666668,30.0,28.7,28.9
2020-09-15,30.8,35.2,26.1,0.0,69,21.15,15.0,2020,9,259,Autumn,30.08571428571429,28.810000000000002,23.83041095890411,0.08571428571428572,2.74,29.8,29.3,28.7
2020-09-16,31.4,36.3,26.8,0.0,65,20.27,13.3,2020,9,260,Autumn,30.314285714285713,28.886666666666667,23.836438356164383,0.08571428571428572,2.67,30.8,29.8,29.1
2020-09-17,31.7,36.6,27.2,0.0,61,20.62,18.5,2020,9,261,Autumn,30.585714285714285,28.95,23.845205479452055,0.08571428571428572,2.3466666666666667,31.4,29.8,29.8
2020-09-18,32.1,37.3,27.4,0.0,58,19.84,15.6,2020,9,262,Autumn,30.857142857142858,29.116666666666667,23.859452054794524,0.08571428571428572,1.79,31.7,30.2,27.1
2020-09-19,31.4,36.2,26.9,0.0,63,20.32,12.8,2020,9,263,Autumn,31.028571428571432,29.279999999999998,23.871506849315068,0.08571428571428572,1.4966666666666668,32.1,30.2,26.5
2020-09-20,30.7,36.0,26.4,0.0,67,21.18,16.7,2020,9,264,Autumn,31.12857142857143,29.35,23.87945205479452,0.08571428571428572,1.49,31.4,30.0,28.6
2020-09-21,30.8,35.6,25.2,0.0,62,20.57,10.5,2020,9,265,Autumn,31.271428571428572,29.423333333333332,23.889589041095892,0.0,1.4866666666666668,30.7,29.8,28.6
2020-09-22,30.2,33.5,26.7,5.7,73,17.68,16.2,2020,9,266,Autumn,31.185714285714283,29.493333333333332,23.89917808219178,0.8142857142857143,1.6099999999999999,30.8,30.8,28.1
2020-09-23,29.5,32.7,26.1,2.3,73,17.52,13.5,2020,9,267,Autumn,30.914285714285715,29.553333333333335,23.906027397260274,1.1428571428571428,1.6600000000000001,30.2,31.4,27.7
2020-09-24,29.6,35.4,25.5,0.0,70,20.55,16.9,2020,9,268,Autumn,30.61428571428571,29.59,23.912602739726022,1.1428571428571428,1.63,29.5,31.7,28.5
2020-09-25,30.6,36.6,25.8,0.0,59,20.39,19.6,2020,9,269,Autumn,30.400000000000002,29.643333333333334,23.92082191780822,1.1428571428571428,1.6,29.6,32.1,29.0
2020-09-26,29.2,34.6,24.3,0.0,56,17.49,18.1,2020,9,270,Autumn,30.085714285714285,29.66,23.927945205479453,1.1428571428571428,1.5633333333333332,30.6,31.4,28.7
2020-09-27,28.9,34.7,24.2,0.0,58,19.76,12.9,2020,9,271,Autumn,29.82857142857143,29.673333333333332,23.937260273972605,1.1428571428571428,1.47,29.2,30.7,28.5
2020-09-28,28.5,34.8,23.5,0.0,57,20.69,19.3,2020,9,272,Autumn,29.5,29.673333333333332,23.946849315068494,1.1428571428571428,1.4100000000000001,28.9,30.8,28.5
2020-09-29,28.0,34.5,22.4,0.0,55,20.54,20.7,2020,9,273,Autumn,29.185714285714287,29.676666666666666,23.954246575342463,0.32857142857142857,1.3300000000000003,28.5,30.2,27.9
2020-09-30,27.9,34.5,22.0,0.0,51,20.56,20.7,2020,9,274,Autumn,28.957142857142856,29.67666666666667,23.96191780821918,0.0,1.2800000000000002,28.0,29.5,27.9
2020-10-01,28.3,35.2,22.1,0.0,52,20.34,18.6,2020,10,275,Autumn,28.771428571428572,29.67,23.966849315068497,0.0,1.2366666666666668,27.9,29.6,28.5
2020-10-02,27.9,34.7,21.7,0.0,59,20.3,13.3,2020,10,276,Autumn,28.385714285714283,29.639999999999997,23.967945205479456,0.0,1.2100000000000002,28.3,30.6,28.8
2020-10-03,27.3,33.7,21.1,0.0,56,20.35,14.0,2020,10,277,Autumn,28.114285714285717,29.6,23.971232876712328,0.0,1.03,27.9,29.2,28.5
2020-10-04,26.4,33.5,18.3,0.0,52,20.32,14.5,2020,10,278,Autumn,27.757142857142856,29.516666666666666,23.972054794520545,0.0,0.9466666666666667,27.3,28.9,28.9
2020-10-05,26.7,34.0,20.1,0.0,50,20.16,19.2,2020,10,279,Autumn,27.5,29.46333333333333,23.97287671232877,0.0,0.6266666666666666,26.4,28.5,28.3
2020-10-06,26.7,34.1,19.4,0.0,52,20.07,18.0,2020,10,280,Autumn,27.314285714285713,29.413333333333334,23.973972602739725,0.0,0.45,26.7,28.0,28.2
2020-10-07,26.8,34.5,20.2,0.0,57,19.67,14.0,2020,10,281,Autumn,27.157142857142862,29.35,23.975068493150683,0.0,0.3,26.7,27.9,28.7
2020-10-08,26.9,34.0,19.4,0.0,56,19.68,13.5,2020,10,282,Autumn,26.957142857142856,29.27,23.97890410958904,0.0,0.28666666666666674,26.8,28.3,29.3
2020-10-09,27.0,33.5,19.5,0.0,56,19.39,10.3,2020,10,283,Autumn,26.828571428571426,29.17666666666667,23.98054794520548,0.0,0.28666666666666674,26.9,27.9,29.8
2020-10-10,27.3,33.7,20.5,0.0,55,18.93,13.2,2020,10,284,Autumn,26.82857142857143,29.09333333333333,23.98246575342466,0.0,0.28666666666666674,27.0,27.3,29.8
2020-10-11,27.5,33.7,20.5,0.0,53,18.98,14.5,2020,10,285,Autumn,26.985714285714288,29.003333333333334,23.98301369863014,0.0,0.28666666666666674,27.3,26.4,30.2
2020-10-12,27.3,33.2,20.2,0.0,60,18.54,10.6,2020,10,286,Autumn,27.071428571428573,28.906666666666663,23.981917808219176,0.0,0.28666666666666674,27.5,26.7,30.2
2020-10-13,27.4,34.0,21.4,0.0,62,17.79,11.0,2020,10,287,Autumn,27.17142857142857,28.82,23.983013698630135,0.0,0.28666666666666674,27.3,26.7,30.0
2020-10-14,27.6,33.1,22.5,0.0,66,15.85,12.7,2020,10,288,Autumn,27.285714285714285,28.746666666666666,23.984383561643835,0.0,0.26666666666666666,27.4,26.8,29.8
2020-10-15,27.3,33.5,21.8,0.0,56,18.11,13.0,2020,10,289,Autumn,27.342857142857145,28.63,23.983561643835618,0.0,0.26666666666666666,27.6,26.9,30.8
2020-10-16,25.6,32.9,18.5,0.0,47,18.36,10.5,2020,10,290,Autumn,27.142857142857142,28.436666666666667,23.979726027397263,0.0,0.26666666666666666,27.3,27.0,31.4
2020-10-17,27.0,33.2,21.4,0.0,43,17.92,9.3,2020,10,291,Autumn,27.099999999999998,28.280000000000005,23.981369863013697,0.0,0.26666666666666666,25.6,27.3,31.7
2020-10-18,26.1,33.2,19.3,0.0,39,17.91,12.7,2020,10,292,Autumn,26.900000000000002,28.08,23.983013698630135,0.0,0.26666666666666666,27.0,27.5,32.1
2020-10-19,25.3,32.4,19.3,0.0,36,17.87,13.7,2020,10,293,Autumn,26.61428571428571,27.87666666666667,23.981917808219176,0.0,0.26666666666666666,26.1,27.3,31.4
2020-10-20,24.9,33.0,17.3,0.0,36,18.24,14.7,2020,10,294,Autumn,26.25714285714286,27.683333333333334,23.981643835616442,0.0,0.26666666666666666,25.3,27.4,30.7
2020-10-21,25.4,33.4,17.2,0.0,42,16.17,11.2,2020,10,295,Autumn,25.942857142857143,27.503333333333334,23.98438356164384,0.0,0.26666666666666666,24.9,27.6,30.8
2020-10-22,26.2,32.5,20.3,0.0,42,14.63,10.9,2020,10,296,Autumn,25.785714285714285,27.37,23.98931506849315,0.0,0.07666666666666666,25.4,27.3,30.2
2020-10-23,25.4,32.5,17.7,0.0,44,17.51,11.7,2020,10,297,Autumn,25.757142857142856,27.233333333333334,23.99260273972603,0.0,0.0,26.2,25.6,29.5
2020-10-24,24.9,32.4,18.7,0.0,43,17.51,12.2,2020,10,298,Autumn,25.45714285714286,27.076666666666664,23.993972602739728,0.0,0.0,25.4,27.0,29.6
2020-10-25,25.6,32.9,18.2,0.0,42,17.24,10.9,2020,10,299,Autumn,25.385714285714283,26.91,23.996986301369866,0.0,0.0,24.9,26.1,30.6
2020-10-26,25.1,32.2,18.5,0.0,42,15.72,11.3,2020,10,300,Autumn,25.357142857142858,26.773333333333333,23.9986301369863,0.0,0.0,25.6,25.3,29.2
2020-10-27,23.1,30.8,16.8,0.0,35,17.14,15.6,2020,10,301,Autumn,25.099999999999998,26.580000000000002,23.995890410958904,0.0,0.0,25.1,24.9,28.9
2020-10-28,23.1,30.2,15.3,0.0,39,16.98,10.4,2020,10,302,Autumn,24.771428571428572,26.4,23.99232876712329,0.0,0.0,23.1,25.4,28.5
2020-10-29,23.9,30.2,16.7,0.0,45,16.71,10.6,2020,10,303,Autumn,24.442857142857147,26.263333333333335,23.98821917808219,0.0,0.0,23.1,26.2,28.0
2020-10-30,22.4,30.1,14.5,0.0,46,16.57,14.2,2020,10,304,Autumn,24.014285714285712,26.08,23.983013698630135,0.0,0.0,23.9,25.4,27.9
2020-10-31,21.9,30.1,15.1,0.0,40,16.57,16.5,2020,10,305,Autumn,23.585714285714285,25.866666666666667,23.97506849315069,0.0,0.0,22.4,24.9,28.3
2020-11-01,21.4,29.0,14.3,0.0,30,16.73,16.3,2020,11,306,Autumn,22.985714285714288,25.65,23.966849315068494,0.0,0.0,21.9,25.6,27.9
2020-11-02,21.9,29.4,13.7,0.0,29,16.5,17.7,2020,11,307,Autumn,22.52857142857143,25.469999999999995,23.96164383561644,0.0,0.0,21.4,25.1,27.3
2020-11-03,21.9,29.7,12.8,0.0,32,16.34,12.0,2020,11,308,Autumn,22.357142857142854,25.32,23.95671232876712,0.0,0.0,21.9,23.1,26.4
2020-11-04,21.4,29.0,13.8,0.0,39,15.8,13.4,2020,11,309,Autumn,22.11428571428571,25.143333333333334,23.952602739726025,0.0,0.0,21.9,23.1,26.7
2020-11-05,22.6,30.1,14.6,0.0,40,15.84,10.2,2020,11,310,Autumn,21.928571428571423,25.006666666666668,23.95068493150685,0.0,0.0,21.4,23.9,26.7
2020-11-06,21.9,30.3,13.4,0.0,41,15.72,10.9,2020,11,311,Autumn,21.857142857142858,24.843333333333337,23.950136986301366,0.0,0.0,22.6,22.4,26.8
2020-11-07,21.4,29.5,14.2,0.0,42,15.6,15.1,2020,11,312,Autumn,21.785714285714285,24.66,23.948767123287674,0.0,0.0,21.9,21.9,26.9
2020-11-08,21.5,29.2,12.6,0.0,45,15.5,8.9,2020,11,313,Autumn,21.8,24.476666666666667,23.947945205479453,0.0,0.0,21.4,21.4,27.0
2020-11-09,20.9,28.7,12.7,0.0,52,15.31,11.1,2020,11,314,Autumn,21.65714285714285,24.263333333333332,23.948219178082194,0.0,0.0,21.5,21.9,27.3
2020-11-10,21.1,27.7,15.3,0.0,57,14.85,10.5,2020,11,315,Autumn,21.542857142857144,24.05,23.950410958904115,0.0,0.0,20.9,21.9,27.5
2020-11-11,20.6,27.7,14.5,0.0,62,14.69,10.8,2020,11,316,Autumn,21.428571428571427,23.826666666666668,23.953150684931504,0.0,0.0,21.1,21.4,27.3
2020-11-12,21.0,27.3,13.9,0.0,58,14.34,11.3,2020,11,317,Autumn,21.2,23.613333333333333,23.95397260273972,0.0,0.0,20.6,22.6,27.4
2020-11-13,21.0,27.2,13.4,0.0,53,14.53,8.1,2020,11,318,Autumn,21.071428571428573,23.393333333333334,23.952876712328766,0.0,0.0,21.0,21.9,27.6
2020-11-14,20.4,27.9,14.2,0.0,55,14.32,9.1,2020,11,319,Autumn,20.928571428571427,23.163333333333334,23.951232876712332,0.0,0.0,21.0,21.4,27.3
2020-11-15,21.1,29.0,15.8,4.2,61,12.6,20.1,2020,11,320,Autumn,20.87142857142857,23.013333333333332,23.94904109589041,0.6,0.14,20.4,21.5,25.6
2020-11-16,19.5,25.1,16.2,8.2,79,12.66,16.9,2020,11,321,Autumn,20.67142857142857,22.763333333333332,23.943013698630136,1.7714285714285711,0.4133333333333333,21.1,20.9,27.0
2020-11-17,18.7,24.1,14.5,0.0,74,13.69,11.7,2020,11,322,Autumn,20.32857142857143,22.516666666666666,23.93972602739726,1.7714285714285711,0.4133333333333333,19.5,21.1,26.1
2020-11-18,17.8,23.8,13.5,0.0,68,13.99,8.5,2020,11,323,Autumn,19.928571428571427,22.266666666666666,23.935342465753422,1.7714285714285711,0.4133333333333333,18.7,20.6,25.3
2020-11-19,17.2,23.2,12.7,0.0,63,12.64,9.5,2020,11,324,Autumn,19.385714285714283,22.009999999999998,23.93013698630137,1.7714285714285711,0.4133333333333333,17.8,21.0,24.9
2020-11-20,16.5,23.6,11.3,0.0,58,14.24,16.3,2020,11,325,Autumn,18.74285714285714,21.71333333333333,23.921643835616436,1.7714285714285711,0.4133333333333333,17.2,21.0,25.4
2020-11-21,16.3,22.6,11.6,0.0,52,14.17,21.9,2020,11,326,Autumn,18.157142857142855,21.383333333333333,23.909863013698626,1.7714285714285711,0.4133333333333333,16.5,20.4,26.2
2020-11-22,15.8,22.6,10.0,0.0,53,13.96,13.0,2020,11,327,Autumn,17.4,21.063333333333333,23.896712328767126,1.1714285714285713,0.4133333333333333,16.3,21.1,25.4
2020-11-23,15.8,23.1,9.0,0.0,58,13.71,11.3,2020,11,328,Autumn,16.87142857142857,20.76,23.883287671232875,0.0,0.4133333333333333,15.8,19.5,24.9
2020-11-24,16.1,23.0,9.8,0.0,62,12.28,11.2,2020,11,329,Autumn,16.5,20.44333333333333,23.872602739726027,0.0,0.4133333333333333,15.8,18.7,25.6
2020-11-25,17.0,22.1,13.7,0.0,64,9.95,14.5,2020,11,330,Autumn,16.385714285714286,20.173333333333332,23.864109589041096,0.0,0.4133333333333333,16.1,17.8,25.1
2020-11-26,17.3,22.5,13.5,0.7,69,11.7,12.3,2020,11,331,Autumn,16.4,19.98,23.85753424657534,0.09999999999999999,0.4366666666666666,17.0,17.2,23.1
2020-11-27,17.3,24.1,12.3,0.0,67,13.57,15.2,2020,11,332,Autumn,16.514285714285712,19.78666666666667,23.854794520547944,0.09999999999999999,0.4366666666666666,17.3,16.5,23.1
2020-11-28,16.4,23.8,11.2,0.0,63,13.64,14.9,2020,11,333,Autumn,16.52857142857143,19.536666666666665,23.85123287671233,0.09999999999999999,0.4366666666666666,17.3,16.3,23.9
2020-11-29,15.6,23.4,9.8,0.0,64,13.73,11.4,2020,11,334,Autumn,16.5,19.31,23.847397260273976,0.09999999999999999,0.4366666666666666,16.4,15.8,22.4
2020-11-30,16.2,24.0,10.0,0.0,65,13.24,10.7,2020,11,335,Autumn,16.557142857142857,19.12,23.84931506849315,0.09999999999999999,0.4366666666666666,15.6,15.8,21.9
2020-12-01,16.6,24.5,10.1,0.0,69,13.15,11.2,2020,12,336,Winter,16.62857142857143,18.96,23.852602739726024,0.09999999999999999,0.4366666666666666,16.2,16.1,21.4
2020-12-02,17.7,25.6,11.0,0.0,67,13.2,15.0,2020,12,337,Winter,16.728571428571428,18.82,23.85972602739726,0.09999999999999999,0.4366666666666666,16.6,17.0,21.9
2020-12-03,18.5,25.5,11.6,0.0,64,13.03,9.4,2020,12,338,Winter,16.9,18.706666666666663,23.86849315068493,0.0,0.4366666666666666,17.7,17.3,21.9
2020-12-04,18.6,26.8,11.4,0.0,64,12.9,11.1,2020,12,339,Winter,17.085714285714285,18.613333333333333,23.877260273972606,0.0,0.4366666666666666,18.5,17.3,21.4
2020-12-05,18.9,26.5,13.1,0.0,68,12.74,11.9,2020,12,340,Winter,17.442857142857143,18.49,23.886849315068496,0.0,0.4366666666666666,18.6,16.4,22.6
2020-12-06,19.0,26.7,13.6,0.0,71,12.75,10.4,2020,12,341,Winter,17.928571428571427,18.39333333333333,23.89506849315069,0.0,0.4366666666666666,18.9,15.6,21.9
2020-12-07,18.4,26.0,13.0,0.0,74,12.66,12.1,2020,12,342,Winter,18.242857142857144,18.293333333333333,23.902465753424657,0.0,0.4366666666666666,19.0,16.2,21.4
2020-12-08,18.2,25.6,11.7,0.0,73,12.63,10.0,2020,12,343,Winter,18.471428571428568,18.183333333333334,23.910410958904112,0.0,0.4366666666666666,18.4,16.6,21.5
2020-12-09,19.4,26.0,12.5,0.0,67,12.54,9.7,2020,12,344,Winter,18.714285714285715,18.133333333333333,23.92219178082192,0.0,0.4366666666666666,18.2,17.7,20.9
2020-12-10,18.7,26.3,13.1,0.0,68,12.25,9.5,2020,12,345,Winter,18.74285714285714,18.053333333333335,23.930410958904105,0.0,0.4366666666666666,19.4,18.5,21.1
2020-12-11,18.9,25.4,13.0,0.2,70,9.54,9.5,2020,12,346,Winter,18.785714285714285,17.996666666666666,23.939452054794526,0.028571428571428574,0.4433333333333333,18.7,18.6,20.6
2020-12-12,17.9,22.9,14.7,0.9,82,10.57,11.0,2020,12,347,Winter,18.642857142857142,17.89333333333333,23.947123287671236,0.15714285714285717,0.47333333333333333,18.9,18.9,21.0
2020-12-13,15.1,21.0,10.7,0.0,68,12.96,16.9,2020,12,348,Winter,18.085714285714285,17.696666666666665,23.95287671232877,0.15714285714285717,0.47333333333333333,17.9,19.0,21.0
2020-12-14,12.6,19.8,8.4,0.0,71,13.21,13.6,2020,12,349,Winter,17.257142857142856,17.436666666666667,23.951232876712325,0.15714285714285717,0.47333333333333333,15.1,18.4,20.4
2020-12-15,11.3,18.5,6.4,0.0,72,12.99,11.3,2020,12,350,Winter,16.271428571428572,17.11,23.948219178082194,0.15714285714285717,0.3333333333333333,12.6,18.2,21.1
2020-12-16,11.5,18.8,6.8,0.0,70,12.9,15.0,2020,12,351,Winter,15.142857142857142,16.84333333333333,23.947397260273977,0.15714285714285717,0.060000000000000005,11.3,19.4,19.5
2020-12-17,10.2,16.4,5.3,0.0,65,13.24,17.1,2020,12,352,Winter,13.928571428571429,16.56,23.942739726027394,0.15714285714285717,0.060000000000000005,11.5,18.7,18.7
2020-12-18,11.0,17.9,5.9,0.0,58,13.12,18.2,2020,12,353,Winter,12.799999999999999,16.333333333333332,23.941369863013694,0.1285714285714286,0.060000000000000005,10.2,18.9,17.8
2020-12-19,12.2,19.7,6.3,0.0,59,13.06,17.3,2020,12,354,Winter,11.985714285714284,16.166666666666668,23.93917808219178,0.0,0.060000000000000005,11.0,17.9,17.2
2020-12-20,13.4,20.9,7.1,0.0,61,12.18,15.3,2020,12,355,Winter,11.742857142857144,16.063333333333333,23.93917808219178,0.0,0.060000000000000005,12.2,15.1,16.5
2020-12-21,13.2,19.6,7.9,0.0,70,10.21,11.3,2020,12,356,Winter,11.828571428571427,15.96,23.94109589041096,0.0,0.060000000000000005,13.4,12.6,16.3
2020-12-22,14.1,21.0,7.9,0.0,71,12.52,9.5,2020,12,357,Winter,12.228571428571428,15.903333333333334,23.947397260273977,0.0,0.060000000000000005,13.2,11.3,15.8
2020-12-23,14.0,21.2,6.2,0.0,72,12.91,10.2,2020,12,358,Winter,12.585714285714285,15.843333333333334,23.95945205479452,0.0,0.060000000000000005,14.1,11.5,15.8
2020-12-24,13.8,21.8,6.8,0.0,67,12.94,11.5,2020,12,359,Winter,13.1,15.766666666666667,23.973424657534245,0.0,0.060000000000000005,14.0,10.2,16.1
2020-12-25,13.3,20.9,6.4,0.0,65,13.06,14.5,2020,12,360,Winter,13.428571428571429,15.643333333333333,23.98684931506849,0.0,0.060000000000000005,13.8,11.0,17.0
2020-12-26,12.8,20.1,6.6,0.0,71,12.78,13.0,2020,12,361,Winter,13.514285714285716,15.493333333333332,24.00191780821918,0.0,0.03666666666666667,13.3,12.2,17.3
2020-12-27,14.9,22.0,9.3,0.2,64,12.78,21.9,2020,12,362,Winter,13.728571428571428,15.413333333333334,24.024383561643834,0.028571428571428557,0.043333333333333335,12.8,13.4,17.3
2020-12-28,12.0,17.8,6.8,0.0,53,13.32,14.8,2020,12,363,Winter,13.557142857142855,15.266666666666667,24.037260273972603,0.028571428571428557,0.043333333333333335,14.9,13.2,16.4
2020-12-29,10.3,16.5,5.5,0.0,67,13.3,16.8,2020,12,364,Winter,13.014285714285716,15.09,24.046575342465754,0.028571428571428557,0.043333333333333335,12.0,14.1,15.6
2020-12-30,9.7,16.6,5.1,0.0,76,13.31,12.8,2020,12,365,Winter,12.4,14.873333333333335,24.05232876712329,0.028571428571428557,0.043333333333333335,10.3,14.0,16.2
2020-12-31,9.7,17.1,4.9,0.0,79,12.83,11.2,2020,12,366,Winter,11.814285714285715,14.643333333333334,24.05150684931507,0.028571428571428557,0.043333333333333335,9.7,13.8,16.6
2021-01-01,10.5,18.1,3.5,0.0,75,12.36,9.1,2021,1,1,Winter,11.414285714285715,14.403333333333334,24.04493150684932,0.028571428571428557,0.043333333333333335,9.7,13.3,17.7
2021-01-02,13.7,18.5,9.7,4.5,72,8.96,12.9,2021,1,2,Winter,11.542857142857143,14.243333333333334,24.044109589041096,0.6714285714285715,0.19333333333333333,10.5,12.8,18.5
2021-01-03,16.0,21.0,12.3,8.1,83,10.55,23.4,2021,1,3,Winter,11.700000000000001,14.156666666666666,24.051232876712326,1.8,0.46333333333333326,13.7,14.9,18.6
2021-01-04,16.6,22.3,13.0,5.6,88,8.67,14.2,2021,1,4,Winter,12.357142857142858,14.080000000000002,24.06027397260274,2.6,0.65,16.0,12.0,18.9
2021-01-05,17.5,21.8,14.0,2.8,84,7.77,14.2,2021,1,5,Winter,13.385714285714284,14.030000000000001,24.07123287671233,3.0,0.7433333333333334,16.6,10.3,19.0
2021-01-06,17.5,21.8,14.8,2.7,86,8.89,13.3,2021,1,6,Winter,14.5,14.0,24.08082191780822,3.3857142857142857,0.8333333333333334,17.5,9.7,18.4
2021-01-07,14.9,19.5,11.1,0.0,85,10.83,12.6,2021,1,7,Winter,15.242857142857144,13.889999999999999,24.086575342465753,3.3857142857142857,0.8333333333333334,17.5,9.7,18.2
2021-01-08,13.4,19.1,9.0,0.0,85,10.2,9.8,2021,1,8,Winter,15.657142857142858,13.69,24.094520547945205,3.3857142857142857,0.8333333333333334,14.9,10.5,19.4
2021-01-09,14.9,20.0,11.1,0.0,81,11.1,16.8,2021,1,9,Winter,15.828571428571427,13.563333333333334,24.107671232876715,2.742857142857143,0.8333333333333334,13.4,13.7,18.7
2021-01-10,12.3,17.7,8.7,0.0,74,13.81,15.6,2021,1,10,Winter,15.3,13.343333333333334,24.113150684931504,1.5857142857142856,0.8266666666666667,14.9,16.0,18.9
2021-01-11,11.6,17.9,7.3,0.0,80,13.95,19.9,2021,1,11,Winter,14.585714285714285,13.133333333333333,24.11260273972603,0.7857142857142857,0.7966666666666666,12.3,16.6,17.9
2021-01-12,11.4,18.2,6.8,0.0,77,14.01,17.6,2021,1,12,Winter,13.714285714285714,13.01,24.103835616438356,0.38571428571428573,0.7966666666666666,11.6,17.5,15.1
2021-01-13,10.9,18.6,6.0,0.0,77,14.29,15.9,2021,1,13,Winter,12.77142857142857,12.953333333333335,24.095342465753422,0.0,0.7966666666666666,11.4,17.5,12.6
2021-01-14,11.3,18.8,4.8,0.0,79,13.64,10.3,2021,1,14,Winter,12.257142857142858,12.953333333333335,24.09232876712329,0.0,0.7966666666666666,10.9,14.9,11.3
2021-01-15,12.3,19.5,8.0,0.0,82,13.64,10.9,2021,1,15,Winter,12.1,12.98,24.09205479452055,0.0,0.7966666666666666,11.3,13.4,11.5
2021-01-16,10.3,17.1,5.3,0.0,86,13.02,11.2,2021,1,16,Winter,11.442857142857145,12.983333333333333,24.084657534246574,0.0,0.7966666666666666,12.3,14.9,10.2
2021-01-17,11.4,19.0,6.7,0.0,83,12.68,16.2,2021,1,17,Winter,11.314285714285715,12.996666666666668,24.08164383561644,0.0,0.7966666666666666,10.3,12.3,11.0
2021-01-18,13.4,18.2,10.4,3.0,86,8.07,13.6,2021,1,18,Winter,11.571428571428571,13.036666666666665,24.086301369863012,0.42857142857142855,0.8966666666666666,11.4,11.6,12.2
2021-01-19,14.6,21.0,10.1,0.0,85,14.02,13.3,2021,1,19,Winter,12.028571428571428,13.076666666666666,24.09315068493151,0.42857142857142855,0.8966666666666666,13.4,11.4,13.4
2021-01-20,14.2,20.1,10.1,0.0,83,14.63,17.9,2021,1,20,Winter,12.5,13.110000000000001,24.096712328767122,0.42857142857142855,0.8966666666666666,14.6,10.9,13.2
2021-01-21,13.7,20.5,9.3,0.0,76,15.04,18.9,2021,1,21,Winter,12.842857142857142,13.096666666666666,24.1,0.42857142857142855,0.8966666666666666,14.2,11.3,14.1
2021-01-22,13.4,21.2,7.4,0.0,76,14.78,13.5,2021,1,22,Winter,13.0,13.076666666666666,24.102465753424656,0.42857142857142855,0.8966666666666666,13.7,12.3,14.0
2021-01-23,14.2,21.0,8.9,0.0,77,14.49,16.5,2021,1,23,Winter,13.557142857142859,13.09,24.106301369863015,0.42857142857142855,0.8966666666666666,13.4,10.3,13.8
2021-01-24,13.1,19.2,9.0,0.0,79,14.58,14.5,2021,1,24,Winter,13.799999999999999,13.083333333333334,24.109863013698625,0.42857142857142855,0.8966666666666666,14.2,11.4,13.3
2021-01-25,11.5,18.3,6.5,0.0,79,15.25,10.1,2021,1,25,Winter,13.528571428571428,13.04,24.104109589041094,0.0,0.8966666666666666,13.1,13.4,12.8
2021-01-26,11.7,18.3,7.2,0.0,77,15.39,13.8,2021,1,26,Winter,13.114285714285714,12.933333333333334,24.097808219178084,0.0,0.89,11.5,14.6,14.9
2021-01-27,11.7,18.8,6.6,0.0,73,15.7,15.6,2021,1,27,Winter,12.757142857142856,12.923333333333334,24.09095890410959,0.0,0.89,11.7,14.2,12.0
2021-01-28,10.8,18.1,5.6,0.0,75,15.76,11.9,2021,1,28,Winter,12.342857142857143,12.940000000000001,24.0841095890411,0.0,0.89,11.7,13.7,10.3
2021-01-29,11.7,18.7,6.0,0.0,72,15.86,16.9,2021,1,29,Winter,12.099999999999998,13.006666666666666,24.08164383561644,0.0,0.89,10.8,13.4,9.7
2021-01-30,12.0,19.1,6.5,0.0,67,16.15,15.9,2021,1,30,Winter,11.785714285714286,13.083333333333334,24.081369863013702,0.0,0.89,11.7,14.2,9.7
2021-01-31,12.5,20.5,5.3,0.0,66,16.2,10.6,2021,1,31,Winter,11.7,13.15,24.08191780821918,0.0,0.89,12.0,13.1,10.5
2021-02-01,14.3,22.6,7.1,0.0,72,15.96,11.6,2021,2,32,Winter,12.1,13.17,24.089041095890412,0.0,0.74,12.5,11.5,13.7
2021-02-02,15.1,23.5,7.6,0.0,72,16.17,9.1,2021,2,33,Winter,12.585714285714285,13.139999999999999,24.097534246575343,0.0,0.47000000000000003,14.3,11.7,16.0
2021-02-03,17.2,23.9,12.0,0.1,72,15.4,14.8,2021,2,34,Winter,13.371428571428572,13.159999999999998,24.109041095890408,0.014285714285714287,0.28666666666666674,15.1,11.7,16.6
2021-02-04,15.6,21.6,10.6,11.0,80,12.11,18.4,2021,2,35,Winter,14.057142857142855,13.096666666666666,24.116438356164384,1.5857142857142856,0.56,17.2,10.8,17.5
2021-02-05,13.4,19.7,8.5,0.0,83,15.07,12.6,2021,2,36,Winter,14.3,12.959999999999999,24.121095890410956,1.5857142857142856,0.47000000000000003,15.6,11.7,17.5
2021-02-06,13.9,20.1,8.8,0.0,73,16.66,16.8,2021,2,37,Winter,14.571428571428571,12.926666666666668,24.12438356164384,1.5857142857142856,0.47000000000000003,13.4,12.0,14.9
2021-02-07,14.7,21.3,9.6,0.0,70,16.79,19.4,2021,2,38,Winter,14.885714285714286,12.97,24.130684931506845,1.5857142857142856,0.47000000000000003,13.9,12.5,13.4
2021-02-08,15.0,22.4,8.6,0.0,75,16.83,13.1,2021,2,39,Winter,14.985714285714284,12.973333333333333,24.13671232876712,1.5857142857142856,0.47000000000000003,14.7,14.3,14.9
2021-02-09,16.6,24.1,10.2,0.0,71,16.9,12.2,2021,2,40,Winter,15.200000000000001,13.116666666666667,24.146027397260273,1.5857142857142856,0.47000000000000003,15.0,15.1,12.3
2021-02-10,17.7,25.3,11.8,0.0,72,17.07,10.2,2021,2,41,Winter,15.27142857142857,13.32,24.15753424657534,1.5714285714285714,0.47000000000000003,16.6,17.2,11.6
2021-02-11,17.0,24.0,11.3,0.0,75,17.26,11.1,2021,2,42,Winter,15.471428571428572,13.506666666666666,24.16054794520548,0.0,0.47000000000000003,17.7,15.6,11.4
2021-02-12,17.2,24.6,11.2,0.0,77,16.64,10.9,2021,2,43,Winter,16.014285714285712,13.716666666666667,24.155068493150686,0.0,0.47000000000000003,17.0,13.4,10.9
2021-02-13,16.9,24.1,11.7,0.0,78,16.04,11.0,2021,2,44,Winter,16.442857142857143,13.903333333333332,24.15068493150685,0.0,0.47000000000000003,17.2,13.9,11.3
2021-02-14,18.2,25.6,12.3,0.0,71,17.51,10.9,2021,2,45,Winter,16.942857142857143,14.1,24.152602739726028,0.0,0.47000000000000003,16.9,14.7,12.3
2021-02-15,18.9,27.0,12.1,0.0,68,16.6,10.7,2021,2,46,Winter,17.5,14.386666666666667,24.15753424657534,0.0,0.47000000000000003,18.2,15.0,10.3
2021-02-16,18.8,26.9,12.2,0.0,70,17.64,11.5,2021,2,47,Winter,17.814285714285713,14.633333333333333,24.161095890410962,0.0,0.47000000000000003,18.9,16.6,11.4
2021-02-17,18.1,25.7,11.7,0.0,71,18.15,9.2,2021,2,48,Winter,17.87142857142857,14.79,24.164109589041097,0.0,0.37000000000000005,18.8,17.7,13.4
2021-02-18,18.3,25.6,11.5,0.0,71,18.06,10.8,2021,2,49,Winter,18.057142857142857,14.913333333333332,24.164383561643834,0.0,0.37000000000000005,18.1,17.0,14.6
2021-02-19,17.9,25.5,11.1,0.0,74,18.24,13.3,2021,2,50,Winter,18.157142857142855,15.036666666666667,24.1586301369863,0.0,0.37000000000000005,18.3,17.2,14.2
2021-02-20,18.0,25.9,11.8,0.0,69,18.37,13.0,2021,2,51,Winter,18.314285714285713,15.180000000000001,24.163561643835617,0.0,0.37000000000000005,17.9,16.9,13.7
2021-02-21,18.7,25.9,11.7,0.0,66,18.74,15.5,2021,2,52,Winter,18.385714285714283,15.356666666666666,24.166027397260276,0.0,0.37000000000000005,18.0,18.2,13.4
2021-02-22,19.5,27.4,12.7,0.0,66,18.47,17.3,2021,2,53,Winter,18.47142857142857,15.533333333333333,24.17150684931507,0.0,0.37000000000000005,18.7,18.9,14.2
2021-02-23,21.5,29.6,13.1,0.0,56,18.71,10.5,2021,2,54,Winter,18.857142857142858,15.813333333333334,24.182191780821917,0.0,0.37000000000000005,19.5,18.8,13.1
2021-02-24,22.0,30.1,13.6,0.0,58,19.02,12.1,2021,2,55,Winter,19.414285714285715,16.163333333333334,24.193150684931506,0.0,0.37000000000000005,21.5,18.1,11.5
2021-02-25,22.5,30.3,13.7,0.0,59,19.0,15.0,2021,2,56,Winter,20.014285714285712,16.523333333333333,24.20383561643836,0.0,0.37000000000000005,22.0,18.3,11.7
2021-02-26,23.2,30.9,15.5,0.0,56,18.94,17.9,2021,2,57,Winter,20.771428571428572,16.906666666666666,24.215068493150685,0.0,0.37000000000000005,22.5,17.9,11.7
2021-02-27,24.1,30.4,19.0,0.0,42,19.34,15.5,2021,2,58,Winter,21.642857142857142,17.35,24.225479452054792,0.0,0.37000000000000005,23.2,18.0,10.8
2021-02-28,22.2,29.9,16.9,0.0,49,18.69,15.7,2021,2,59,Winter,22.142857142857142,17.7,24.23506849315069,0.0,0.37000000000000005,24.1,18.7,11.7
2021-03-01,20.4,27.5,14.3,0.0,46,20.26,21.4,2021,3,60,Spring,22.271428571428572,17.98,24.238630136986302,0.0,0.37000000000000005,22.2,19.5,12.0
2021-03-02,20.7,27.6,14.7,0.0,40,20.41,25.7,2021,3,61,Spring,22.157142857142855,18.253333333333334,24.241369863013695,0.0,0.37000000000000005,20.4,21.5,12.5
2021-03-03,22.3,29.4,15.1,0.0,39,20.29,18.8,2021,3,62,Spring,22.2,18.52,24.248767123287674,0.0,0.37000000000000005,20.7,22.0,14.3
2021-03-04,23.7,31.4,15.2,0.0,44,20.21,10.6,2021,3,63,Spring,22.37142857142857,18.80666666666667,24.261095890410957,0.0,0.37000000000000005,22.3,22.5,15.1
2021-03-05,22.6,30.1,15.9,0.0,45,20.73,24.1,2021,3,64,Spring,22.285714285714285,18.986666666666665,24.273150684931505,0.0,0.36666666666666664,23.7,23.2,17.2
2021-03-06,22.6,30.6,15.3,0.0,43,20.7,17.8,2021,3,65,Spring,22.071428571428573,19.219999999999995,24.29013698630137,0.0,0.0,22.6,24.1,15.6
2021-03-07,24.8,33.2,15.4,0.0,42,20.3,18.0,2021,3,66,Spring,22.442857142857147,19.6,24.314520547945204,0.0,0.0,22.6,22.2,13.4
2021-03-08,24.7,31.1,19.2,0.0,50,20.07,23.4,2021,3,67,Spring,23.057142857142857,19.959999999999997,24.336986301369862,0.0,0.0,24.8,20.4,13.9
2021-03-09,24.7,32.2,18.5,0.2,59,17.59,11.6,2021,3,68,Spring,23.628571428571426,20.293333333333333,24.358082191780824,0.028571428571428574,0.006666666666666667,24.7,20.7,14.7
2021-03-10,23.9,31.0,18.4,0.1,61,18.38,13.4,2021,3,69,Spring,23.857142857142858,20.589999999999996,24.376712328767123,0.042857142857142864,0.010000000000000002,24.7,22.3,15.0
2021-03-11,24.8,32.6,16.6,0.0,53,21.15,10.9,2021,3,70,Spring,24.014285714285712,20.863333333333333,24.393424657534247,0.042857142857142864,0.010000000000000002,23.9,23.7,16.6
2021-03-12,23.4,30.5,18.0,0.7,54,15.48,17.6,2021,3,71,Spring,24.12857142857143,21.053333333333335,24.403835616438354,0.14285714285714285,0.03333333333333333,24.8,22.6,17.7
2021-03-13,23.3,30.3,16.2,0.0,61,20.67,11.8,2021,3,72,Spring,24.228571428571428,21.263333333333332,24.416438356164385,0.14285714285714285,0.03333333333333333,23.4,22.6,17.0
2021-03-14,23.2,30.1,16.4,0.0,50,21.54,17.1,2021,3,73,Spring,24.0,21.463333333333335,24.435068493150684,0.14285714285714285,0.03333333333333333,23.3,24.8,17.2
2021-03-15,24.1,31.7,17.6,0.0,51,21.08,17.3,2021,3,74,Spring,23.914285714285715,21.70333333333333,24.456438356164384,0.14285714285714285,0.03333333333333333,23.2,24.7,16.9
2021-03-16,24.4,32.3,17.3,0.0,47,21.9,18.8,2021,3,75,Spring,23.87142857142857,21.910000000000004,24.473972602739725,0.1142857142857143,0.03333333333333333,24.1,24.7,18.2
2021-03-17,25.1,32.9,17.6,0.0,42,21.22,11.6,2021,3,76,Spring,24.042857142857144,22.116666666666667,24.490958904109586,0.09999999999999999,0.03333333333333333,24.4,23.9,18.9
2021-03-18,24.8,33.1,17.5,0.0,47,19.5,17.7,2021,3,77,Spring,24.042857142857144,22.316666666666666,24.503013698630138,0.09999999999999999,0.03333333333333333,25.1,24.8,18.8
2021-03-19,24.7,32.3,19.5,0.0,51,18.08,17.9,2021,3,78,Spring,24.228571428571428,22.536666666666665,24.513698630136986,0.0,0.03333333333333333,24.8,23.4,18.1
2021-03-20,24.9,32.6,17.6,0.0,44,22.03,20.1,2021,3,79,Spring,24.45714285714286,22.756666666666668,24.523835616438355,0.0,0.03333333333333333,24.7,23.3,18.3
2021-03-21,25.8,33.7,18.0,0.0,42,21.32,21.1,2021,3,80,Spring,24.828571428571426,23.02,24.53506849315069,0.0,0.03333333333333333,24.9,23.2,17.9
2021-03-22,25.0,33.3,18.9,0.0,48,18.51,21.9,2021,3,81,Spring,24.957142857142856,23.253333333333334,24.54328767123288,0.0,0.03333333333333333,25.8,24.1,18.0
2021-03-23,24.7,32.3,20.2,0.5,49,18.62,30.6,2021,3,82,Spring,25.0,23.453333333333333,24.54931506849315,0.07142857142857142,0.05,25.0,24.4,18.7
2021-03-24,24.4,31.2,16.9,0.0,44,21.41,17.6,2021,3,83,Spring,24.9,23.616666666666667,24.55150684931507,0.07142857142857142,0.05,24.7,25.1,19.5
2021-03-25,23.5,30.6,16.7,0.0,40,23.26,23.3,2021,3,84,Spring,24.714285714285715,23.683333333333334,24.55068493150685,0.07142857142857142,0.05,24.4,24.8,21.5
2021-03-26,23.6,30.9,16.2,0.0,46,23.2,21.2,2021,3,85,Spring,24.557142857142857,23.736666666666668,24.550958904109585,0.07142857142857142,0.05,23.5,24.7,22.0
2021-03-27,25.6,32.9,17.8,0.0,45,22.81,12.0,2021,3,86,Spring,24.657142857142855,23.839999999999996,24.562465753424654,0.07142857142857142,0.05,23.6,24.9,22.5
2021-03-28,27.9,35.4,18.6,0.0,43,23.01,10.4,2021,3,87,Spring,24.95714285714286,23.99666666666667,24.580547945205478,0.07142857142857142,0.05,25.6,25.8,23.2
2021-03-29,29.3,37.7,21.6,0.0,37,23.35,13.7,2021,3,88,Spring,25.571428571428573,24.17,24.600821917808222,0.07142857142857142,0.05,27.9,25.0,24.1
2021-03-30,30.2,36.7,23.3,0.0,30,24.12,35.5,2021,3,89,Spring,26.357142857142858,24.436666666666667,24.62356164383561,0.0,0.05,29.3,24.7,22.2
2021-03-31,27.6,34.2,21.9,0.0,23,24.41,27.9,2021,3,90,Spring,26.814285714285717,24.676666666666666,24.636986301369863,0.0,0.05,30.2,24.4,20.4
2021-04-01,26.1,33.7,19.1,0.0,16,24.78,29.2,2021,4,91,Spring,27.185714285714287,24.856666666666666,24.64301369863014,0.0,0.05,27.6,23.5,20.7
2021-04-02,25.3,33.2,17.3,0.0,17,24.53,15.5,2021,4,92,Spring,27.428571428571427,24.956666666666667,24.648493150684928,0.0,0.05,26.1,23.6,22.3
2021-04-03,25.2,33.8,16.9,0.0,19,24.54,13.3,2021,4,93,Spring,27.37142857142857,25.006666666666664,24.656164383561645,0.0,0.05,25.3,25.6,23.7
2021-04-04,26.6,35.1,17.1,0.0,22,24.29,16.8,2021,4,94,Spring,27.185714285714283,25.14,24.665479452054793,0.0,0.05,25.2,27.9,22.6
2021-04-05,29.4,38.0,19.5,0.0,26,22.71,18.1,2021,4,95,Spring,27.2,25.366666666666667,24.680273972602738,0.0,0.05,26.6,29.3,22.6
2021-04-06,30.1,37.7,22.6,0.0,29,23.22,16.5,2021,4,96,Spring,27.185714285714283,25.543333333333333,24.690958904109593,0.0,0.05,29.4,30.2,24.8
2021-04-07,28.7,35.6,21.5,0.0,31,23.16,19.9,2021,4,97,Spring,27.342857142857145,25.67666666666667,24.701095890410958,0.0,0.05,30.1,27.6,24.7
2021-04-08,27.1,34.0,20.5,0.0,25,24.74,15.9,2021,4,98,Spring,27.485714285714288,25.756666666666668,24.707123287671234,0.0,0.043333333333333335,28.7,26.1,24.7
2021-04-09,26.9,35.3,18.6,0.0,21,24.7,16.7,2021,4,99,Spring,27.714285714285715,25.85666666666667,24.713972602739723,0.0,0.04,27.1,25.3,23.9
2021-04-10,28.2,36.2,19.4,0.0,18,24.85,20.0,2021,4,100,Spring,28.142857142857142,25.970000000000002,24.72082191780822,0.0,0.04,26.9,25.2,24.8
2021-04-11,29.1,37.3,20.2,0.0,20,24.66,15.6,2021,4,101,Spring,28.5,26.16,24.724657534246575,0.0,0.016666666666666666,28.2,26.6,23.4
2021-04-12,29.9,38.0,20.8,0.0,19,22.55,17.2,2021,4,102,Spring,28.571428571428573,26.38,24.72986301369863,0.0,0.016666666666666666,29.1,29.4,23.3
2021-04-13,30.3,37.9,22.0,0.0,22,22.58,19.8,2021,4,103,Spring,28.6,26.616666666666667,24.732602739726026,0.0,0.016666666666666666,29.9,30.1,23.2
2021-04-14,30.6,38.8,22.0,0.0,22,21.54,27.2,2021,4,104,Spring,28.87142857142857,26.833333333333332,24.733972602739726,0.0,0.016666666666666666,30.3,28.7,24.1
2021-04-15,31.0,38.8,23.0,0.0,19,23.16,19.6,2021,4,105,Spring,29.428571428571427,27.05333333333333,24.735616438356164,0.0,0.016666666666666666,30.6,27.1,24.4
2021-04-16,29.4,38.8,22.6,2.6,33,20.43,31.0,2021,4,106,Spring,29.785714285714285,27.19666666666667,24.733150684931502,0.37142857142857144,0.10333333333333333,31.0,26.9,25.1
2021-04-17,27.5,34.2,19.7,0.0,44,22.23,17.7,2021,4,107,Spring,29.685714285714287,27.28666666666667,24.72739726027397,0.37142857142857144,0.10333333333333333,29.4,28.2,24.8
2021-04-18,28.9,35.3,21.3,0.0,29,23.81,17.2,2021,4,108,Spring,29.657142857142862,27.42666666666667,24.727123287671237,0.37142857142857144,0.10333333333333333,27.5,29.1,24.7
2021-04-19,29.5,37.1,21.4,0.0,29,24.31,19.0,2021,4,109,Spring,29.599999999999998,27.58,24.731506849315068,0.37142857142857144,0.10333333333333333,28.9,29.9,24.9
2021-04-20,27.7,33.9,22.4,0.0,29,15.53,29.0,2021,4,110,Spring,29.228571428571428,27.64333333333333,24.733972602739726,0.37142857142857144,0.10333333333333333,29.5,30.3,25.8
2021-04-21,26.2,31.9,19.0,0.0,41,22.87,23.0,2021,4,111,Spring,28.599999999999998,27.683333333333334,24.734246575342464,0.37142857142857144,0.10333333333333333,27.7,30.6,25.0
2021-04-22,26.5,33.0,19.8,0.0,43,24.42,20.4,2021,4,112,Spring,27.957142857142856,27.743333333333332,24.731506849315068,0.37142857142857144,0.08666666666666667,26.2,31.0,24.7
2021-04-23,27.7,34.3,22.5,0.0,35,18.54,24.5,2021,4,113,Spring,27.714285714285715,27.853333333333335,24.72821917808219,0.0,0.08666666666666667,26.5,29.4,24.4
2021-04-24,26.5,33.6,18.9,0.0,36,25.28,18.6,2021,4,114,Spring,27.571428571428573,27.953333333333333,24.721643835616437,0.0,0.08666666666666667,27.7,27.5,23.5
2021-04-25,28.7,36.7,21.1,0.0,27,25.28,20.9,2021,4,115,Spring,27.542857142857144,28.12333333333333,24.72219178082192,0.0,0.08666666666666667,26.5,28.9,23.6
2021-04-26,30.0,38.8,20.9,0.0,24,25.32,13.6,2021,4,116,Spring,27.614285714285717,28.27,24.73068493150685,0.0,0.08666666666666667,28.7,29.5,25.6
2021-04-27,32.8,41.0,23.4,0.0,22,24.47,19.2,2021,4,117,Spring,28.342857142857138,28.433333333333334,24.750958904109584,0.0,0.08666666666666667,30.0,27.7,27.9
2021-04-28,33.8,41.5,24.3,0.0,19,23.46,17.7,2021,4,118,Spring,29.428571428571427,28.583333333333332,24.77123287671233,0.0,0.08666666666666667,32.8,26.2,29.3
2021-04-29,33.3,40.7,25.5,0.0,21,21.21,23.8,2021,4,119,Spring,30.400000000000002,28.686666666666664,24.784109589041094,0.0,0.08666666666666667,33.8,26.5,30.2
2021-04-30,32.2,39.7,24.7,0.0,28,21.78,14.8,2021,4,120,Spring,31.04285714285714,28.84,24.791780821917808,0.0,0.08666666666666667,33.3,27.7,27.6
2021-05-01,32.2,39.4,24.9,0.0,30,19.8,24.1,2021,5,121,Spring,31.857142857142858,29.043333333333337,24.79643835616438,0.0,0.08666666666666667,32.2,26.5,26.1
2021-05-02,31.9,38.9,26.1,0.0,30,19.29,21.4,2021,5,122,Spring,32.31428571428571,29.263333333333332,24.803561643835618,0.0,0.08666666666666667,32.2,28.7,25.3
2021-05-03,31.7,37.0,25.3,0.0,31,20.47,16.9,2021,5,123,Spring,32.55714285714286,29.48,24.814520547945204,0.0,0.08666666666666667,31.9,30.0,25.2
2021-05-04,32.8,40.0,26.1,0.0,30,20.87,20.9,2021,5,124,Spring,32.55714285714286,29.686666666666667,24.829863013698635,0.0,0.08666666666666667,31.7,32.8,26.6
2021-05-05,31.5,38.6,26.1,0.3,39,20.35,23.2,2021,5,125,Spring,32.22857142857143,29.756666666666668,24.837260273972603,0.04285714285714286,0.09666666666666666,32.8,33.8,29.4
2021-05-06,29.3,38.7,24.0,6.1,53,20.03,22.0,2021,5,126,Spring,31.657142857142862,29.73,24.83917808219178,0.9142857142857143,0.3,31.5,33.3,30.1
2021-05-07,28.3,36.2,21.7,4.1,56,22.15,24.0,2021,5,127,Spring,31.099999999999998,29.716666666666665,24.838356164383562,1.5,0.43666666666666665,29.3,32.2,28.7
2021-05-08,31.1,37.4,23.6,0.0,39,22.31,11.4,2021,5,128,Spring,30.942857142857147,29.85,24.83945205479452,1.5,0.43666666666666665,28.3,32.2,27.1
2021-05-09,31.0,37.9,25.2,0.0,40,21.13,22.3,2021,5,129,Spring,30.814285714285713,29.986666666666665,24.83780821917808,1.5,0.43666666666666665,31.1,31.9,26.9
2021-05-10,30.5,36.2,25.0,0.4,42,19.6,16.1,2021,5,130,Spring,30.642857142857142,30.063333333333333,24.840273972602738,1.557142857142857,0.45,31.0,31.7,28.2
2021-05-11,31.3,38.4,25.1,0.1,41,21.7,28.5,2021,5,131,Spring,30.428571428571427,30.136666666666667,24.846301369863017,1.5714285714285714,0.4533333333333333,30.5,32.8,29.1
2021-05-12,29.8,35.4,24.3,0.4,45,20.94,18.7,2021,5,132,Spring,30.185714285714287,30.133333333333333,24.847397260273972,1.5857142857142854,0.4666666666666667,31.3,31.5,29.9
2021-05-13,27.3,31.7,22.3,1.5,58,18.88,24.5,2021,5,133,Spring,29.9,30.033333333333335,24.840821917808217,0.9285714285714286,0.5166666666666667,29.8,29.3,30.3
2021-05-14,29.6,36.5,22.7,0.0,47,20.91,14.0,2021,5,134,Spring,30.08571428571429,30.0,24.838356164383562,0.34285714285714286,0.5166666666666667,27.3,28.3,30.6
2021-05-15,30.2,35.7,24.7,0.0,41,19.26,13.8,2021,5,135,Spring,29.957142857142856,29.973333333333336,24.835068493150686,0.34285714285714286,0.5166666666666667,29.6,31.1,31.0
2021-05-16,31.6,38.6,23.8,0.0,37,23.97,11.2,2021,5,136,Spring,30.04285714285714,30.046666666666667,24.835342465753428,0.34285714285714286,0.43,30.2,31.0,29.4
2021-05-17,32.3,37.3,26.6,0.0,35,11.8,18.0,2021,5,137,Spring,30.300000000000004,30.206666666666663,24.83671232876712,0.2857142857142857,0.43,31.6,30.5,27.5
2021-05-18,27.1,29.9,24.6,1.1,54,6.19,21.2,2021,5,138,Spring,29.7,30.146666666666665,24.824931506849317,0.42857142857142855,0.4666666666666667,32.3,31.3,28.9
2021-05-19,21.7,24.3,20.8,98.7,87,3.02,21.8,2021,5,139,Spring,28.54285714285714,29.886666666666667,24.79643835616438,14.471428571428572,3.756666666666667,27.1,29.8,29.5
2021-05-20,24.2,29.3,20.4,31.5,77,18.49,21.6,2021,5,140,Spring,28.1,29.77,24.778356164383563,18.75714285714286,4.806666666666667,21.7,27.3,27.7
2021-05-21,26.1,31.6,20.8,2.3,76,19.68,14.4,2021,5,141,Spring,27.599999999999998,29.766666666666666,24.76164383561644,19.085714285714285,4.883333333333334,24.2,29.6,26.2
2021-05-22,28.5,33.4,23.8,0.0,66,22.91,11.2,2021,5,142,Spring,27.357142857142858,29.833333333333332,24.746575342465754,19.085714285714285,4.883333333333334,26.1,30.2,26.5
2021-05-23,28.4,33.9,22.8,0.0,56,23.27,17.3,2021,5,143,Spring,26.900000000000002,29.856666666666666,24.72958904109589,19.085714285714285,4.883333333333334,28.5,31.6,27.7
2021-05-24,28.8,35.2,22.8,0.0,42,24.65,23.2,2021,5,144,Spring,26.4,29.933333333333334,24.71095890410959,19.085714285714285,4.883333333333334,28.4,32.3,26.5
2021-05-25,30.1,37.1,24.9,0.0,35,24.99,20.4,2021,5,145,Spring,26.82857142857143,29.98,24.695616438356165,18.928571428571427,4.883333333333334,28.8,27.1,28.7
2021-05-26,30.2,37.3,23.4,0.0,36,24.78,11.8,2021,5,146,Spring,28.042857142857144,29.986666666666668,24.677260273972603,4.828571428571428,4.883333333333334,30.1,21.7,30.0
2021-05-27,30.2,37.7,23.0,0.0,44,24.8,11.8,2021,5,147,Spring,28.9,29.9,24.66,0.32857142857142857,4.883333333333334,30.2,24.2,32.8
2021-05-28,30.4,36.7,24.5,0.0,59,24.15,20.2,2021,5,148,Spring,29.514285714285712,29.78666666666667,24.65287671232877,0.0,4.883333333333334,30.2,26.1,33.8
2021-05-29,31.1,37.1,26.2,0.0,55,23.79,21.5,2021,5,149,Spring,29.885714285714283,29.713333333333335,24.655616438356162,0.0,4.883333333333334,30.4,28.5,33.3
2021-05-30,30.3,36.0,25.3,0.7,63,23.51,18.8,2021,5,150,Spring,30.157142857142855,29.65,24.661369863013697,0.09999999999999999,4.906666666666666,31.1,28.4,32.2
2021-05-31,31.6,36.8,26.3,0.1,59,20.53,12.0,2021,5,151,Spring,30.557142857142857,29.63,24.674520547945207,0.11428571428571428,4.91,30.3,28.8,32.2
2021-06-01,29.0,34.3,22.5,0.5,66,20.75,19.9,2021,6,152,Summer,30.4,29.533333333333335,24.677808219178086,0.1857142857142857,4.926666666666667,31.6,30.1,31.9
2021-06-02,29.3,34.8,23.5,5.4,64,23.11,10.7,2021,6,153,Summer,30.271428571428572,29.453333333333333,24.678630136986303,0.9571428571428572,5.1066666666666665,29.0,30.2,31.7
2021-06-03,30.3,35.3,25.2,0.0,59,22.91,10.2,2021,6,154,Summer,30.285714285714285,29.37,24.679726027397255,0.9571428571428572,5.1066666666666665,29.3,30.2,32.8
2021-06-04,30.4,36.0,25.2,0.0,62,20.79,10.0,2021,6,155,Summer,30.285714285714285,29.333333333333332,24.681917808219183,0.9571428571428572,5.096666666666666,30.3,30.4,31.5
2021-06-05,30.9,36.3,25.8,0.1,59,22.59,16.3,2021,6,156,Summer,30.25714285714286,29.386666666666667,24.687123287671234,0.9714285714285714,4.8966666666666665,30.4,31.1,29.3
2021-06-06,31.9,37.5,25.9,0.0,52,23.14,13.1,2021,6,157,Summer,30.485714285714288,29.506666666666664,24.69369863013699,0.8714285714285713,4.760000000000001,30.9,30.3,28.3
2021-06-07,32.7,39.1,26.7,0.0,50,22.43,17.7,2021,6,158,Summer,30.642857142857142,29.560000000000002,24.699452054794524,0.8571428571428571,4.760000000000001,31.9,31.6,31.1
2021-06-08,35.0,40.9,29.0,0.0,39,22.02,26.2,2021,6,159,Summer,31.5,29.693333333333335,24.71095890410959,0.7857142857142857,4.760000000000001,32.7,29.0,31.0
2021-06-09,36.0,41.4,31.3,0.0,38,21.91,20.8,2021,6,160,Summer,32.457142857142856,29.87666666666667,24.71917808219178,0.014285714285714287,4.746666666666667,35.0,29.3,30.5
2021-06-10,33.0,38.1,29.8,0.0,58,21.38,22.3,2021,6,161,Summer,32.84285714285714,29.933333333333334,24.717260273972606,0.014285714285714287,4.743333333333334,36.0,30.3,31.3
2021-06-11,32.1,37.3,27.4,0.0,59,19.98,19.1,2021,6,162,Summer,33.08571428571429,30.01,24.713424657534247,0.014285714285714287,4.73,33.0,30.4,29.8
2021-06-12,32.4,37.8,28.7,0.0,59,21.49,21.7,2021,6,163,Summer,33.3,30.18,24.70958904109589,0.0,4.680000000000001,32.1,30.9,27.3
2021-06-13,30.7,36.7,25.5,7.2,67,22.41,17.2,2021,6,164,Summer,33.128571428571426,30.216666666666665,24.70164383561644,1.0285714285714287,4.92,32.4,31.9,29.6
2021-06-14,31.3,36.5,26.2,0.0,61,22.49,12.5,2021,6,165,Summer,32.92857142857143,30.253333333333334,24.695342465753427,1.0285714285714287,4.92,30.7,32.7,30.2
2021-06-15,30.6,36.8,26.3,4.2,64,19.17,23.8,2021,6,166,Summer,32.300000000000004,30.220000000000002,24.68520547945205,1.6285714285714286,5.0600000000000005,31.3,35.0,31.6
2021-06-16,29.4,35.3,25.6,2.3,72,17.87,13.2,2021,6,167,Summer,31.357142857142858,30.123333333333335,24.67315068493151,1.957142857142857,5.136666666666667,30.6,36.0,32.3
2021-06-17,30.0,34.9,26.2,0.1,68,21.0,14.3,2021,6,168,Summer,30.928571428571427,30.220000000000002,24.662465753424662,1.9714285714285715,5.1033333333333335,29.4,33.0,27.1
2021-06-18,29.3,33.7,25.8,0.7,70,20.75,15.6,2021,6,169,Summer,30.52857142857143,30.473333333333333,24.647945205479452,2.0714285714285716,1.8366666666666667,30.0,32.1,21.7
2021-06-19,28.4,33.3,25.1,0.2,72,19.98,17.6,2021,6,170,Summer,29.95714285714286,30.613333333333333,24.63013698630137,2.1,0.7933333333333333,29.3,32.4,24.2
2021-06-20,28.9,33.3,25.2,1.1,73,18.46,12.7,2021,6,171,Summer,29.699999999999996,30.706666666666667,24.61698630136986,1.2285714285714284,0.7533333333333333,28.4,30.7,26.1
2021-06-21,30.7,36.1,25.2,0.1,64,21.37,12.6,2021,6,172,Summer,29.614285714285717,30.779999999999998,24.60958904109589,1.2428571428571427,0.7566666666666666,28.9,31.3,28.5
2021-06-22,33.5,39.2,28.4,0.0,48,21.19,17.5,2021,6,173,Summer,30.02857142857143,30.95,24.61397260273973,0.6428571428571429,0.7566666666666666,30.7,30.6,28.4
2021-06-23,34.4,40.2,28.8,0.0,43,21.54,16.9,2021,6,174,Summer,30.74285714285714,31.136666666666663,24.621917808219177,0.31428571428571433,0.7566666666666666,33.5,29.4,28.8
2021-06-24,32.5,38.5,28.2,0.0,58,21.19,19.9,2021,6,175,Summer,31.099999999999998,31.216666666666665,24.62794520547945,0.3,0.7566666666666666,34.4,30.0,30.1
2021-06-25,32.5,39.7,28.4,1.6,59,21.71,16.2,2021,6,176,Summer,31.557142857142853,31.293333333333333,24.629589041095887,0.42857142857142866,0.81,32.5,29.3,30.2
2021-06-26,32.0,37.8,26.6,0.0,57,20.34,12.2,2021,6,177,Summer,32.07142857142857,31.35333333333333,24.628493150684932,0.4,0.81,32.5,28.4,30.2
2021-06-27,33.4,38.6,28.7,0.0,54,21.25,13.1,2021,6,178,Summer,32.714285714285715,31.453333333333333,24.627671232876708,0.24285714285714288,0.81,32.0,28.9,30.4
2021-06-28,34.3,39.9,28.6,0.0,49,22.8,10.3,2021,6,179,Summer,33.22857142857143,31.56,24.625753424657532,0.2285714285714286,0.81,33.4,30.7,31.1
2021-06-29,36.1,42.3,29.4,0.0,38,24.37,19.9,2021,6,180,Summer,33.6,31.753333333333334,24.63041095890411,0.2285714285714286,0.7866666666666667,34.3,33.5,30.3
2021-06-30,36.9,43.3,30.2,0.0,30,23.04,33.9,2021,6,181,Summer,33.95714285714286,31.93,24.64328767123288,0.2285714285714286,0.7833333333333333,36.1,34.4,31.6
2021-07-01,37.0,41.8,32.2,0.0,33,22.47,26.7,2021,7,182,Summer,34.6,32.196666666666665,24.653150684931507,0.2285714285714286,0.7666666666666667,36.9,32.5,29.0
2021-07-02,35.5,41.2,31.2,0.1,42,21.6,22.4,2021,7,183,Summer,35.028571428571425,32.403333333333336,24.65424657534247,0.014285714285714287,0.59,37.0,32.5,29.3
2021-07-03,33.3,39.0,29.3,0.0,50,17.3,24.7,2021,7,184,Summer,35.21428571428571,32.50333333333333,24.64958904109589,0.014285714285714287,0.59,35.5,32.0,30.3
2021-07-04,34.2,40.3,28.6,0.0,48,21.95,12.7,2021,7,185,Summer,35.32857142857143,32.63,24.652602739726028,0.014285714285714287,0.59,33.3,33.4,30.4
2021-07-05,34.7,39.4,29.3,0.0,46,21.06,13.0,2021,7,186,Summer,35.385714285714286,32.75666666666667,24.665753424657535,0.014285714285714287,0.5866666666666666,34.2,34.3,30.9
2021-07-06,35.2,39.9,29.6,0.0,45,20.73,15.3,2021,7,187,Summer,35.25714285714286,32.86666666666667,24.678356164383562,0.014285714285714287,0.5866666666666666,34.7,36.1,31.9
2021-07-07,36.2,41.4,31.4,0.0,40,21.52,21.3,2021,7,188,Summer,35.15714285714286,32.983333333333334,24.697260273972603,0.014285714285714287,0.5866666666666666,35.2,36.9,32.7
2021-07-08,36.0,40.3,32.3,0.0,39,20.83,21.2,2021,7,189,Summer,35.01428571428571,33.016666666666666,24.716986301369865,0.014285714285714287,0.5866666666666666,36.2,37.0,35.0
2021-07-09,33.2,38.5,28.2,0.2,58,20.81,20.3,2021,7,190,Summer,34.68571428571429,32.92333333333333,24.72520547945205,0.028571428571428574,0.5933333333333333,36.0,35.5,36.0
2021-07-10,33.6,38.1,29.7,1.2,58,21.42,15.8,2021,7,191,Summer,34.728571428571435,32.943333333333335,24.727671232876713,0.19999999999999998,0.6333333333333333,33.2,33.3,33.0
2021-07-11,32.1,36.4,28.9,2.0,64,19.07,26.0,2021,7,192,Summer,34.42857142857143,32.943333333333335,24.728219178082195,0.4857142857142857,0.7,33.6,34.2,32.1
2021-07-12,30.5,34.0,28.0,4.9,69,17.46,23.1,2021,7,193,Summer,33.82857142857143,32.88,24.724931506849316,1.1857142857142857,0.8633333333333333,32.1,34.7,32.4
2021-07-13,30.0,34.1,27.3,5.3,76,14.17,15.5,2021,7,194,Summer,33.08571428571428,32.85666666666667,24.71972602739726,1.942857142857143,0.8,30.5,35.2,30.7
2021-07-14,29.3,33.5,27.4,9.4,81,14.46,15.6,2021,7,195,Summer,32.1,32.79,24.70904109589041,3.2857142857142856,1.1133333333333333,30.0,36.2,31.3
2021-07-15,30.7,34.7,27.5,2.5,75,18.76,14.6,2021,7,196,Summer,31.342857142857145,32.79333333333333,24.705753424657534,3.642857142857143,1.0566666666666666,29.3,36.0,30.6
2021-07-16,31.0,34.7,27.5,3.8,74,19.92,13.7,2021,7,197,Summer,31.02857142857143,32.846666666666664,24.70657534246575,4.1571428571428575,1.1066666666666665,30.7,33.2,29.4
2021-07-17,32.7,36.8,28.5,0.7,67,21.82,12.7,2021,7,198,Summer,30.900000000000002,32.93666666666667,24.71095890410959,4.085714285714286,1.1266666666666665,31.0,33.6,30.0
2021-07-18,30.2,34.4,27.3,24.9,81,12.78,18.4,2021,7,199,Summer,30.62857142857143,32.96666666666667,24.707123287671234,7.357142857142857,1.9333333333333333,32.7,32.1,29.3
2021-07-19,26.3,27.0,25.8,122.7,96,1.7,12.1,2021,7,200,Summer,30.028571428571432,32.89666666666667,24.695616438356165,24.185714285714287,6.016666666666667,30.2,30.5,28.4
2021-07-20,27.8,30.6,25.8,27.3,88,14.32,10.9,2021,7,201,Summer,29.714285714285715,32.86,24.69150684931507,27.32857142857143,6.890000000000001,26.3,30.0,28.9
2021-07-21,28.8,32.6,25.8,5.3,85,19.55,11.6,2021,7,202,Summer,29.642857142857142,32.79666666666667,24.693150684931506,26.742857142857144,7.0633333333333335,27.8,29.3,30.7
2021-07-22,28.0,30.5,25.7,5.1,87,17.14,13.7,2021,7,203,Summer,29.25714285714286,32.61333333333334,24.695342465753424,27.114285714285717,7.233333333333333,28.8,30.7,33.5
2021-07-23,28.9,31.6,25.9,5.8,85,19.12,14.2,2021,7,204,Summer,28.95714285714286,32.43,24.696438356164382,27.400000000000002,7.426666666666667,28.0,31.0,34.4
2021-07-24,30.2,33.9,26.8,0.7,82,21.12,12.5,2021,7,205,Summer,28.599999999999998,32.35333333333333,24.70027397260274,27.400000000000002,7.45,28.9,32.7,32.5
2021-07-25,30.9,34.3,27.4,0.0,78,21.95,12.1,2021,7,206,Summer,28.7,32.3,24.70602739726027,23.842857142857145,7.396666666666666,30.2,30.2,32.5
2021-07-26,29.0,30.7,27.9,4.9,85,8.32,12.5,2021,7,207,Summer,29.085714285714285,32.2,24.703561643835613,7.014285714285714,7.56,30.9,26.3,32.0
2021-07-27,28.2,31.4,26.9,14.1,89,13.77,15.6,2021,7,208,Summer,29.142857142857142,32.026666666666664,24.695890410958903,5.128571428571428,8.03,29.0,27.8,33.4
2021-07-28,27.1,29.0,26.1,18.7,90,6.87,14.3,2021,7,209,Summer,28.900000000000002,31.78666666666667,24.68301369863014,7.042857142857143,8.653333333333332,28.2,28.8,34.3
2021-07-29,27.4,29.8,25.5,8.2,88,12.83,10.7,2021,7,210,Summer,28.814285714285713,31.496666666666666,24.674520547945207,7.485714285714285,8.926666666666668,27.1,28.0,36.1
2021-07-30,27.3,30.3,25.6,11.0,89,11.78,14.4,2021,7,211,Summer,28.585714285714285,31.176666666666666,24.670136986301372,8.228571428571428,9.293333333333333,27.4,28.9,36.9
2021-07-31,28.2,31.6,25.3,3.3,87,15.24,15.8,2021,7,212,Summer,28.3,30.883333333333333,24.667397260273972,8.6,9.403333333333332,27.3,30.2,37.0
2021-08-01,29.1,32.1,26.6,0.9,83,17.45,11.9,2021,8,213,Summer,28.042857142857144,30.67,24.666575342465755,8.728571428571428,9.430000000000001,28.2,30.9,35.5
2021-08-02,27.7,30.1,25.8,25.7,88,10.69,11.7,2021,8,214,Summer,27.857142857142858,30.483333333333334,24.6572602739726,11.7,10.286666666666667,29.1,29.0,33.3
2021-08-03,28.6,31.9,26.2,8.2,85,18.1,17.6,2021,8,215,Summer,27.914285714285715,30.296666666666667,24.64876712328767,10.857142857142858,10.56,27.7,28.2,34.2
2021-08-04,28.7,32.2,26.0,0.0,78,19.75,18.7,2021,8,216,Summer,28.142857142857142,30.096666666666668,24.640547945205483,8.185714285714285,10.56,28.6,27.1,34.7
2021-08-05,29.1,32.9,25.8,0.3,79,21.71,7.9,2021,8,217,Summer,28.38571428571429,29.893333333333334,24.63671232876712,7.057142857142856,10.57,28.7,27.4,35.2
2021-08-06,29.7,33.3,26.2,2.0,81,19.45,7.8,2021,8,218,Summer,28.728571428571428,29.676666666666666,24.63342465753425,5.7714285714285705,10.636666666666667,29.1,27.3,36.2
2021-08-07,28.8,31.7,27.2,8.5,87,14.36,8.0,2021,8,219,Summer,28.814285714285717,29.436666666666667,24.630410958904104,6.514285714285713,10.92,29.7,28.2,36.0
2021-08-08,28.3,31.4,26.4,17.1,89,14.67,8.6,2021,8,220,Summer,28.7,29.273333333333333,24.623561643835618,8.828571428571427,11.483333333333333,28.8,29.1,33.2
2021-08-09,28.2,30.7,26.2,3.2,87,12.08,8.6,2021,8,221,Summer,28.771428571428572,29.093333333333337,24.61917808219178,5.614285714285714,11.55,28.3,27.7,33.6
2021-08-10,29.9,34.5,26.4,0.7,77,20.33,20.3,2021,8,222,Summer,28.957142857142856,29.02,24.622191780821918,4.542857142857143,11.506666666666666,28.2,28.6,32.1
2021-08-11,30.5,34.7,27.8,0.0,64,23.67,22.3,2021,8,223,Summer,29.214285714285715,29.02,24.626575342465756,4.542857142857143,11.343333333333334,29.9,28.7,30.5
2021-08-12,30.2,34.5,26.7,0.0,66,23.41,19.1,2021,8,224,Summer,29.37142857142857,29.026666666666664,24.627671232876715,4.5,11.166666666666666,30.5,29.1,30.0
2021-08-13,30.6,35.1,27.0,0.0,65,22.25,18.9,2021,8,225,Summer,29.5,29.07,24.638630136986304,4.214285714285714,10.853333333333333,30.2,29.7,29.3
2021-08-14,30.6,34.9,27.2,0.0,64,22.61,22.7,2021,8,226,Summer,29.757142857142856,29.066666666666666,24.646849315068494,3.0,10.770000000000001,30.6,28.8,30.7
2021-08-15,30.4,34.8,26.8,0.0,64,22.9,16.0,2021,8,227,Summer,30.057142857142857,29.046666666666667,24.65095890410959,0.5571428571428572,10.643333333333334,30.6,28.3,31.0
2021-08-16,30.4,35.1,26.7,0.0,66,22.6,11.8,2021,8,228,Summer,30.37142857142857,28.969999999999995,24.655616438356162,0.09999999999999999,10.620000000000001,30.4,28.2,32.7
2021-08-17,31.2,35.4,26.9,0.0,66,22.82,13.4,2021,8,229,Summer,30.557142857142853,29.003333333333334,24.661369863013697,0.0,9.79,30.4,29.9,30.2
2021-08-18,31.2,35.3,26.6,0.0,66,22.89,11.0,2021,8,230,Summer,30.657142857142855,29.166666666666668,24.66520547945205,0.0,5.7,31.2,30.5,26.3
2021-08-19,30.8,34.2,27.3,0.5,74,19.82,13.4,2021,8,231,Summer,30.74285714285714,29.266666666666666,24.675342465753424,0.07142857142857142,4.806666666666667,31.2,30.2,27.8
2021-08-20,27.8,29.3,26.4,2.0,86,8.64,17.9,2021,8,232,Summer,30.342857142857145,29.233333333333334,24.678904109589038,0.35714285714285715,4.696666666666667,30.8,30.6,28.8
2021-08-21,26.7,29.0,24.9,30.3,91,11.16,16.3,2021,8,233,Summer,29.785714285714285,29.19,24.673698630136986,4.685714285714285,5.536666666666667,27.8,30.6,28.0
2021-08-22,27.6,31.1,24.9,9.8,88,15.59,14.5,2021,8,234,Summer,29.385714285714283,29.146666666666665,24.670958904109593,6.085714285714286,5.67,26.7,30.4,28.9
2021-08-23,28.5,31.6,25.9,5.9,87,16.31,12.3,2021,8,235,Summer,29.114285714285717,29.09,24.67205479452055,6.928571428571429,5.843333333333334,27.6,30.4,30.2
2021-08-24,29.0,32.0,26.5,2.1,87,15.35,9.2,2021,8,236,Summer,28.800000000000004,29.026666666666667,24.675616438356165,7.228571428571429,5.913333333333333,28.5,31.2,30.9
2021-08-25,30.4,34.3,27.9,0.0,68,23.46,26.6,2021,8,237,Summer,28.685714285714283,29.073333333333334,24.68082191780822,7.228571428571429,5.75,29.0,31.2,29.0
2021-08-26,29.7,33.8,27.3,0.0,67,23.53,22.7,2021,8,238,Summer,28.528571428571432,29.123333333333335,24.682739726027393,7.1571428571428575,5.28,30.4,30.8,28.2
2021-08-27,29.6,34.0,25.8,0.0,67,22.13,16.2,2021,8,239,Summer,28.785714285714285,29.206666666666663,24.685205479452055,6.871428571428572,4.656666666666666,29.7,27.8,27.1
2021-08-28,29.4,33.4,26.6,0.0,74,21.14,11.3,2021,8,240,Summer,29.171428571428574,29.273333333333333,24.687671232876713,2.542857142857143,4.383333333333334,29.6,26.7,27.4
2021-08-29,28.6,32.3,25.9,1.3,85,18.34,13.2,2021,8,241,Summer,29.314285714285717,29.316666666666666,24.687945205479455,1.3285714285714287,4.06,29.4,27.6,27.3
2021-08-30,27.4,30.8,25.2,1.2,86,16.65,13.9,2021,8,242,Summer,29.157142857142855,29.290000000000003,24.686575342465748,0.6571428571428571,3.99,28.6,28.5,28.2
2021-08-31,27.0,31.0,24.7,5.3,87,16.44,16.4,2021,8,243,Summer,28.871428571428574,29.220000000000002,24.684109589041093,1.1142857142857143,4.136666666666667,27.4,29.0,29.1
2021-09-01,26.4,29.8,24.2,10.7,90,13.84,13.1,2021,9,244,Autumn,28.3,29.17666666666667,24.678356164383562,2.642857142857143,3.6366666666666663,27.0,30.4,27.7
2021-09-02,27.8,31.7,24.6,1.2,87,18.07,8.0,2021,9,245,Autumn,28.02857142857143,29.15,24.675616438356165,2.814285714285714,3.4033333333333338,26.4,29.7,28.6
2021-09-03,27.1,30.9,25.3,11.3,89,15.39,13.8,2021,9,246,Autumn,27.67142857142857,29.096666666666668,24.67178082191781,4.428571428571429,3.78,27.8,29.6,28.7
2021-09-04,27.3,30.6,24.9,14.7,88,14.36,10.0,2021,9,247,Autumn,27.37142857142857,29.036666666666665,24.667397260273972,6.528571428571429,4.26,27.1,29.4,29.1
2021-09-05,28.2,31.8,25.4,3.8,86,18.32,9.9,2021,9,248,Autumn,27.314285714285713,28.986666666666668,24.667123287671235,6.885714285714286,4.319999999999999,27.3,28.6,29.7
2021-09-06,29.0,32.2,26.1,4.1,84,17.65,9.7,2021,9,249,Autumn,27.54285714285714,28.993333333333332,24.669315068493155,7.3,4.173333333333334,28.2,27.4,28.8
2021-09-07,28.0,30.5,25.7,7.6,88,13.63,16.2,2021,9,250,Autumn,27.685714285714283,28.983333333333334,24.667397260273972,7.628571428571428,3.856666666666667,29.0,27.0,28.3
2021-09-08,28.0,30.7,26.1,2.3,80,17.53,24.8,2021,9,251,Autumn,27.914285714285715,28.976666666666667,24.66383561643836,6.428571428571429,3.8266666666666667,28.0,26.4,28.2
2021-09-09,27.7,30.9,24.9,4.4,84,18.07,20.3,2021,9,252,Autumn,27.900000000000002,28.903333333333332,24.658082191780817,6.885714285714285,3.95,28.0,27.8,29.9
2021-09-10,26.8,30.1,24.9,16.6,88,14.82,19.4,2021,9,253,Autumn,27.857142857142858,28.779999999999998,24.64986301369863,7.642857142857143,4.503333333333333,27.7,27.1,30.5
2021-09-11,25.9,28.7,23.9,15.3,91,10.14,25.5,2021,9,254,Autumn,27.657142857142855,28.636666666666667,24.63808219178082,7.728571428571428,5.013333333333334,26.8,27.3,30.2
2021-09-12,26.5,29.2,24.5,6.4,91,7.68,13.3,2021,9,255,Autumn,27.414285714285715,28.5,24.627945205479453,8.1,5.2266666666666675,25.9,28.2,30.6
2021-09-13,27.6,31.5,25.5,7.8,88,14.75,9.2,2021,9,256,Autumn,27.214285714285715,28.4,24.6213698630137,8.628571428571428,5.486666666666666,26.5,29.0,30.6
2021-09-14,27.9,31.2,25.7,0.3,84,9.89,16.0,2021,9,257,Autumn,27.2,28.316666666666666,24.616164383561642,7.585714285714287,5.496666666666667,27.6,28.0,30.4
2021-09-15,28.4,32.2,25.6,0.0,77,20.47,19.2,2021,9,258,Autumn,27.25714285714286,28.25,24.60958904109589,7.257142857142858,5.496666666666667,27.9,28.0,30.4
2021-09-16,27.9,32.7,25.2,4.1,77,18.6,21.6,2021,9,259,Autumn,27.285714285714285,28.14,24.6,7.214285714285714,5.633333333333334,28.4,27.7,31.2
2021-09-17,26.8,29.1,23.5,1.5,75,11.36,26.6,2021,9,260,Autumn,27.285714285714285,27.993333333333332,24.586575342465753,5.057142857142857,5.683333333333334,27.9,26.8,31.2
2021-09-18,27.4,30.8,24.2,0.1,80,15.78,18.1,2021,9,261,Autumn,27.5,27.88,24.573698630136985,2.8857142857142857,5.67,26.8,25.9,30.8
2021-09-19,28.1,31.6,25.1,0.3,81,18.85,13.5,2021,9,262,Autumn,27.728571428571428,27.89,24.564657534246578,2.0142857142857142,5.613333333333333,27.4,26.5,27.8
2021-09-20,28.3,32.1,24.9,0.7,81,18.46,14.0,2021,9,263,Autumn,27.82857142857143,27.94333333333333,24.55808219178082,0.9999999999999999,4.626666666666667,28.1,27.6,26.7
2021-09-21,28.0,31.2,26.0,1.7,83,16.3,13.4,2021,9,264,Autumn,27.842857142857145,27.956666666666663,24.55041095890411,1.1999999999999997,4.356666666666667,28.3,27.9,27.6
2021-09-22,26.4,29.8,24.5,17.3,90,13.59,14.4,2021,9,265,Autumn,27.557142857142853,27.886666666666667,24.539999999999996,3.6714285714285713,4.736666666666666,28.0,28.4,28.5
2021-09-23,26.6,29.4,24.5,6.4,88,14.82,14.8,2021,9,266,Autumn,27.371428571428574,27.806666666666665,24.532054794520544,4.0,4.88,26.4,27.9,29.0
2021-09-24,27.0,30.7,24.6,2.1,85,16.34,11.7,2021,9,267,Autumn,27.400000000000002,27.69333333333333,24.524931506849317,4.085714285714286,4.95,26.6,26.8,30.4
2021-09-25,27.2,30.8,24.5,2.1,86,17.2,9.9,2021,9,268,Autumn,27.37142857142857,27.61,24.515616438356165,4.371428571428572,5.02,27.0,27.4,29.7
2021-09-26,26.8,30.5,24.1,1.5,85,14.68,14.9,2021,9,269,Autumn,27.185714285714287,27.516666666666666,24.50904109589041,4.542857142857143,5.069999999999999,27.2,28.1,29.6
2021-09-27,28.1,31.9,24.5,0.2,81,18.06,8.2,2021,9,270,Autumn,27.157142857142855,27.473333333333333,24.506849315068493,4.4714285714285715,5.076666666666667,26.8,28.3,29.4
2021-09-28,28.1,32.0,25.6,1.7,82,16.23,15.8,2021,9,271,Autumn,27.17142857142857,27.456666666666667,24.505753424657534,4.4714285714285715,5.09,28.1,28.0,28.6
2021-09-29,28.2,31.5,25.2,0.2,80,17.92,16.0,2021,9,272,Autumn,27.428571428571434,27.483333333333334,24.50630136986301,2.028571428571429,5.0566666666666675,28.1,26.4,27.4
2021-09-30,28.2,31.5,25.3,0.7,82,17.65,9.0,2021,9,273,Autumn,27.657142857142855,27.52333333333333,24.507123287671234,1.2142857142857142,4.903333333333333,28.2,26.6,27.0
2021-10-01,28.6,32.2,25.2,0.2,82,17.3,6.6,2021,10,274,Autumn,27.885714285714283,27.596666666666668,24.50794520547945,0.942857142857143,4.553333333333333,28.2,27.0,26.4
2021-10-02,28.9,33.0,25.6,0.2,77,18.27,12.7,2021,10,275,Autumn,28.12857142857143,27.633333333333333,24.510684931506848,0.6714285714285715,4.52,28.6,27.2,27.8
2021-10-03,29.1,33.4,25.7,0.0,74,17.68,16.8,2021,10,276,Autumn,28.457142857142856,27.7,24.515616438356165,0.45714285714285713,4.1433333333333335,28.9,26.8,27.1
2021-10-04,28.9,32.8,25.8,0.1,70,17.02,11.4,2021,10,277,Autumn,28.571428571428573,27.753333333333334,24.522465753424658,0.4428571428571428,3.6566666666666667,29.1,28.1,27.3
2021-10-05,28.4,32.2,24.6,2.3,77,16.92,8.8,2021,10,278,Autumn,28.614285714285717,27.759999999999998,24.52712328767123,0.5285714285714286,3.606666666666667,28.9,28.1,28.2
2021-10-06,28.4,32.4,25.5,0.1,75,17.4,11.0,2021,10,279,Autumn,28.642857142857142,27.740000000000002,24.531780821917803,0.5142857142857142,3.473333333333333,28.4,28.2,29.0
2021-10-07,27.3,32.4,23.2,0.0,71,19.19,11.7,2021,10,280,Autumn,28.514285714285712,27.716666666666665,24.533150684931506,0.41428571428571426,3.2199999999999998,28.4,28.2,28.0
2021-10-08,27.9,33.2,23.3,0.0,66,19.06,12.5,2021,10,281,Autumn,28.414285714285715,27.71333333333333,24.535890410958906,0.3857142857142857,3.143333333333333,27.3,28.6,28.0
2021-10-09,28.5,34.1,23.1,0.0,61,18.98,12.6,2021,10,282,Autumn,28.357142857142858,27.74,24.540000000000003,0.35714285714285715,2.9966666666666666,27.9,28.9,27.7
2021-10-10,28.3,34.9,22.1,0.0,63,18.68,9.2,2021,10,283,Autumn,28.24285714285714,27.790000000000003,24.542739726027392,0.35714285714285715,2.4433333333333334,28.5,29.1,26.8
2021-10-11,28.0,34.7,22.2,0.0,61,18.73,10.2,2021,10,284,Autumn,28.114285714285717,27.860000000000003,24.544109589041092,0.34285714285714286,1.9333333333333333,28.3,28.9,25.9
2021-10-12,27.9,34.5,22.7,0.0,58,18.55,10.8,2021,10,285,Autumn,28.04285714285714,27.90666666666667,24.545753424657537,0.014285714285714287,1.72,28.0,28.4,26.5
2021-10-13,26.4,32.8,21.3,0.0,54,18.55,19.3,2021,10,286,Autumn,27.757142857142856,27.866666666666667,24.54301369863014,0.0,1.46,27.9,28.4,27.6
2021-10-14,25.2,32.0,19.6,0.0,54,18.33,17.6,2021,10,287,Autumn,27.457142857142856,27.776666666666667,24.536438356164382,0.0,1.45,26.4,27.3,27.9
2021-10-15,25.8,33.1,19.6,0.0,53,17.89,12.1,2021,10,288,Autumn,27.157142857142855,27.69,24.53232876712329,0.0,1.45,25.2,27.9,28.4
2021-10-16,27.0,33.5,20.9,0.0,62,17.23,9.7,2021,10,289,Autumn,26.942857142857143,27.66,24.536164383561644,0.0,1.3133333333333332,25.8,28.5,27.9
2021-10-17,26.4,31.0,23.0,3.3,77,12.14,18.1,2021,10,290,Autumn,26.671428571428574,27.646666666666665,24.534520547945206,0.4714285714285714,1.3733333333333333,27.0,28.3,26.8
2021-10-18,22.4,23.7,20.9,27.4,93,3.78,15.2,2021,10,291,Autumn,25.871428571428567,27.48,24.524383561643834,4.385714285714285,2.283333333333333,26.4,28.0,27.4
2021-10-19,23.8,28.9,19.3,0.0,80,16.82,18.2,2021,10,292,Autumn,25.285714285714285,27.336666666666666,24.520273972602745,4.385714285714285,2.2733333333333334,22.4,27.9,28.1
2021-10-20,24.4,30.8,20.0,0.0,70,17.1,14.6,2021,10,293,Autumn,25.0,27.206666666666667,24.51890410958904,4.385714285714285,2.25,23.8,26.4,28.3
2021-10-21,23.3,29.6,18.2,0.0,61,17.46,21.8,2021,10,294,Autumn,24.72857142857143,27.05,24.513150684931507,4.385714285714285,2.1933333333333334,24.4,25.2,28.0
2021-10-22,23.9,30.3,20.2,0.0,61,16.91,18.8,2021,10,295,Autumn,24.457142857142856,26.966666666666665,24.506849315068493,4.385714285714285,1.6166666666666667,23.3,25.8,26.4
2021-10-23,23.9,29.7,19.5,0.0,65,16.18,11.5,2021,10,296,Autumn,24.014285714285712,26.87666666666667,24.502739726027396,4.385714285714285,1.403333333333333,23.9,27.0,26.6
2021-10-24,22.8,27.3,19.0,0.2,70,13.17,17.3,2021,10,297,Autumn,23.5,26.736666666666668,24.496986301369862,3.9428571428571426,1.3399999999999999,23.9,26.4,27.0
2021-10-25,22.0,27.3,17.3,0.0,78,15.4,10.2,2021,10,298,Autumn,23.442857142857147,26.563333333333333,24.48712328767123,0.028571428571428574,1.27,22.8,22.4,27.2
2021-10-26,20.9,26.7,16.8,0.0,71,16.34,13.4,2021,10,299,Autumn,23.02857142857143,26.366666666666667,24.475616438356166,0.028571428571428574,1.22,22.0,23.8,26.8
2021-10-27,20.9,27.3,15.6,0.0,64,16.09,15.2,2021,10,300,Autumn,22.52857142857143,26.12666666666667,24.46958904109589,0.028571428571428574,1.2133333333333334,20.9,24.4,28.1
2021-10-28,20.6,27.4,15.4,0.0,64,16.15,12.8,2021,10,301,Autumn,22.14285714285714,25.876666666666665,24.462739726027397,0.028571428571428574,1.1566666666666665,20.9,23.3,28.1
2021-10-29,21.0,28.3,14.8,0.0,63,15.96,9.0,2021,10,302,Autumn,21.728571428571428,25.636666666666663,24.454794520547946,0.028571428571428574,1.15,20.6,23.9,28.2
2021-10-30,21.4,28.4,15.8,0.0,56,16.02,18.2,2021,10,303,Autumn,21.37142857142857,25.410000000000004,24.45205479452055,0.028571428571428574,1.1266666666666665,21.0,23.9,28.2
2021-10-31,22.2,28.9,16.3,0.0,51,15.74,15.2,2021,10,304,Autumn,21.285714285714285,25.196666666666665,24.452876712328766,0.0,1.12,21.4,22.8,28.6
2021-11-01,22.1,28.9,16.2,0.0,54,15.52,12.2,2021,11,305,Autumn,21.3,24.970000000000002,24.454794520547946,0.0,1.1133333333333333,22.2,22.0,28.9
2021-11-02,21.5,27.8,16.4,0.0,65,15.0,14.7,2021,11,306,Autumn,21.385714285714283,24.716666666666665,24.453698630136987,0.0,1.1133333333333333,22.1,20.9,29.1
2021-11-03,21.7,28.6,15.6,0.0,62,14.69,12.9,2021,11,307,Autumn,21.5,24.47666666666667,24.453150684931504,0.0,1.1099999999999999,21.5,20.9,28.9
2021-11-04,21.2,27.6,15.2,0.0,64,15.07,9.4,2021,11,308,Autumn,21.585714285714285,24.236666666666668,24.45260273972603,0.0,1.0333333333333334,21.7,20.6,28.4
2021-11-05,20.6,27.4,14.8,0.0,63,14.67,10.1,2021,11,309,Autumn,21.52857142857143,23.976666666666667,24.447123287671236,0.0,1.03,21.2,21.0,28.4
2021-11-06,20.9,28.4,14.6,0.0,57,14.88,19.9,2021,11,310,Autumn,21.457142857142856,23.763333333333332,24.44438356164384,0.0,1.03,20.6,21.4,27.3
2021-11-07,21.2,28.4,15.6,0.0,60,14.75,13.6,2021,11,311,Autumn,21.314285714285713,23.540000000000003,24.443835616438356,0.0,1.03,20.9,22.2,27.9
2021-11-08,21.0,28.7,14.7,0.0,60,14.79,13.1,2021,11,312,Autumn,21.157142857142855,23.290000000000003,24.442465753424656,0.0,1.03,21.2,22.1,28.5
2021-11-09,20.9,28.2,15.3,0.0,60,14.65,12.3,2021,11,313,Autumn,21.071428571428573,23.043333333333333,24.442465753424656,0.0,1.03,21.0,21.5,28.3
2021-11-10,20.7,28.8,13.8,0.0,61,14.49,12.4,2021,11,314,Autumn,20.928571428571427,22.8,24.441369863013694,0.0,1.03,20.9,21.7,28.0
2021-11-11,20.4,28.3,13.5,0.0,61,14.45,12.0,2021,11,315,Autumn,20.814285714285713,22.55,24.440821917808222,0.0,1.03,20.7,21.2,27.9
2021-11-12,20.2,28.0,14.5,0.0,60,14.35,12.8,2021,11,316,Autumn,20.75714285714286,22.34333333333333,24.4386301369863,0.0,1.03,20.4,20.6,26.4
2021-11-13,19.4,27.0,12.6,0.0,58,14.27,12.9,2021,11,317,Autumn,20.54285714285714,22.149999999999995,24.434246575342467,0.0,1.03,20.2,20.9,25.2
2021-11-14,18.6,26.3,11.7,0.0,54,14.27,10.3,2021,11,318,Autumn,20.17142857142857,21.91,24.429315068493146,0.0,1.03,19.4,21.2,25.8
2021-11-15,18.5,25.8,12.3,0.0,53,14.02,11.8,2021,11,319,Autumn,19.814285714285713,21.626666666666665,24.42219178082192,0.0,1.03,18.6,21.0,27.0
2021-11-16,17.9,25.3,11.3,0.0,57,14.05,11.0,2021,11,320,Autumn,19.385714285714283,21.34333333333333,24.41780821917808,0.0,0.9199999999999999,18.5,20.9,26.4
2021-11-17,17.7,24.7,10.9,0.0,65,13.77,9.7,2021,11,321,Autumn,18.957142857142856,21.186666666666667,24.415068493150685,0.0,0.006666666666666667,17.9,20.7,22.4
2021-11-18,19.1,24.6,12.0,0.0,66,13.54,6.3,2021,11,322,Autumn,18.77142857142857,21.029999999999998,24.418630136986305,0.0,0.006666666666666667,17.7,20.4,23.8
2021-11-19,18.7,24.8,11.8,0.0,64,13.58,8.2,2021,11,323,Autumn,18.557142857142857,20.839999999999996,24.422739726027395,0.0,0.006666666666666667,19.1,20.2,24.4
2021-11-20,19.3,25.1,15.6,0.0,58,10.36,9.1,2021,11,324,Autumn,18.542857142857144,20.706666666666667,24.430410958904112,0.0,0.006666666666666667,18.7,19.4,23.3
2021-11-21,19.0,25.9,13.5,0.0,58,13.45,13.9,2021,11,325,Autumn,18.599999999999998,20.543333333333333,24.437808219178084,0.0,0.006666666666666667,19.3,18.6,23.9
2021-11-22,18.8,26.0,12.9,0.0,51,13.76,21.6,2021,11,326,Autumn,18.642857142857142,20.37333333333333,24.446027397260274,0.0,0.006666666666666667,19.0,18.5,23.9
2021-11-23,18.3,25.6,12.3,0.0,55,13.49,15.6,2021,11,327,Autumn,18.7,20.223333333333336,24.45287671232877,0.0,0.0,18.8,17.9,22.8
2021-11-24,18.6,26.0,11.4,0.0,58,13.3,10.2,2021,11,328,Autumn,18.82857142857143,20.11,24.45972602739726,0.0,0.0,18.3,17.7,22.0
2021-11-25,17.9,25.1,12.0,0.0,70,12.85,8.7,2021,11,329,Autumn,18.657142857142855,20.01,24.462191780821918,0.0,0.0,18.6,19.1,20.9
2021-11-26,18.4,25.2,11.8,0.0,69,12.82,9.3,2021,11,330,Autumn,18.614285714285717,19.926666666666666,24.46520547945206,0.0,0.0,17.9,18.7,20.9
2021-11-27,18.8,25.2,13.0,0.0,72,12.59,10.6,2021,11,331,Autumn,18.542857142857144,19.866666666666667,24.46931506849315,0.0,0.0,18.4,19.3,20.6
2021-11-28,18.9,25.1,13.6,0.0,74,12.32,9.8,2021,11,332,Autumn,18.52857142857143,19.796666666666667,24.476164383561642,0.0,0.0,18.8,19.0,21.0
2021-11-29,18.1,24.9,11.4,0.0,64,12.82,15.0,2021,11,333,Autumn,18.428571428571427,19.686666666666664,24.483013698630135,0.0,0.0,18.9,18.8,21.4
2021-11-30,18.0,24.8,12.5,0.0,65,12.06,14.7,2021,11,334,Autumn,18.385714285714283,19.546666666666667,24.487945205479452,0.0,0.0,18.1,18.3,22.2
2021-12-01,17.1,21.9,13.5,0.0,73,6.64,8.9,2021,12,335,Winter,18.17142857142857,19.38,24.489315068493152,0.0,0.0,18.0,18.6,22.1
2021-12-02,16.4,19.7,14.1,3.9,81,3.33,11.3,2021,12,336,Winter,17.95714285714286,19.209999999999997,24.48575342465753,0.5571428571428572,0.13,17.1,17.9,21.5
2021-12-03,17.2,22.6,12.8,0.0,80,11.07,9.2,2021,12,337,Winter,17.785714285714285,19.06,24.482191780821918,0.5571428571428572,0.13,16.4,18.4,21.7
2021-12-04,17.4,24.0,11.7,0.0,73,12.1,9.8,2021,12,338,Winter,17.585714285714285,18.933333333333334,24.47890410958904,0.5571428571428572,0.13,17.2,18.8,21.2
2021-12-05,19.0,24.3,13.4,0.5,70,10.5,9.1,2021,12,339,Winter,17.599999999999998,18.88,24.47917808219178,0.6285714285714287,0.14666666666666667,17.4,18.9,20.6
2021-12-06,18.2,23.2,14.3,1.6,79,11.37,12.9,2021,12,340,Winter,17.614285714285714,18.790000000000003,24.476986301369863,0.8571428571428571,0.2,19.0,18.1,20.9
2021-12-07,16.7,22.8,12.6,0.0,71,12.34,16.3,2021,12,341,Winter,17.428571428571427,18.639999999999997,24.472328767123287,0.8571428571428571,0.2,18.2,18.0,21.2
2021-12-08,15.5,22.1,11.1,0.0,68,12.39,12.2,2021,12,342,Winter,17.2,18.456666666666663,24.46493150684931,0.8571428571428571,0.2,16.7,17.1,21.0
2021-12-09,15.1,22.0,9.3,0.0,70,12.16,8.0,2021,12,343,Winter,17.014285714285712,18.263333333333332,24.453150684931504,0.3,0.2,15.5,16.4,20.9
2021-12-10,15.4,22.1,10.0,0.0,68,12.17,11.9,2021,12,344,Winter,16.757142857142856,18.086666666666666,24.444109589041098,0.3,0.2,15.1,17.2,20.7
2021-12-11,14.6,21.7,9.5,0.0,65,12.39,13.6,2021,12,345,Winter,16.357142857142858,17.89333333333333,24.432328767123284,0.3,0.2,15.4,17.4,20.4
2021-12-12,14.5,21.0,8.9,0.0,65,11.87,8.0,2021,12,346,Winter,15.714285714285714,17.703333333333333,24.423013698630136,0.2285714285714286,0.2,14.6,19.0,20.2
2021-12-13,14.6,19.3,8.2,0.0,66,8.8,7.1,2021,12,347,Winter,15.200000000000001,17.543333333333333,24.421643835616436,0.0,0.2,14.5,18.2,19.4
2021-12-14,14.9,20.7,8.8,0.0,71,10.17,9.4,2021,12,348,Winter,14.942857142857141,17.42,24.427945205479453,0.0,0.2,14.6,16.7,18.6
2021-12-15,14.0,20.6,9.2,0.0,67,12.21,11.3,2021,12,349,Winter,14.728571428571428,17.27,24.435342465753422,0.0,0.2,14.9,15.5,18.5
2021-12-16,13.6,18.1,9.9,0.0,70,8.87,16.2,2021,12,350,Winter,14.514285714285716,17.126666666666665,24.44109589041096,0.0,0.2,14.0,15.1,17.9
2021-12-17,12.3,17.9,8.0,0.0,57,12.6,18.3,2021,12,351,Winter,14.071428571428571,16.946666666666665,24.446849315068494,0.0,0.2,13.6,15.4,17.7
2021-12-18,11.2,17.8,6.3,0.0,65,12.4,22.0,2021,12,352,Winter,13.585714285714287,16.683333333333334,24.447397260273977,0.0,0.2,12.3,14.6,19.1
2021-12-19,11.1,17.5,6.1,0.0,63,12.51,17.5,2021,12,353,Winter,13.1,16.43,24.44438356164384,0.0,0.2,11.2,14.5,18.7
2021-12-20,11.6,18.1,5.9,0.0,67,12.38,13.3,2021,12,354,Winter,12.671428571428569,16.173333333333332,24.43945205479452,0.0,0.2,11.1,14.6,19.3
2021-12-21,12.1,19.5,5.2,0.0,71,12.12,10.6,2021,12,355,Winter,12.271428571428572,15.943333333333332,24.43643835616438,0.0,0.2,11.6,14.9,19.0
2021-12-22,13.3,20.1,5.9,0.0,67,12.1,10.5,2021,12,356,Winter,12.171428571428573,15.759999999999998,24.434246575342467,0.0,0.2,12.1,14.0,18.8
2021-12-23,14.2,21.1,8.4,0.0,72,11.52,9.9,2021,12,357,Winter,12.257142857142856,15.623333333333333,24.434794520547943,0.0,0.2,13.3,13.6,18.3
2021-12-24,14.5,21.4,9.7,0.0,75,11.74,10.4,2021,12,358,Winter,12.571428571428571,15.486666666666666,24.436712328767122,0.0,0.2,14.2,12.3,18.6
2021-12-25,15.5,21.1,10.6,0.0,72,11.97,10.1,2021,12,359,Winter,13.185714285714285,15.406666666666666,24.442739726027398,0.0,0.2,14.5,11.2,17.9
2021-12-26,15.0,18.4,10.8,4.6,80,5.04,14.0,2021,12,360,Winter,13.742857142857144,15.293333333333331,24.44876712328767,0.6571428571428571,0.35333333333333333,15.5,11.1,18.4
2021-12-27,14.9,19.7,10.7,3.2,72,11.37,13.2,2021,12,361,Winter,14.214285714285714,15.163333333333332,24.44876712328767,1.1142857142857143,0.46,15.0,11.6,18.8
2021-12-28,13.9,19.5,10.5,1.7,78,7.79,8.3,2021,12,362,Winter,14.471428571428572,14.996666666666666,24.45397260273973,1.3571428571428572,0.5166666666666667,14.9,12.1,18.9
2021-12-29,13.0,19.1,8.4,0.0,72,11.12,14.8,2021,12,363,Winter,14.428571428571429,14.826666666666664,24.4613698630137,1.3571428571428572,0.5166666666666667,13.9,13.3,18.1
2021-12-30,10.7,17.9,5.2,0.0,67,11.4,11.5,2021,12,364,Winter,13.928571428571429,14.583333333333332,24.464109589041094,1.3571428571428572,0.5166666666666667,13.0,14.2,18.0
2021-12-31,10.5,17.8,5.0,0.0,71,12.41,10.2,2021,12,365,Winter,13.357142857142858,14.363333333333333,24.46630136986301,1.3571428571428572,0.5166666666666667,10.7,14.5,17.1
2022-01-01,10.9,18.1,5.7,0.0,76,12.43,9.7,2022,1,1,Winter,12.700000000000001,14.18,24.46739726027397,1.3571428571428572,0.38666666666666666,10.5,15.5,16.4
2022-01-02,11.9,18.8,6.8,0.0,77,11.64,9.1,2022,1,2,Winter,12.257142857142856,14.003333333333332,24.46246575342466,0.7000000000000001,0.38666666666666666,10.9,15.0,17.2
2022-01-03,12.6,20.2,7.4,0.0,75,12.4,10.4,2022,1,3,Winter,11.928571428571429,13.843333333333334,24.453150684931504,0.24285714285714285,0.38666666666666666,11.9,14.9,17.4
2022-01-04,14.5,22.0,8.1,0.2,71,10.87,9.3,2022,1,4,Winter,12.014285714285714,13.693333333333333,24.44739726027397,0.028571428571428574,0.37666666666666665,12.6,13.9,19.0
2022-01-05,13.3,15.0,11.6,9.6,86,2.18,20.5,2022,1,5,Winter,12.057142857142859,13.530000000000001,24.435890410958905,1.4,0.6433333333333332,14.5,13.0,18.2
2022-01-06,14.6,18.6,12.0,0.9,83,6.68,20.4,2022,1,6,Winter,12.614285714285714,13.46,24.427945205479453,1.5285714285714285,0.6733333333333333,13.3,10.7,16.7
2022-01-07,15.6,19.9,12.7,1.9,86,6.45,19.7,2022,1,7,Winter,13.342857142857143,13.463333333333333,24.42986301369863,1.7999999999999996,0.7366666666666666,14.6,10.5,15.5
2022-01-08,15.4,17.1,14.1,16.2,90,5.05,21.8,2022,1,8,Winter,13.985714285714284,13.473333333333333,24.43534246575343,4.114285714285714,1.2766666666666666,15.6,10.9,15.1
2022-01-09,14.1,17.1,10.4,3.6,89,5.7,14.0,2022,1,9,Winter,14.299999999999999,13.43,24.4331506849315,4.628571428571428,1.3966666666666667,15.4,11.9,15.4
2022-01-10,11.5,16.9,8.0,0.0,82,12.89,11.8,2022,1,10,Winter,14.142857142857142,13.326666666666666,24.430958904109588,4.628571428571428,1.3966666666666667,14.1,12.6,14.6
2022-01-11,11.5,17.4,7.3,0.0,79,12.84,13.1,2022,1,11,Winter,13.714285714285714,13.226666666666667,24.430684931506846,4.6,1.3966666666666667,11.5,14.5,14.5
2022-01-12,11.3,17.1,7.6,0.0,80,10.92,10.1,2022,1,12,Winter,13.428571428571429,13.116666666666667,24.430410958904112,3.2285714285714286,1.3966666666666667,11.5,13.3,14.6
2022-01-13,12.3,17.4,7.2,0.0,75,11.7,6.4,2022,1,13,Winter,13.1,13.03,24.434246575342467,3.1,1.3966666666666667,11.3,14.6,14.9
2022-01-14,10.7,16.6,6.2,0.0,81,11.42,11.2,2022,1,14,Winter,12.4,12.92,24.432602739726025,2.8285714285714287,1.3966666666666667,12.3,15.6,14.0
2022-01-15,9.9,16.8,5.8,0.0,87,13.22,9.8,2022,1,15,Winter,11.614285714285714,12.796666666666665,24.426027397260274,0.5142857142857143,1.3966666666666667,10.7,15.4,13.6
2022-01-16,10.2,15.8,5.9,0.0,86,12.18,8.6,2022,1,16,Winter,11.057142857142855,12.726666666666667,24.42575342465754,0.0,1.3966666666666667,9.9,14.1,12.3
2022-01-17,9.7,14.1,4.7,0.0,85,9.42,6.7,2022,1,17,Winter,10.8,12.676666666666666,24.421095890410957,0.0,1.3966666666666667,10.2,11.5,11.2
2022-01-18,9.6,16.1,5.4,0.0,88,12.0,11.5,2022,1,18,Winter,10.528571428571427,12.626666666666667,24.410684931506847,0.0,1.3966666666666667,9.7,11.5,11.1
2022-01-19,11.0,17.7,6.6,0.7,89,12.05,10.1,2022,1,19,Winter,10.485714285714284,12.606666666666666,24.400821917808216,0.09999999999999999,1.4199999999999997,9.6,11.3,11.6
2022-01-20,13.1,17.7,9.3,0.9,85,11.88,7.6,2022,1,20,Winter,10.6,12.640000000000002,24.397808219178085,0.2285714285714286,1.45,11.0,12.3,12.1
2022-01-21,12.2,18.4,7.2,0.0,85,13.22,11.3,2022,1,21,Winter,10.814285714285713,12.603333333333333,24.393698630136985,0.2285714285714286,1.45,13.1,10.7,13.3
2022-01-22,13.2,16.1,11.9,22.8,85,4.79,31.8,2022,1,22,Winter,11.285714285714286,12.57,24.393150684931506,3.485714285714286,2.21,12.2,9.9,14.2
2022-01-23,12.7,16.7,9.2,3.5,86,7.88,12.1,2022,1,23,Winter,11.642857142857142,12.51,24.389041095890413,3.985714285714286,2.3266666666666667,13.2,10.2,14.5
2022-01-24,10.7,16.2,7.1,0.6,83,12.57,12.6,2022,1,24,Winter,11.785714285714286,12.35,24.382465753424658,4.071428571428572,2.3466666666666662,12.7,9.7,15.5
2022-01-25,10.3,16.4,6.2,0.0,80,12.27,13.6,2022,1,25,Winter,11.885714285714286,12.193333333333333,24.379178082191785,4.071428571428572,2.1933333333333334,10.7,9.6,15.0
2022-01-26,10.7,16.8,6.3,0.0,81,13.07,16.6,2022,1,26,Winter,11.842857142857143,12.053333333333333,24.376438356164382,3.971428571428572,2.086666666666667,10.3,11.0,14.9
2022-01-27,11.5,17.8,7.0,0.0,73,14.85,21.1,2022,1,27,Winter,11.614285714285714,11.973333333333333,24.375890410958903,3.842857142857143,2.03,10.7,13.1,13.9
2022-01-28,11.6,17.9,7.1,0.0,71,15.14,21.3,2022,1,28,Winter,11.528571428571428,11.926666666666668,24.378082191780823,3.842857142857143,2.03,11.5,12.2,13.0
2022-01-29,12.4,19.5,6.8,0.0,73,15.06,12.9,2022,1,29,Winter,11.414285714285715,11.983333333333333,24.379999999999995,0.5857142857142856,2.03,11.6,13.2,10.7
2022-01-30,13.7,20.3,8.9,0.0,72,15.29,20.3,2022,1,30,Winter,11.557142857142855,12.090000000000002,24.384657534246575,0.08571428571428572,2.03,12.4,12.7,10.5
2022-01-31,13.6,20.9,8.2,0.0,80,15.22,9.8,2022,1,31,Winter,11.971428571428572,12.18,24.387671232876713,0.0,2.03,13.7,10.7,10.9
2022-02-01,13.9,20.8,8.7,0.0,85,14.41,14.1,2022,2,32,Winter,12.485714285714284,12.246666666666668,24.386575342465754,0.0,2.03,13.6,10.3,11.9
2022-02-02,14.2,20.5,9.0,0.0,78,15.55,20.4,2022,2,33,Winter,12.985714285714284,12.3,24.384109589041092,0.0,2.03,13.9,10.7,12.6
2022-02-03,12.7,15.1,10.3,16.6,85,6.87,32.2,2022,2,34,Winter,13.157142857142857,12.24,24.37178082191781,2.3714285714285714,2.5766666666666667,14.2,11.5,14.5
2022-02-04,11.5,16.5,8.2,0.2,84,11.1,19.1,2022,2,35,Winter,13.142857142857142,12.18,24.36054794520548,2.4,2.2633333333333336,12.7,11.6,13.3
2022-02-05,10.9,16.7,5.7,0.0,83,13.76,10.2,2022,2,36,Winter,12.928571428571429,12.056666666666667,24.353698630136986,2.4,2.2333333333333334,11.5,12.4,14.6
2022-02-06,13.7,20.5,7.4,0.0,75,16.18,10.0,2022,2,37,Winter,12.928571428571429,11.993333333333334,24.353150684931506,2.4,2.1700000000000004,10.9,13.7,15.6
2022-02-07,15.2,22.3,8.3,0.0,78,15.87,11.2,2022,2,38,Winter,13.157142857142857,11.986666666666668,24.354520547945203,2.4,1.6300000000000001,13.7,13.6,15.4
2022-02-08,16.1,22.1,10.7,1.4,81,14.95,9.7,2022,2,39,Winter,13.471428571428573,12.053333333333333,24.35753424657534,2.6000000000000005,1.5566666666666669,15.2,13.9,14.1
2022-02-09,14.4,18.6,10.3,3.6,83,11.55,13.9,2022,2,40,Winter,13.5,12.15,24.351506849315065,3.1142857142857143,1.6766666666666667,16.1,14.2,11.5
2022-02-10,13.8,20.1,8.0,0.0,75,16.08,19.9,2022,2,41,Winter,13.657142857142857,12.226666666666667,24.340821917808217,0.7428571428571429,1.6766666666666667,14.4,12.7,11.5
2022-02-11,14.2,20.2,9.9,0.0,65,17.1,23.0,2022,2,42,Winter,14.042857142857143,12.323333333333332,24.333150684931503,0.7142857142857143,1.6766666666666667,13.8,11.5,11.3
2022-02-12,14.3,21.1,9.4,0.0,67,17.44,17.7,2022,2,43,Winter,14.528571428571428,12.389999999999999,24.325205479452055,0.7142857142857143,1.6766666666666667,14.2,10.9,12.3
2022-02-13,14.7,22.4,8.4,0.0,70,17.26,11.2,2022,2,44,Winter,14.671428571428573,12.523333333333333,24.31917808219178,0.7142857142857143,1.6766666666666667,14.3,13.7,10.7
2022-02-14,15.5,23.1,9.2,0.0,70,17.33,10.7,2022,2,45,Winter,14.714285714285714,12.71,24.311780821917807,0.7142857142857143,1.6766666666666667,14.7,15.2,9.9
2022-02-15,16.5,23.2,11.0,0.0,65,17.11,11.3,2022,2,46,Winter,14.771428571428572,12.92,24.305205479452052,0.5142857142857143,1.6766666666666667,15.5,16.1,10.2
2022-02-16,16.2,23.7,10.0,0.0,69,17.2,13.0,2022,2,47,Winter,15.028571428571428,13.136666666666667,24.29808219178082,0.0,1.6766666666666667,16.5,14.4,9.7
2022-02-17,17.3,24.2,10.6,0.0,64,17.39,13.1,2022,2,48,Winter,15.528571428571428,13.393333333333334,24.295890410958904,0.0,1.6766666666666667,16.2,13.8,9.6
2022-02-18,17.3,25.0,10.0,0.0,61,17.33,15.5,2022,2,49,Winter,15.971428571428572,13.603333333333333,24.293150684931508,0.0,1.6533333333333335,17.3,14.2,11.0
2022-02-19,16.6,24.0,10.4,0.0,61,18.12,18.2,2022,2,50,Winter,16.3,13.719999999999999,24.289589041095894,0.0,1.6233333333333335,17.3,14.3,13.1
2022-02-20,17.2,23.7,12.5,0.0,57,18.3,24.8,2022,2,51,Winter,16.657142857142855,13.886666666666665,24.28739726027397,0.0,1.6233333333333335,16.6,14.7,12.2
2022-02-21,17.5,24.5,11.2,0.0,54,18.8,13.3,2022,2,52,Winter,16.942857142857143,14.03,24.284109589041094,0.0,0.8633333333333334,17.2,15.5,13.2
2022-02-22,18.6,25.4,12.5,0.0,56,18.24,30.2,2022,2,53,Winter,17.242857142857144,14.226666666666667,24.281643835616435,0.0,0.7466666666666667,17.5,16.5,12.7
2022-02-23,18.6,23.8,14.2,0.0,68,17.49,27.4,2022,2,54,Winter,17.585714285714285,14.490000000000002,24.273698630136984,0.0,0.7266666666666667,18.6,16.2,10.7
2022-02-24,18.2,25.0,12.3,0.0,72,17.14,12.7,2022,2,55,Winter,17.714285714285715,14.753333333333334,24.263287671232874,0.0,0.7266666666666667,18.6,17.3,10.3
2022-02-25,18.6,25.0,12.6,0.0,68,17.53,17.9,2022,2,56,Winter,17.900000000000002,15.016666666666667,24.252602739726026,0.0,0.7266666666666667,18.2,17.3,10.7
2022-02-26,17.8,23.5,14.3,1.5,69,18.26,25.3,2022,2,57,Winter,18.071428571428573,15.226666666666667,24.237808219178085,0.21428571428571427,0.7766666666666667,18.6,16.6,11.5
2022-02-27,17.1,23.4,12.3,0.0,64,18.86,14.2,2022,2,58,Winter,18.057142857142857,15.41,24.2186301369863,0.21428571428571427,0.7766666666666667,17.8,17.2,11.6
2022-02-28,16.4,23.0,10.9,0.0,63,19.78,15.4,2022,2,59,Winter,17.900000000000002,15.543333333333333,24.202739726027396,0.21428571428571427,0.7766666666666667,17.1,17.5,12.4
2022-03-01,17.1,24.4,10.7,0.0,65,19.43,10.5,2022,3,60,Spring,17.685714285714287,15.656666666666666,24.193698630136982,0.21428571428571427,0.7766666666666667,16.4,18.6,13.7
2022-03-02,18.5,25.6,11.3,0.0,62,19.56,9.6,2022,3,61,Spring,17.671428571428574,15.82,24.187671232876713,0.21428571428571427,0.7766666666666667,17.1,18.6,13.6
2022-03-03,19.5,26.9,13.0,1.6,63,17.49,9.4,2022,3,62,Spring,17.857142857142858,16.006666666666668,24.179999999999996,0.4428571428571429,0.8300000000000001,18.5,18.2,13.9
2022-03-04,18.8,25.1,13.3,0.0,70,19.26,16.7,2022,3,63,Spring,17.885714285714286,16.16,24.166575342465755,0.4428571428571429,0.8300000000000001,19.5,18.6,14.2
2022-03-05,18.9,25.7,13.1,0.0,65,20.1,19.2,2022,3,64,Spring,18.04285714285714,16.366666666666667,24.156438356164383,0.2285714285714286,0.27666666666666667,18.8,17.8,12.7
2022-03-06,19.6,26.3,13.9,0.0,63,18.2,11.3,2022,3,65,Spring,18.4,16.636666666666667,24.148219178082194,0.2285714285714286,0.2700000000000001,18.9,17.1,11.5
2022-03-07,20.9,28.0,14.2,0.0,60,19.71,10.8,2022,3,66,Spring,19.042857142857144,16.970000000000002,24.137534246575346,0.2285714285714286,0.2700000000000001,19.6,16.4,10.9
2022-03-08,21.5,29.6,14.2,0.0,57,20.31,14.3,2022,3,67,Spring,19.671428571428574,17.23,24.12876712328767,0.2285714285714286,0.2700000000000001,20.9,17.1,13.7
2022-03-09,22.1,30.1,15.4,0.0,51,20.3,17.4,2022,3,68,Spring,20.185714285714287,17.459999999999997,24.12164383561644,0.2285714285714286,0.2700000000000001,21.5,18.5,15.2
2022-03-10,22.2,29.0,16.4,0.0,51,20.17,19.6,2022,3,69,Spring,20.571428571428573,17.663333333333334,24.11698630136986,0.0,0.22333333333333336,22.1,19.5,16.1
2022-03-11,22.0,28.9,15.8,0.0,57,20.9,18.9,2022,3,70,Spring,21.02857142857143,17.916666666666668,24.10931506849315,0.0,0.10333333333333333,22.2,18.8,14.4
2022-03-12,22.2,30.0,15.3,0.0,54,21.29,16.3,2022,3,71,Spring,21.5,18.196666666666665,24.106027397260277,0.0,0.10333333333333333,22.0,18.9,13.8
2022-03-13,23.5,31.5,16.9,0.0,59,20.83,16.7,2022,3,72,Spring,22.057142857142857,18.506666666666668,24.106575342465753,0.0,0.10333333333333333,22.2,19.6,14.2
2022-03-14,24.2,31.9,16.1,0.0,64,20.94,12.9,2022,3,73,Spring,22.52857142857143,18.836666666666666,24.109315068493153,0.0,0.10333333333333333,23.5,20.9,14.3
2022-03-15,26.1,33.4,18.8,0.0,64,20.93,15.6,2022,3,74,Spring,23.185714285714283,19.216666666666665,24.114794520547946,0.0,0.10333333333333333,24.2,21.5,14.7
2022-03-16,27.0,34.6,19.9,0.0,58,21.38,24.5,2022,3,75,Spring,23.885714285714283,19.6,24.121917808219177,0.0,0.10333333333333333,26.1,22.1,15.5
2022-03-17,26.5,33.2,20.1,0.0,64,21.39,11.6,2022,3,76,Spring,24.5,19.933333333333334,24.125753424657532,0.0,0.10333333333333333,27.0,22.2,16.5
2022-03-18,27.3,34.0,21.8,0.0,66,21.13,13.8,2022,3,77,Spring,25.25714285714286,20.303333333333335,24.132602739726025,0.0,0.10333333333333333,26.5,22.0,16.2
2022-03-19,27.8,34.6,20.4,0.0,60,21.25,9.8,2022,3,78,Spring,26.057142857142853,20.653333333333332,24.14109589041096,0.0,0.10333333333333333,27.3,22.2,17.3
2022-03-20,28.1,36.1,21.8,0.0,48,21.8,13.4,2022,3,79,Spring,26.714285714285715,21.013333333333332,24.14986301369863,0.0,0.10333333333333333,27.8,23.5,17.3
2022-03-21,27.8,35.9,20.1,0.0,45,21.63,17.0,2022,3,80,Spring,27.228571428571428,21.386666666666663,24.15534246575342,0.0,0.10333333333333333,28.1,24.2,16.6
2022-03-22,27.8,34.9,20.7,0.0,43,22.52,25.0,2022,3,81,Spring,27.47142857142857,21.740000000000002,24.163013698630138,0.0,0.10333333333333333,27.8,26.1,17.2
2022-03-23,27.5,35.3,18.9,0.0,38,21.87,16.3,2022,3,82,Spring,27.542857142857144,22.073333333333334,24.17068493150685,0.0,0.10333333333333333,27.8,27.0,17.5
2022-03-24,27.4,34.4,20.7,0.0,37,22.46,21.3,2022,3,83,Spring,27.671428571428574,22.366666666666667,24.178904109589038,0.0,0.10333333333333333,27.5,26.5,18.6
2022-03-25,26.8,34.5,19.4,0.0,31,22.67,21.1,2022,3,84,Spring,27.599999999999998,22.639999999999997,24.187945205479448,0.0,0.10333333333333333,27.4,27.3,18.6
2022-03-26,27.2,34.7,19.7,0.0,30,23.11,30.5,2022,3,85,Spring,27.514285714285712,22.94,24.197808219178086,0.0,0.10333333333333333,26.8,27.8,18.2
2022-03-27,28.0,36.2,20.1,0.0,28,23.31,20.6,2022,3,86,Spring,27.5,23.253333333333334,24.204383561643837,0.0,0.10333333333333333,27.2,28.1,18.6
2022-03-28,28.9,37.6,20.2,0.0,28,23.24,18.1,2022,3,87,Spring,27.657142857142862,23.62333333333333,24.207123287671234,0.0,0.05333333333333334,28.0,27.8,17.8
2022-03-29,29.1,38.4,19.1,0.0,27,23.34,19.2,2022,3,88,Spring,27.842857142857145,24.023333333333333,24.20657534246575,0.0,0.05333333333333334,28.9,27.8,17.1
2022-03-30,29.4,38.3,20.6,0.0,28,23.18,12.9,2022,3,89,Spring,28.114285714285717,24.456666666666663,24.204383561643837,0.0,0.05333333333333334,29.1,27.5,16.4
2022-03-31,29.5,38.7,21.3,0.0,38,23.02,15.0,2022,3,90,Spring,28.41428571428571,24.87,24.20958904109589,0.0,0.05333333333333334,29.4,27.4,17.1
2022-04-01,28.9,35.9,21.5,0.0,26,24.03,20.4,2022,4,91,Spring,28.714285714285715,25.216666666666665,24.217260273972602,0.0,0.05333333333333334,29.5,26.8,18.5
2022-04-02,28.9,37.4,19.9,0.0,24,23.8,11.6,2022,4,92,Spring,28.957142857142856,25.530000000000005,24.227123287671237,0.0,0.0,28.9,27.2,19.5
2022-04-03,30.1,38.8,21.9,0.0,19,24.3,14.2,2022,4,93,Spring,29.257142857142856,25.906666666666663,24.240547945205478,0.0,0.0,28.9,28.0,18.8
2022-04-04,29.1,37.9,21.8,0.0,18,24.19,17.3,2022,4,94,Spring,29.285714285714285,26.246666666666666,24.24739726027397,0.0,0.0,30.1,28.9,18.9
2022-04-05,29.4,38.2,20.8,0.0,20,24.29,17.9,2022,4,95,Spring,29.328571428571426,26.57333333333333,24.24739726027397,0.0,0.0,29.1,29.1,19.6
2022-04-06,30.2,38.7,20.9,0.0,19,24.1,19.1,2022,4,96,Spring,29.442857142857143,26.883333333333333,24.247671232876712,0.0,0.0,29.4,29.4,20.9
2022-04-07,31.0,39.3,21.4,0.0,18,24.08,18.3,2022,4,97,Spring,29.657142857142862,27.2,24.25397260273973,0.0,0.0,30.2,29.5,21.5
2022-04-08,32.1,40.8,23.0,0.0,16,24.21,17.3,2022,4,98,Spring,30.114285714285717,27.533333333333335,24.267671232876715,0.0,0.0,31.0,28.9,22.1
2022-04-09,32.9,41.6,22.4,0.0,16,23.64,18.3,2022,4,99,Spring,30.685714285714287,27.89,24.284109589041098,0.0,0.0,32.1,28.9,22.2
2022-04-10,33.3,41.0,24.2,0.0,16,24.27,22.7,2022,4,100,Spring,31.142857142857142,28.266666666666666,24.29808219178082,0.0,0.0,32.9,30.1,22.0
2022-04-11,32.9,41.4,24.5,0.0,18,23.88,17.1,2022,4,101,Spring,31.685714285714283,28.623333333333335,24.30849315068493,0.0,0.0,33.3,29.1,22.2
2022-04-12,32.3,39.8,26.0,0.0,20,21.5,17.0,2022,4,102,Spring,32.1,28.916666666666668,24.315068493150687,0.0,0.0,32.9,29.4,23.5
2022-04-13,32.5,38.9,23.8,0.0,20,23.98,17.5,2022,4,103,Spring,32.42857142857143,29.19333333333333,24.321095890410962,0.0,0.0,32.3,30.2,24.2
2022-04-14,31.8,39.3,25.2,0.0,18,24.12,19.0,2022,4,104,Spring,32.54285714285714,29.383333333333333,24.324383561643835,0.0,0.0,32.5,31.0,26.1
2022-04-15,31.1,38.9,24.0,0.0,20,23.4,19.7,2022,4,105,Spring,32.4,29.52,24.324657534246576,0.0,0.0,31.8,32.1,27.0
2022-04-16,31.7,39.5,23.1,0.0,19,24.19,21.4,2022,4,106,Spring,32.22857142857143,29.693333333333335,24.330958904109593,0.0,0.0,31.1,32.9,26.5
2022-04-17,32.0,40.6,24.0,0.0,19,24.61,15.7,2022,4,107,Spring,32.042857142857144,29.85,24.34328767123288,0.0,0.0,31.7,33.3,27.3
2022-04-18,32.7,41.3,24.1,0.0,21,24.07,15.1,2022,4,108,Spring,32.01428571428571,30.013333333333332,24.353698630136982,0.0,0.0,32.0,32.9,27.8
2022-04-19,34.1,41.8,25.2,0.0,17,23.91,24.0,2022,4,109,Spring,32.27142857142858,30.21333333333333,24.36630136986301,0.0,0.0,32.7,32.3,28.1
2022-04-20,33.9,40.8,27.2,0.0,17,23.9,24.0,2022,4,110,Spring,32.471428571428575,30.416666666666668,24.383287671232875,0.0,0.0,34.1,32.5,27.8
2022-04-21,31.5,36.7,26.3,0.0,23,15.53,26.9,2022,4,111,Spring,32.42857142857143,30.54,24.397808219178078,0.0,0.0,33.9,31.8,27.8
2022-04-22,30.9,38.3,22.6,0.0,28,23.8,18.5,2022,4,112,Spring,32.4,30.653333333333332,24.40986301369863,0.0,0.0,31.5,31.1,27.5
2022-04-23,31.6,39.2,23.8,0.0,20,24.61,16.3,2022,4,113,Spring,32.385714285714286,30.793333333333333,24.42054794520548,0.0,0.0,30.9,31.7,27.4
2022-04-24,32.1,39.7,24.3,0.0,19,24.56,29.0,2022,4,114,Spring,32.4,30.970000000000002,24.435890410958905,0.0,0.0,31.6,32.0,26.8
2022-04-25,33.0,40.5,25.1,0.0,20,23.94,19.6,2022,4,115,Spring,32.44285714285714,31.163333333333334,24.44767123287671,0.0,0.0,32.1,32.7,27.2
2022-04-26,33.0,40.6,25.1,0.0,20,23.96,22.9,2022,4,116,Spring,32.285714285714285,31.33,24.455890410958904,0.0,0.0,33.0,34.1,28.0
2022-04-27,33.2,41.2,23.9,0.0,17,24.77,19.4,2022,4,117,Spring,32.18571428571429,31.473333333333336,24.456986301369867,0.0,0.0,33.0,33.9,28.9
2022-04-28,34.9,43.0,26.1,0.0,16,24.42,15.6,2022,4,118,Spring,32.67142857142857,31.666666666666668,24.459999999999997,0.0,0.0,33.2,31.5,29.1
2022-04-29,35.8,43.5,27.1,0.0,14,24.34,22.3,2022,4,119,Spring,33.371428571428574,31.88,24.466849315068494,0.0,0.0,34.9,30.9,29.4
2022-04-30,35.7,43.3,28.3,0.0,14,24.32,20.4,2022,4,120,Spring,33.95714285714286,32.086666666666666,24.476438356164383,0.0,0.0,35.8,31.6,29.5
2022-05-01,33.0,41.4,26.4,0.0,31,22.17,27.5,2022,5,121,Spring,34.08571428571429,32.223333333333336,24.478630136986304,0.0,0.0,35.7,32.1,28.9
2022-05-02,32.6,40.9,26.1,0.0,37,22.53,22.3,2022,5,122,Spring,34.02857142857143,32.346666666666664,24.48054794520548,0.0,0.0,33.0,33.0,28.9
2022-05-03,32.8,39.4,26.8,0.1,42,21.86,22.2,2022,5,123,Spring,34.0,32.43666666666667,24.483561643835618,0.014285714285714287,0.0033333333333333335,32.6,33.0,30.1
2022-05-04,31.0,39.2,26.1,0.2,47,21.24,28.0,2022,5,124,Spring,33.68571428571429,32.5,24.478630136986297,0.042857142857142864,0.010000000000000002,32.8,33.2,29.1
2022-05-05,30.6,38.2,23.5,0.0,47,23.36,14.9,2022,5,125,Spring,33.07142857142857,32.54,24.476164383561642,0.042857142857142864,0.010000000000000002,31.0,34.9,29.4
2022-05-06,32.3,39.3,25.7,0.0,33,22.8,14.8,2022,5,126,Spring,32.57142857142857,32.61,24.484383561643835,0.042857142857142864,0.010000000000000002,30.6,35.8,30.2
2022-05-07,32.8,39.9,26.1,0.0,30,23.01,17.8,2022,5,127,Spring,32.15714285714286,32.67,24.496712328767128,0.042857142857142864,0.010000000000000002,32.3,35.7,31.0
2022-05-08,33.0,41.2,25.5,0.0,34,23.72,18.8,2022,5,128,Spring,32.15714285714286,32.7,24.50191780821918,0.042857142857142864,0.010000000000000002,32.8,33.0,32.1
2022-05-09,33.3,40.2,27.4,0.0,44,22.1,19.9,2022,5,129,Spring,32.25714285714285,32.71333333333333,24.508219178082193,0.042857142857142864,0.010000000000000002,33.0,32.6,32.9
2022-05-10,33.4,39.7,28.2,0.0,45,21.72,16.8,2022,5,130,Spring,32.34285714285714,32.71666666666667,24.516164383561645,0.028571428571428574,0.010000000000000002,33.3,32.8,33.3
2022-05-11,34.1,41.2,27.8,0.0,44,22.22,20.7,2022,5,131,Spring,32.785714285714285,32.75666666666667,24.523835616438355,0.0,0.010000000000000002,33.4,31.0,32.9
2022-05-12,35.1,42.7,28.7,0.0,41,22.22,23.7,2022,5,132,Spring,33.42857142857143,32.85,24.53835616438356,0.0,0.010000000000000002,34.1,30.6,32.3
2022-05-13,35.0,43.7,27.8,0.0,42,23.21,27.0,2022,5,133,Spring,33.81428571428571,32.93333333333333,24.559452054794523,0.0,0.010000000000000002,35.1,32.3,32.5
2022-05-14,35.9,44.3,27.6,0.0,26,23.85,18.0,2022,5,134,Spring,34.25714285714285,33.07,24.576712328767123,0.0,0.010000000000000002,35.0,32.8,31.8
2022-05-15,37.7,45.4,29.6,0.0,15,23.02,24.7,2022,5,135,Spring,34.92857142857143,33.29,24.5972602739726,0.0,0.010000000000000002,35.9,33.0,31.1
2022-05-16,36.4,42.0,31.5,0.0,22,17.43,26.1,2022,5,136,Spring,35.371428571428574,33.446666666666665,24.610410958904108,0.0,0.010000000000000002,37.7,33.3,31.7
2022-05-17,32.9,39.1,28.0,0.4,42,20.26,27.9,2022,5,137,Spring,35.3,33.47666666666667,24.612054794520546,0.05714285714285715,0.023333333333333334,36.4,33.4,32.0
2022-05-18,34.8,42.3,27.6,0.0,32,22.01,13.1,2022,5,138,Spring,35.4,33.54666666666667,24.633150684931508,0.05714285714285715,0.023333333333333334,32.9,34.1,32.7
2022-05-19,35.5,43.5,27.1,0.0,29,23.4,18.3,2022,5,139,Spring,35.457142857142856,33.593333333333334,24.670958904109593,0.05714285714285715,0.023333333333333334,34.8,35.1,34.1
2022-05-20,36.8,45.2,28.2,0.0,22,23.1,27.8,2022,5,140,Spring,35.71428571428571,33.690000000000005,24.705479452054796,0.05714285714285715,0.023333333333333334,35.5,35.0,33.9
2022-05-21,35.1,40.6,29.4,0.0,28,19.58,23.5,2022,5,141,Spring,35.6,33.81,24.73013698630137,0.05714285714285715,0.023333333333333334,36.8,35.9,31.5
2022-05-22,33.4,40.0,25.8,0.0,33,22.67,25.8,2022,5,142,Spring,34.98571428571428,33.89333333333333,24.743561643835616,0.05714285714285715,0.023333333333333334,35.1,37.7,30.9
2022-05-23,26.2,31.5,22.0,25.5,65,16.99,34.3,2022,5,143,Spring,33.52857142857143,33.71333333333334,24.737534246575343,3.6999999999999997,0.8733333333333333,33.4,36.4,31.6
2022-05-24,26.9,33.1,21.5,0.0,64,22.04,21.0,2022,5,144,Spring,32.67142857142857,33.54,24.732328767123292,3.642857142857143,0.8733333333333333,26.2,32.9,32.1
2022-05-25,28.1,33.3,23.1,0.0,60,22.46,9.5,2022,5,145,Spring,31.714285714285715,33.37666666666667,24.726849315068495,3.642857142857143,0.8733333333333333,26.9,34.8,33.0
2022-05-26,29.6,35.5,23.8,0.0,54,23.4,12.7,2022,5,146,Spring,30.87142857142857,33.263333333333335,24.72520547945205,3.642857142857143,0.8733333333333333,28.1,35.5,33.0
2022-05-27,31.4,38.2,25.7,0.0,49,21.65,20.2,2022,5,147,Spring,30.1,33.20333333333333,24.728493150684937,3.642857142857143,0.8733333333333333,29.6,36.8,33.2
2022-05-28,32.9,39.7,27.0,1.2,49,21.6,14.4,2022,5,148,Spring,29.785714285714285,33.13666666666667,24.735342465753423,3.814285714285714,0.9133333333333333,31.4,35.1,34.9
2022-05-29,33.0,40.6,26.3,0.0,48,22.5,20.8,2022,5,149,Spring,29.72857142857143,33.04333333333334,24.74054794520548,3.814285714285714,0.9133333333333333,32.9,33.4,35.8
2022-05-30,32.8,40.7,27.6,0.2,47,21.67,32.0,2022,5,150,Spring,30.67142857142857,32.946666666666665,24.74739726027397,0.19999999999999998,0.9199999999999999,33.0,26.2,35.7
2022-05-31,32.7,39.7,25.6,0.0,40,22.08,19.1,2022,5,151,Spring,31.5,32.93666666666667,24.75041095890411,0.19999999999999998,0.9199999999999999,32.8,26.9,33.0
2022-06-01,33.6,40.5,25.4,0.0,34,22.28,19.5,2022,6,152,Summer,32.285714285714285,32.97,24.763013698630136,0.19999999999999998,0.9199999999999999,32.7,28.1,32.6
2022-06-02,34.1,41.5,28.4,0.0,27,21.56,22.7,2022,6,153,Summer,32.92857142857143,33.013333333333335,24.776164383561643,0.19999999999999998,0.9166666666666665,33.6,29.6,32.8
2022-06-03,34.9,42.5,27.2,0.0,22,24.32,18.0,2022,6,154,Summer,33.42857142857143,33.14333333333334,24.788767123287677,0.19999999999999998,0.9099999999999999,34.1,31.4,31.0
2022-06-04,35.5,43.4,26.9,0.0,20,23.68,16.9,2022,6,155,Summer,33.800000000000004,33.306666666666665,24.802739726027397,0.028571428571428574,0.9099999999999999,34.9,32.9,30.6
2022-06-05,35.8,42.9,28.8,0.0,19,21.45,20.8,2022,6,156,Summer,34.2,33.42333333333333,24.81616438356164,0.028571428571428574,0.9099999999999999,35.5,33.0,32.3
2022-06-06,35.4,42.4,28.4,0.0,18,24.52,17.4,2022,6,157,Summer,34.57142857142857,33.51,24.825753424657535,0.0,0.9099999999999999,35.8,32.8,32.8
2022-06-07,36.4,43.3,29.6,0.0,21,23.13,24.8,2022,6,158,Summer,35.1,33.62333333333333,24.8358904109589,0.0,0.9099999999999999,35.4,32.7,33.0
2022-06-08,36.8,42.6,31.8,0.0,19,23.59,26.0,2022,6,159,Summer,35.55714285714286,33.74,24.840821917808217,0.0,0.9099999999999999,36.4,33.6,33.3
2022-06-09,36.7,42.9,30.7,0.0,22,20.64,22.0,2022,6,160,Summer,35.92857142857143,33.85,24.842739726027393,0.0,0.9099999999999999,36.8,34.1,33.4
2022-06-10,36.9,42.1,30.5,0.0,22,22.2,24.8,2022,6,161,Summer,36.214285714285715,33.943333333333335,24.853424657534248,0.0,0.9099999999999999,36.7,34.9,34.1
2022-06-11,37.2,43.3,31.2,0.0,20,23.1,26.7,2022,6,162,Summer,36.457142857142856,34.013333333333335,24.867397260273975,0.0,0.9099999999999999,36.9,35.5,35.1
2022-06-12,36.6,42.7,30.0,0.0,23,21.72,22.0,2022,6,163,Summer,36.57142857142857,34.06666666666667,24.87890410958904,0.0,0.9099999999999999,37.2,35.8,35.0
2022-06-13,37.3,43.1,31.7,0.0,26,21.32,26.1,2022,6,164,Summer,36.84285714285714,34.11333333333333,24.89698630136986,0.0,0.9099999999999999,36.6,35.4,35.9
2022-06-14,34.7,38.5,31.0,0.0,39,16.85,28.0,2022,6,165,Summer,36.6,34.013333333333335,24.906301369863012,0.0,0.9099999999999999,37.3,36.4,37.7
2022-06-15,35.7,41.9,29.4,0.0,40,22.39,25.6,2022,6,166,Summer,36.44285714285714,33.99,24.920273972602743,0.0,0.9099999999999999,34.7,36.8,36.4
2022-06-16,34.2,39.0,30.6,0.7,44,19.79,22.9,2022,6,167,Summer,36.08571428571428,34.03333333333333,24.933424657534243,0.09999999999999999,0.92,35.7,36.7,32.9
2022-06-17,29.9,36.5,23.8,11.6,64,20.16,15.7,2022,6,168,Summer,35.08571428571428,33.87,24.9331506849315,1.757142857142857,1.3066666666666669,34.2,36.9,34.8
2022-06-18,29.7,34.5,24.9,0.9,65,19.7,24.6,2022,6,169,Summer,34.01428571428571,33.67666666666666,24.934246575342467,1.8857142857142857,1.3366666666666667,29.9,37.2,35.5
2022-06-19,26.6,32.0,23.7,9.9,82,13.78,15.8,2022,6,170,Summer,32.58571428571429,33.336666666666666,24.929315068493153,3.3000000000000003,1.6666666666666667,29.7,36.6,36.8
2022-06-20,27.5,32.6,22.7,0.1,73,18.04,10.1,2022,6,171,Summer,31.185714285714287,33.083333333333336,24.925479452054798,3.314285714285714,1.6700000000000002,26.6,37.3,35.1
2022-06-21,27.9,32.1,24.3,9.3,72,19.96,11.2,2022,6,172,Summer,30.214285714285715,32.9,24.91780821917808,4.642857142857143,1.98,27.5,34.7,33.4
2022-06-22,29.5,34.5,24.1,13.0,65,21.42,12.3,2022,6,173,Summer,29.328571428571426,33.01,24.90684931506849,6.5,1.5633333333333332,27.9,35.7,26.2
2022-06-23,31.1,36.7,26.3,0.0,52,23.69,21.0,2022,6,174,Summer,28.88571428571429,33.15,24.897808219178085,6.3999999999999995,1.5633333333333332,29.5,34.2,26.9
2022-06-24,30.9,37.4,24.3,0.0,45,24.67,17.6,2022,6,175,Summer,29.02857142857143,33.24333333333333,24.893424657534247,4.742857142857143,1.5633333333333332,31.1,29.9,28.1
2022-06-25,32.5,38.3,24.9,0.0,40,24.23,13.1,2022,6,176,Summer,29.428571428571427,33.34,24.893424657534247,4.614285714285715,1.5633333333333332,30.9,29.7,29.6
2022-06-26,33.6,39.2,28.6,0.0,51,22.62,20.9,2022,6,177,Summer,30.428571428571427,33.413333333333334,24.897808219178085,3.1999999999999997,1.5633333333333332,32.5,26.6,31.4
2022-06-27,34.3,38.7,30.3,0.0,54,21.88,20.2,2022,6,178,Summer,31.4,33.46,24.90027397260274,3.185714285714286,1.5233333333333332,33.6,27.5,32.9
2022-06-28,34.2,41.0,28.1,0.9,56,21.47,16.3,2022,6,179,Summer,32.300000000000004,33.5,24.9,1.9857142857142858,1.5533333333333332,34.3,27.9,33.0
2022-06-29,33.9,41.9,29.3,0.0,58,20.17,23.1,2022,6,180,Summer,32.92857142857143,33.53666666666667,24.893972602739723,0.1285714285714286,1.5466666666666666,34.2,29.5,32.8
2022-06-30,28.6,31.3,26.4,1.4,79,10.62,22.4,2022,6,181,Summer,32.57142857142857,33.4,24.87123287671233,0.32857142857142857,1.5933333333333335,33.9,31.1,32.7
2022-07-01,28.1,32.0,24.8,1.0,81,14.8,9.7,2022,7,182,Summer,32.17142857142857,33.21666666666667,24.846849315068493,0.4714285714285714,1.6266666666666667,28.6,30.9,33.6
2022-07-02,29.9,35.0,26.1,2.3,74,21.57,14.3,2022,7,183,Summer,31.8,33.07666666666667,24.83150684931507,0.7999999999999999,1.7033333333333334,28.1,32.5,34.1
2022-07-03,29.2,34.4,25.4,4.5,81,17.09,15.1,2022,7,184,Summer,31.17142857142857,32.88666666666666,24.820273972602738,1.4428571428571428,1.8533333333333333,29.9,33.6,34.9
2022-07-04,30.7,35.2,25.9,15.5,75,21.67,9.4,2022,7,185,Summer,30.657142857142862,32.72666666666667,24.81068493150685,3.6571428571428575,2.3699999999999997,29.2,34.3,35.5
2022-07-05,32.0,36.4,27.0,0.2,70,19.93,15.5,2022,7,186,Summer,30.342857142857138,32.6,24.80328767123288,3.5571428571428574,2.3766666666666665,30.7,34.2,35.8
2022-07-06,30.8,35.8,28.6,4.0,75,15.32,19.8,2022,7,187,Summer,29.900000000000002,32.446666666666665,24.79123287671233,4.128571428571429,2.51,32.0,33.9,35.4
2022-07-07,31.5,35.5,27.4,0.5,70,20.91,15.3,2022,7,188,Summer,30.314285714285713,32.28333333333333,24.778356164383556,4.0,2.5266666666666664,30.8,28.6,36.4
2022-07-08,32.6,36.9,29.0,0.1,63,22.48,15.9,2022,7,189,Summer,30.957142857142856,32.14333333333333,24.769041095890408,3.871428571428571,2.5300000000000002,31.5,28.1,36.8
2022-07-09,31.0,34.1,28.6,1.2,69,15.73,18.2,2022,7,190,Summer,31.114285714285717,31.953333333333333,24.763013698630136,3.7142857142857144,2.5700000000000003,32.6,29.9,36.7
2022-07-10,29.5,33.2,27.2,7.5,77,16.3,10.7,2022,7,191,Summer,31.157142857142862,31.706666666666667,24.75178082191781,4.142857142857143,2.82,31.0,29.2,36.9
2022-07-11,31.2,35.0,26.9,0.1,71,21.2,8.2,2022,7,192,Summer,31.22857142857143,31.506666666666668,24.74931506849315,1.9428571428571428,2.8233333333333333,29.5,30.7,37.2
2022-07-12,31.2,35.0,28.3,2.7,71,17.45,12.6,2022,7,193,Summer,31.114285714285717,31.326666666666664,24.751232876712326,2.3000000000000003,2.9133333333333336,31.2,32.0,36.6
2022-07-13,30.9,35.4,27.8,0.2,74,20.38,13.4,2022,7,194,Summer,31.12857142857143,31.113333333333337,24.753698630136988,1.7571428571428573,2.9200000000000004,31.2,30.8,37.3
2022-07-14,29.9,34.7,28.1,10.6,77,17.28,17.9,2022,7,195,Summer,30.900000000000002,30.953333333333333,24.755342465753426,3.1999999999999997,3.2733333333333334,30.9,31.5,34.7
2022-07-15,31.4,36.4,28.9,2.6,68,19.79,18.5,2022,7,196,Summer,30.728571428571424,30.81,24.7572602739726,3.557142857142857,3.36,29.9,32.6,35.7
2022-07-16,29.6,33.6,27.9,20.5,75,15.02,13.0,2022,7,197,Summer,30.52857142857143,30.65666666666667,24.753424657534246,6.314285714285715,4.02,31.4,31.0,34.2
2022-07-17,29.6,34.2,25.7,10.3,80,18.66,16.8,2022,7,198,Summer,30.54285714285714,30.64666666666667,24.74493150684932,6.714285714285714,3.976666666666667,29.6,29.5,29.9
2022-07-18,30.9,35.5,25.9,3.2,76,22.04,10.2,2022,7,199,Summer,30.5,30.686666666666667,24.746849315068495,7.1571428571428575,4.053333333333333,29.6,31.2,29.7
2022-07-19,31.0,35.3,27.4,1.7,75,20.4,18.5,2022,7,200,Summer,30.47142857142857,30.833333333333332,24.759726027397264,7.014285714285714,3.78,30.9,31.2,26.6
2022-07-20,28.9,33.4,26.6,26.9,83,16.44,16.7,2022,7,201,Summer,30.185714285714287,30.88,24.762739726027398,10.828571428571427,4.673333333333333,31.0,30.9,27.5
2022-07-21,27.8,30.7,24.6,16.5,84,16.89,10.4,2022,7,202,Summer,29.885714285714283,30.876666666666665,24.759999999999998,11.671428571428573,4.913333333333332,28.9,29.9,27.9
2022-07-22,27.8,31.3,25.1,5.0,86,16.2,10.2,2022,7,203,Summer,29.371428571428574,30.82,24.759452054794522,12.014285714285714,4.646666666666666,27.8,31.4,29.5
2022-07-23,27.7,30.9,25.0,15.4,85,11.9,21.1,2022,7,204,Summer,29.099999999999998,30.706666666666663,24.756164383561643,11.285714285714286,5.159999999999999,27.8,29.6,31.1
2022-07-24,28.9,33.3,25.7,7.8,81,20.08,23.0,2022,7,205,Summer,29.0,30.64,24.75260273972603,10.928571428571429,5.42,27.7,29.6,30.9
2022-07-25,28.7,32.5,25.8,9.9,79,20.22,24.7,2022,7,206,Summer,28.685714285714283,30.513333333333332,24.746575342465754,11.885714285714284,5.75,28.9,30.9,32.5
2022-07-26,28.2,31.5,25.3,2.8,79,17.5,18.9,2022,7,207,Summer,28.285714285714285,30.333333333333332,24.744383561643836,12.042857142857143,5.843333333333333,28.7,31.0,33.6
2022-07-27,28.3,32.1,25.3,4.9,81,17.09,16.6,2022,7,208,Summer,28.2,30.133333333333333,24.744657534246574,8.9,6.006666666666666,28.2,28.9,34.3
2022-07-28,27.6,31.7,25.0,21.8,86,15.62,11.4,2022,7,209,Summer,28.17142857142857,29.913333333333334,24.74602739726027,9.657142857142857,6.703333333333334,28.3,27.8,34.2
2022-07-29,27.3,30.2,24.7,16.9,87,14.62,14.3,2022,7,210,Summer,28.099999999999998,29.69333333333333,24.745753424657533,11.357142857142858,7.266666666666667,27.6,27.8,33.9
2022-07-30,27.7,31.3,25.4,4.9,86,13.98,10.7,2022,7,211,Summer,28.099999999999998,29.663333333333334,24.746849315068495,9.857142857142858,7.383333333333334,27.3,27.7,28.6
2022-07-31,28.4,32.9,25.5,1.0,81,20.84,10.5,2022,7,212,Summer,28.02857142857143,29.673333333333332,24.74739726027397,8.885714285714284,7.383333333333334,27.7,28.9,28.1
2022-08-01,27.8,31.5,25.2,10.0,84,17.56,12.2,2022,8,213,Summer,27.900000000000002,29.603333333333335,24.743835616438357,8.9,7.64,28.4,28.7,29.9
2022-08-02,29.3,33.4,25.8,0.3,78,22.0,12.9,2022,8,214,Summer,28.057142857142853,29.60666666666667,24.74821917808219,8.542857142857143,7.5,27.8,28.2,29.2
2022-08-03,29.1,32.9,26.5,0.6,80,18.33,12.0,2022,8,215,Summer,28.171428571428574,29.553333333333335,24.74958904109589,7.928571428571428,7.003333333333333,29.3,28.3,30.7
2022-08-04,28.1,31.5,26.4,1.7,85,14.03,14.0,2022,8,216,Summer,28.242857142857144,29.423333333333336,24.747945205479454,5.057142857142857,7.053333333333333,29.1,27.6,32.0
2022-08-05,27.6,31.0,24.6,5.7,86,14.0,13.2,2022,8,217,Summer,28.285714285714285,29.316666666666666,24.743835616438357,3.457142857142857,7.11,28.1,27.3,30.8
2022-08-06,28.7,32.4,25.6,1.9,83,20.57,6.3,2022,8,218,Summer,28.428571428571434,29.223333333333336,24.74109589041096,3.0285714285714285,7.156666666666666,27.6,27.7,31.5
2022-08-07,27.7,30.7,25.2,18.6,85,13.49,13.8,2022,8,219,Summer,28.32857142857143,29.060000000000002,24.738082191780826,5.542857142857144,7.773333333333334,28.7,28.4,32.6
2022-08-08,29.0,33.3,24.8,0.2,80,21.52,7.9,2022,8,220,Summer,28.5,28.993333333333336,24.740000000000002,4.142857142857143,7.739999999999999,27.7,27.8,31.0
2022-08-09,30.3,33.5,27.4,0.4,77,20.44,17.2,2022,8,221,Summer,28.642857142857142,29.02,24.745753424657536,4.1571428571428575,7.503333333333333,29.0,29.3,29.5
2022-08-10,30.9,34.5,27.6,0.4,72,21.96,18.5,2022,8,222,Summer,28.9,29.009999999999998,24.74849315068493,4.128571428571429,7.513333333333334,30.3,29.1,31.2
2022-08-11,27.8,28.7,26.6,3.8,82,9.17,25.5,2022,8,223,Summer,28.857142857142858,28.89666666666667,24.74109589041096,4.428571428571429,7.55,30.9,28.1,31.2
2022-08-12,29.3,33.7,25.2,0.2,72,22.0,26.8,2022,8,224,Summer,29.1,28.84333333333333,24.738630136986302,3.6428571428571432,7.55,27.8,27.6,30.9
2022-08-13,29.4,33.2,26.3,0.8,75,21.07,20.9,2022,8,225,Summer,29.199999999999996,28.826666666666664,24.735342465753423,3.485714285714286,7.223333333333333,29.3,28.7,29.9
2022-08-14,27.9,32.7,26.2,5.5,85,14.81,17.3,2022,8,226,Summer,29.228571428571428,28.709999999999997,24.72794520547945,1.6142857142857143,7.319999999999999,29.4,27.7,31.4
2022-08-15,27.9,31.0,25.6,1.6,82,16.23,18.4,2022,8,227,Summer,29.071428571428573,28.653333333333332,24.72109589041096,1.8142857142857145,6.69,27.9,29.0,29.6
2022-08-16,27.4,30.3,25.4,8.4,79,10.41,32.4,2022,8,228,Summer,28.657142857142855,28.58,24.712876712328768,2.9571428571428577,6.626666666666666,27.9,30.3,29.6
2022-08-17,28.3,32.0,25.2,0.3,75,21.1,23.2,2022,8,229,Summer,28.285714285714285,28.493333333333332,24.704931506849313,2.9428571428571426,6.53,27.4,30.9,30.9
2022-08-18,29.2,33.4,25.5,0.8,73,21.38,13.5,2022,8,230,Summer,28.485714285714288,28.433333333333334,24.699452054794524,2.5142857142857147,6.5,28.3,27.8,31.0
2022-08-19,29.9,34.0,26.6,0.5,71,21.48,18.4,2022,8,231,Summer,28.571428571428566,28.466666666666665,24.69698630136986,2.5571428571428574,5.620000000000001,29.2,29.3,28.9
2022-08-20,27.8,30.6,24.6,6.8,81,11.62,12.4,2022,8,232,Summer,28.342857142857145,28.466666666666665,24.69698630136986,3.4142857142857146,5.296666666666667,29.9,29.4,27.8
2022-08-21,29.4,33.5,25.6,0.3,76,20.16,10.5,2022,8,233,Summer,28.557142857142857,28.52,24.704383561643837,2.6714285714285717,5.140000000000001,27.8,27.9,27.8
2022-08-22,29.2,32.9,25.8,6.5,77,14.73,16.2,2022,8,234,Summer,28.74285714285714,28.57,24.708767123287668,3.3714285714285714,4.843333333333334,29.4,27.9,27.7
2022-08-23,29.3,33.1,25.9,1.2,71,20.73,32.7,2022,8,235,Summer,29.014285714285712,28.583333333333332,24.71095890410959,2.3428571428571425,4.623333333333333,29.2,27.4,28.9
2022-08-24,28.3,32.3,25.8,0.7,76,18.77,19.2,2022,8,236,Summer,29.014285714285712,28.57,24.70904109589041,2.4,4.316666666666667,29.3,28.3,28.7
2022-08-25,29.1,33.6,25.1,0.5,73,21.14,7.0,2022,8,237,Summer,29.0,28.6,24.705479452054796,2.357142857142857,4.24,28.3,29.2,28.2
2022-08-26,30.2,34.8,26.5,0.5,65,19.45,16.0,2022,8,238,Summer,29.042857142857144,28.663333333333334,24.706849315068492,2.357142857142857,4.093333333333333,29.1,29.9,28.3
2022-08-27,30.6,35.0,27.6,1.2,61,20.61,21.1,2022,8,239,Summer,29.442857142857143,28.763333333333332,24.70958904109589,1.5571428571428572,3.4066666666666667,30.2,27.8,27.6
2022-08-28,31.0,35.5,27.5,0.1,55,21.15,21.5,2022,8,240,Summer,29.67142857142857,28.886666666666667,24.713972602739727,1.5285714285714285,2.8466666666666667,30.6,29.4,27.3
2022-08-29,30.1,34.8,27.2,0.6,61,20.73,14.1,2022,8,241,Summer,29.800000000000004,28.966666666666665,24.718082191780823,0.6857142857142857,2.7033333333333336,31.0,29.2,27.7
2022-08-30,30.5,36.8,26.3,0.0,68,20.98,11.3,2022,8,242,Summer,29.97142857142857,29.03666666666667,24.726575342465754,0.5142857142857142,2.6700000000000004,30.1,29.3,28.4
2022-08-31,31.4,36.8,27.7,0.2,61,18.73,19.8,2022,8,243,Summer,30.414285714285715,29.156666666666663,24.738630136986302,0.4428571428571429,2.3433333333333337,30.5,28.3,27.8
2022-09-01,31.8,36.8,27.8,0.5,60,19.73,14.5,2022,9,244,Autumn,30.8,29.240000000000002,24.753424657534246,0.4428571428571429,2.3500000000000005,31.4,29.1,29.3
2022-09-02,31.9,36.7,27.4,0.0,58,20.31,13.1,2022,9,245,Autumn,31.042857142857144,29.333333333333332,24.764657534246577,0.37142857142857144,2.33,31.8,30.2,29.1
2022-09-03,32.0,37.7,27.5,0.0,52,20.95,22.2,2022,9,246,Autumn,31.242857142857144,29.46333333333333,24.778082191780822,0.19999999999999998,2.2733333333333334,31.9,30.6,28.1
2022-09-04,32.1,36.9,27.7,0.0,51,22.2,21.0,2022,9,247,Autumn,31.400000000000002,29.613333333333337,24.791232876712332,0.1857142857142857,2.0833333333333335,32.0,31.0,27.6
2022-09-05,31.4,36.2,27.0,0.0,53,21.99,15.8,2022,9,248,Autumn,31.585714285714285,29.703333333333333,24.8,0.09999999999999999,2.02,32.1,30.1,28.7
2022-09-06,31.7,37.4,27.1,0.0,52,21.0,11.9,2022,9,249,Autumn,31.75714285714286,29.836666666666662,24.80739726027397,0.09999999999999999,1.4,31.4,30.5,27.7
2022-09-07,32.0,37.3,27.2,0.0,53,21.28,14.6,2022,9,250,Autumn,31.842857142857145,29.936666666666664,24.81835616438356,0.07142857142857142,1.3933333333333333,31.7,31.4,29.0
2022-09-08,31.8,36.6,26.6,0.0,53,21.17,12.9,2022,9,251,Autumn,31.842857142857145,29.986666666666668,24.828767123287673,0.0,1.38,32.0,31.8,30.3
2022-09-09,31.5,35.0,27.7,0.2,63,19.88,12.1,2022,9,252,Autumn,31.785714285714285,30.006666666666668,24.839178082191783,0.028571428571428574,1.3733333333333335,31.8,31.9,30.9
2022-09-10,30.2,34.3,24.8,3.1,69,19.53,16.2,2022,9,253,Autumn,31.52857142857143,30.086666666666662,24.848493150684927,0.4714285714285715,1.35,31.5,32.0,27.8
2022-09-11,29.7,33.6,24.5,3.7,68,20.16,15.0,2022,9,254,Autumn,31.185714285714283,30.1,24.85890410958904,1.0,1.4666666666666666,30.2,32.1,29.3
2022-09-12,30.2,35.1,26.9,1.0,64,17.41,16.6,2022,9,255,Autumn,31.014285714285712,30.12666666666667,24.869041095890413,1.1428571428571428,1.4733333333333334,29.7,31.4,29.4
2022-09-13,29.5,34.3,25.2,1.6,67,19.54,28.8,2022,9,256,Autumn,30.7,30.180000000000003,24.874246575342468,1.3714285714285717,1.3433333333333335,30.2,31.7,27.9
2022-09-14,27.5,30.5,25.2,6.1,77,12.27,30.2,2022,9,257,Autumn,30.057142857142857,30.166666666666668,24.87315068493151,2.242857142857143,1.4933333333333334,29.5,32.0,27.9
2022-09-15,26.1,30.1,24.2,9.2,86,13.45,23.2,2022,9,258,Autumn,29.24285714285714,30.12333333333333,24.866849315068492,3.557142857142857,1.52,27.5,31.8,27.4
2022-09-16,26.2,30.9,23.4,13.4,84,15.43,15.1,2022,9,259,Autumn,28.485714285714284,30.053333333333335,24.86219178082192,5.442857142857143,1.9566666666666668,26.1,31.5,28.3
2022-09-17,27.4,33.5,23.6,0.8,78,19.38,14.5,2022,9,260,Autumn,28.085714285714285,29.993333333333332,24.863835616438354,5.114285714285714,1.9566666666666668,26.2,30.2,29.2
2022-09-18,28.0,33.2,23.3,0.4,79,19.74,12.1,2022,9,261,Autumn,27.842857142857145,29.93,24.865479452054792,4.6428571428571415,1.9533333333333334,27.4,29.7,29.9
2022-09-19,28.5,33.5,24.7,0.0,75,19.14,13.0,2022,9,262,Autumn,27.599999999999998,29.953333333333333,24.86657534246575,4.5,1.7266666666666666,28.0,30.2,27.8
2022-09-20,27.2,32.0,23.9,2.4,84,17.19,9.3,2022,9,263,Autumn,27.27142857142857,29.88,24.86356164383562,4.614285714285714,1.7966666666666666,28.5,29.5,29.4
2022-09-21,27.4,31.5,24.5,1.7,84,14.99,10.5,2022,9,264,Autumn,27.257142857142856,29.82,24.86191780821918,3.9857142857142853,1.6366666666666667,27.2,27.5,29.2
2022-09-22,25.0,26.8,23.6,33.9,92,7.06,17.7,2022,9,265,Autumn,27.099999999999998,29.676666666666666,24.858082191780824,7.514285714285713,2.7266666666666666,27.4,26.1,29.3
2022-09-23,24.7,28.1,23.5,48.2,94,6.42,17.7,2022,9,266,Autumn,26.88571428571429,29.55666666666667,24.85287671232877,12.485714285714286,4.3100000000000005,25.0,26.2,28.3
2022-09-24,24.6,27.0,23.4,41.5,94,5.86,22.8,2022,9,267,Autumn,26.485714285714288,29.406666666666663,24.846301369863014,18.300000000000004,5.676666666666667,24.7,27.4,29.1
2022-09-25,26.3,30.8,23.6,0.9,84,18.84,16.0,2022,9,268,Autumn,26.24285714285714,29.276666666666667,24.843835616438355,18.37142857142857,5.6899999999999995,24.6,28.0,30.2
2022-09-26,26.7,31.0,22.6,0.1,83,18.23,14.8,2022,9,269,Autumn,25.985714285714288,29.146666666666665,24.843561643835617,18.38571428571429,5.653333333333334,26.3,28.5,30.6
2022-09-27,26.6,31.4,22.6,0.0,79,19.36,13.5,2022,9,270,Autumn,25.9,29.0,24.83945205479452,18.04285714285714,5.650000000000001,26.7,27.2,31.0
2022-09-28,27.2,32.1,22.9,0.2,76,19.33,10.5,2022,9,271,Autumn,25.871428571428574,28.903333333333332,24.836986301369862,17.82857142857143,5.636666666666667,26.6,27.4,30.1
2022-09-29,27.1,31.7,22.8,0.0,76,19.17,14.8,2022,9,272,Autumn,26.171428571428574,28.790000000000003,24.83397260273973,12.985714285714286,5.636666666666667,27.2,25.0,30.5
2022-09-30,27.3,31.9,23.0,0.0,76,18.99,14.3,2022,9,273,Autumn,26.54285714285714,28.653333333333332,24.83150684931507,6.1000000000000005,5.63,27.1,24.7,31.4
2022-10-01,28.0,32.6,23.2,0.0,72,18.81,12.0,2022,10,274,Autumn,27.02857142857143,28.526666666666664,24.829863013698628,0.17142857142857143,5.613333333333333,27.3,24.6,31.8
2022-10-02,28.0,33.1,22.8,0.0,66,18.84,13.4,2022,10,275,Autumn,27.27142857142857,28.396666666666665,24.827397260273973,0.042857142857142864,5.613333333333333,28.0,26.3,31.9
2022-10-03,27.7,33.2,23.1,0.0,61,19.29,22.9,2022,10,276,Autumn,27.414285714285715,28.253333333333334,24.823561643835617,0.028571428571428574,5.613333333333333,28.0,26.7,32.0
2022-10-04,27.7,32.7,23.1,0.0,67,18.45,15.1,2022,10,277,Autumn,27.571428571428573,28.106666666666666,24.820273972602738,0.028571428571428574,5.613333333333333,27.7,26.6,32.1
2022-10-05,27.1,31.7,22.9,0.1,77,16.56,14.6,2022,10,278,Autumn,27.557142857142857,27.96333333333333,24.816712328767125,0.014285714285714287,5.616666666666666,27.7,27.2,31.4
2022-10-06,26.4,30.7,23.1,0.0,75,16.06,13.4,2022,10,279,Autumn,27.457142857142856,27.78666666666667,24.811232876712328,0.014285714285714287,5.616666666666666,27.1,27.1,31.7
2022-10-07,24.5,26.2,23.0,1.1,82,5.32,14.8,2022,10,280,Autumn,27.057142857142857,27.53666666666667,24.803561643835614,0.17142857142857146,5.653333333333333,26.4,27.3,32.0
2022-10-08,22.5,23.6,21.5,37.2,95,3.08,16.2,2022,10,281,Autumn,26.271428571428572,27.226666666666667,24.78876712328767,5.485714285714287,6.8933333333333335,24.5,28.0,31.8
2022-10-09,22.6,25.9,21.0,47.1,93,6.59,18.1,2022,10,282,Autumn,25.5,26.93,24.77260273972603,12.214285714285714,8.456666666666667,22.5,28.0,31.5
2022-10-10,23.4,27.7,21.3,1.6,88,12.33,14.9,2022,10,283,Autumn,24.885714285714283,26.703333333333333,24.75917808219178,12.442857142857145,8.406666666666666,22.6,27.7,30.2
2022-10-11,23.4,26.6,20.9,2.7,87,10.78,9.4,2022,10,284,Autumn,24.271428571428572,26.493333333333332,24.746575342465754,12.828571428571431,8.373333333333333,23.4,27.7,29.7
2022-10-12,23.8,28.3,20.0,0.0,83,16.13,10.7,2022,10,285,Autumn,23.800000000000004,26.279999999999998,24.735342465753423,12.814285714285717,8.34,23.4,27.1,30.2
2022-10-13,23.8,29.0,19.0,0.0,72,17.58,14.1,2022,10,286,Autumn,23.428571428571427,26.089999999999996,24.72821917808219,12.814285714285717,8.286666666666667,23.8,26.4,29.5
2022-10-14,23.7,29.4,19.0,0.0,68,18.01,14.8,2022,10,287,Autumn,23.314285714285713,25.96333333333333,24.7241095890411,12.657142857142858,8.083333333333334,23.8,24.5,27.5
2022-10-15,23.9,29.6,18.7,0.0,69,17.97,12.3,2022,10,288,Autumn,23.514285714285712,25.89,24.71890410958904,7.3428571428571425,7.776666666666667,23.7,22.5,26.1
2022-10-16,24.1,29.9,18.2,0.0,69,17.54,9.9,2022,10,289,Autumn,23.72857142857143,25.82,24.71095890410959,0.6142857142857144,7.33,23.9,22.6,26.2
2022-10-17,24.2,30.3,18.3,0.0,63,17.41,10.8,2022,10,290,Autumn,23.842857142857145,25.71333333333333,24.704931506849313,0.38571428571428573,7.303333333333334,24.1,23.4,27.4
2022-10-18,24.3,30.4,18.3,0.0,60,17.45,10.8,2022,10,291,Autumn,23.97142857142857,25.59,24.71013698630137,0.0,7.290000000000001,24.2,23.4,28.0
2022-10-19,23.7,30.1,18.7,0.0,66,17.2,12.1,2022,10,292,Autumn,23.957142857142856,25.43,24.709863013698627,0.0,7.290000000000001,24.3,23.8,28.5
2022-10-20,23.5,30.3,18.6,1.1,64,16.79,11.2,2022,10,293,Autumn,23.914285714285715,25.306666666666665,24.707397260273968,0.15714285714285717,7.246666666666667,23.7,23.8,27.2
2022-10-21,24.0,29.9,17.2,0.0,65,16.91,9.7,2022,10,294,Autumn,23.957142857142856,25.19333333333333,24.70931506849315,0.15714285714285717,7.19,23.5,23.7,27.4
2022-10-22,22.8,29.0,18.1,0.0,67,16.8,11.8,2022,10,295,Autumn,23.800000000000004,25.12,24.706301369863017,0.15714285714285717,6.0600000000000005,24.0,23.9,25.0
2022-10-23,22.0,28.5,16.0,0.0,63,16.91,8.7,2022,10,296,Autumn,23.5,25.029999999999998,24.701095890410958,0.15714285714285717,4.453333333333334,22.8,24.1,24.7
2022-10-24,22.2,29.4,16.6,0.0,61,16.81,13.0,2022,10,297,Autumn,23.214285714285715,24.95,24.69945205479452,0.15714285714285717,3.0700000000000003,22.0,24.2,24.6
2022-10-25,22.1,29.2,16.2,0.0,56,16.86,18.7,2022,10,298,Autumn,22.9,24.81,24.699726027397258,0.15714285714285717,3.04,22.2,24.3,26.3
2022-10-26,23.1,29.8,16.9,0.0,62,16.36,9.1,2022,10,299,Autumn,22.814285714285713,24.69,24.705753424657534,0.15714285714285717,3.036666666666667,22.1,23.7,26.7
2022-10-27,24.0,30.0,16.9,0.0,61,16.18,9.4,2022,10,300,Autumn,22.885714285714283,24.603333333333335,24.714246575342468,0.0,3.036666666666667,23.1,23.5,26.6
2022-10-28,23.2,29.9,17.0,0.0,65,15.83,9.6,2022,10,301,Autumn,22.771428571428572,24.470000000000002,24.721369863013702,0.0,3.0300000000000002,24.0,24.0,27.2
2022-10-29,23.4,29.3,17.3,0.0,63,15.93,8.3,2022,10,302,Autumn,22.857142857142858,24.346666666666668,24.727945205479454,0.0,3.0300000000000002,23.2,22.8,27.1
2022-10-30,23.0,29.5,16.7,0.0,63,15.69,11.2,2022,10,303,Autumn,23.0,24.203333333333333,24.732328767123292,0.0,3.0300000000000002,23.4,22.0,27.3
2022-10-31,23.2,29.2,16.2,0.0,63,15.47,8.4,2022,10,304,Autumn,23.142857142857142,24.043333333333333,24.73506849315068,0.0,3.0300000000000002,23.0,22.2,28.0
2022-11-01,23.4,30.1,17.3,0.0,68,15.17,10.3,2022,11,305,Autumn,23.32857142857143,23.89,24.738630136986302,0.0,3.0300000000000002,23.2,22.1,28.0
2022-11-02,23.1,29.2,17.7,0.0,70,15.36,13.9,2022,11,306,Autumn,23.32857142857143,23.736666666666665,24.743013698630133,0.0,3.0300000000000002,23.4,23.1,27.7
2022-11-03,23.4,30.4,18.0,0.0,66,14.94,13.9,2022,11,307,Autumn,23.242857142857144,23.593333333333337,24.747671232876716,0.0,3.0300000000000002,23.1,24.0,27.7
2022-11-04,24.8,30.6,20.7,0.0,65,14.67,8.7,2022,11,308,Autumn,23.471428571428568,23.516666666666666,24.757534246575343,0.0,3.026666666666667,23.4,23.2,27.1
2022-11-05,23.9,29.9,19.5,0.0,77,14.42,13.2,2022,11,309,Autumn,23.54285714285714,23.433333333333334,24.766575342465753,0.0,3.026666666666667,24.8,23.4,26.4
2022-11-06,23.4,29.3,19.0,0.0,78,12.32,9.4,2022,11,310,Autumn,23.6,23.396666666666665,24.773424657534246,0.0,2.99,23.9,23.0,24.5
2022-11-07,23.4,30.4,18.3,0.6,72,13.75,14.3,2022,11,311,Autumn,23.628571428571426,23.426666666666666,24.779452054794522,0.08571428571428572,1.77,23.4,23.2,22.5
2022-11-08,21.8,28.6,17.7,6.9,75,12.28,25.2,2022,11,312,Autumn,23.4,23.4,24.781643835616435,1.0714285714285714,0.43,23.4,23.4,22.6
2022-11-09,22.1,27.0,16.4,0.1,70,13.58,8.2,2022,11,313,Autumn,23.257142857142856,23.35666666666667,24.784931506849315,1.0857142857142856,0.38,21.8,23.1,23.4
2022-11-10,21.1,25.8,17.2,0.0,74,12.78,12.8,2022,11,314,Autumn,22.928571428571427,23.280000000000005,24.786027397260277,1.0857142857142856,0.29,22.1,23.4,23.4
2022-11-11,20.1,26.2,15.5,0.0,64,14.16,18.3,2022,11,315,Autumn,22.25714285714286,23.156666666666663,24.78520547945205,1.0857142857142856,0.29,21.1,24.8,23.8
2022-11-12,20.0,26.2,15.4,0.0,59,14.17,19.7,2022,11,316,Autumn,21.7,23.029999999999998,24.784657534246573,1.0857142857142856,0.29,20.1,23.9,23.8
2022-11-13,19.9,26.5,14.8,0.0,63,13.8,19.2,2022,11,317,Autumn,21.2,22.903333333333332,24.786027397260277,1.0857142857142856,0.29,20.0,23.4,23.7
2022-11-14,20.9,27.5,15.1,0.0,62,13.49,15.3,2022,11,318,Autumn,20.842857142857145,22.803333333333335,24.79232876712329,1.0,0.29,19.9,23.4,23.9
2022-11-15,20.3,26.5,15.3,0.0,66,12.8,11.8,2022,11,319,Autumn,20.62857142857143,22.676666666666666,24.797260273972604,0.014285714285714287,0.29,20.9,21.8,24.1
2022-11-16,19.4,25.1,15.8,0.0,60,13.56,17.0,2022,11,320,Autumn,20.24285714285714,22.516666666666666,24.801369863013697,0.0,0.29,20.3,22.1,24.2
2022-11-17,18.1,24.3,13.4,0.0,61,13.69,21.3,2022,11,321,Autumn,19.814285714285713,22.31,24.802465753424656,0.0,0.29,19.4,21.1,24.3
2022-11-18,17.3,24.2,12.2,0.0,57,13.85,13.1,2022,11,322,Autumn,19.414285714285715,22.09666666666667,24.797534246575342,0.0,0.29,18.1,20.1,23.7
2022-11-19,17.7,24.1,11.6,0.0,59,13.45,10.0,2022,11,323,Autumn,19.085714285714285,21.903333333333332,24.794794520547946,0.0,0.2533333333333333,17.3,20.0,23.5
2022-11-20,17.5,25.0,11.6,0.0,62,13.31,13.2,2022,11,324,Autumn,18.74285714285714,21.686666666666667,24.78986301369863,0.0,0.2533333333333333,17.7,19.9,24.0
2022-11-21,18.0,25.4,12.4,0.0,58,13.46,15.6,2022,11,325,Autumn,18.32857142857143,21.526666666666664,24.787123287671232,0.0,0.2533333333333333,17.5,20.9,22.8
2022-11-22,17.9,25.0,12.6,0.0,55,13.41,14.8,2022,11,326,Autumn,17.985714285714288,21.389999999999997,24.784657534246573,0.0,0.2533333333333333,18.0,20.3,22.0
2022-11-23,17.6,24.9,11.7,0.0,50,13.65,18.3,2022,11,327,Autumn,17.728571428571428,21.236666666666668,24.782739726027394,0.0,0.2533333333333333,17.9,19.4,22.2
2022-11-24,17.2,24.9,12.1,0.0,54,13.47,14.6,2022,11,328,Autumn,17.6,21.073333333333334,24.778904109589043,0.0,0.2533333333333333,17.6,18.1,22.1
2022-11-25,17.3,24.7,11.1,0.0,57,13.17,11.0,2022,11,329,Autumn,17.6,20.88,24.7772602739726,0.0,0.2533333333333333,17.2,17.3,23.1
2022-11-26,17.2,24.8,11.6,0.0,57,13.23,15.1,2022,11,330,Autumn,17.52857142857143,20.653333333333332,24.773972602739725,0.0,0.2533333333333333,17.3,17.7,24.0
2022-11-27,16.9,24.6,11.1,0.0,65,13.18,9.7,2022,11,331,Autumn,17.442857142857143,20.44333333333333,24.768767123287674,0.0,0.2533333333333333,17.2,17.5,23.2
2022-11-28,17.4,24.3,10.0,0.0,63,13.0,9.1,2022,11,332,Autumn,17.357142857142858,20.243333333333332,24.764657534246577,0.0,0.2533333333333333,16.9,18.0,23.4
2022-11-29,16.8,24.0,10.3,0.0,68,12.82,9.2,2022,11,333,Autumn,17.2,20.036666666666665,24.76109589041096,0.0,0.2533333333333333,17.4,17.9,23.0
2022-11-30,16.8,23.8,11.5,0.0,71,12.63,9.4,2022,11,334,Autumn,17.085714285714285,19.823333333333334,24.757808219178084,0.0,0.2533333333333333,16.8,17.6,23.2
2022-12-01,16.5,23.5,11.1,0.0,74,12.74,11.1,2022,12,335,Winter,16.985714285714284,19.59333333333333,24.756164383561643,0.0,0.2533333333333333,16.8,17.2,23.4
2022-12-02,16.7,23.4,11.0,0.0,74,12.45,8.1,2022,12,336,Winter,16.9,19.380000000000003,24.756986301369867,0.0,0.2533333333333333,16.5,17.3,23.1
2022-12-03,17.1,23.7,11.0,0.0,73,12.39,7.6,2022,12,337,Winter,16.885714285714283,19.169999999999998,24.75671232876712,0.0,0.2533333333333333,16.7,17.2,23.4
2022-12-04,16.5,23.5,11.3,0.0,74,12.56,12.0,2022,12,338,Winter,16.82857142857143,18.89333333333333,24.754246575342464,0.0,0.2533333333333333,17.1,16.9,24.8
2022-12-05,15.5,22.3,10.4,0.0,74,12.52,8.3,2022,12,339,Winter,16.557142857142857,18.613333333333333,24.744657534246574,0.0,0.2533333333333333,16.5,17.4,23.9
2022-12-06,16.0,22.6,11.0,0.0,69,12.57,17.6,2022,12,340,Winter,16.442857142857143,18.366666666666667,24.7386301369863,0.0,0.2533333333333333,15.5,16.8,23.4
2022-12-07,16.3,23.0,11.3,0.0,68,12.54,21.2,2022,12,341,Winter,16.371428571428574,18.13,24.737534246575343,0.0,0.23333333333333334,16.0,16.8,23.4
2022-12-08,16.0,22.8,10.9,0.0,73,12.29,15.2,2022,12,342,Winter,16.3,17.936666666666667,24.738904109589043,0.0,0.0033333333333333335,16.3,16.5,21.8
2022-12-09,16.3,23.5,10.7,0.0,76,12.21,12.6,2022,12,343,Winter,16.242857142857144,17.743333333333332,24.742191780821916,0.0,0.0,16.0,16.7,22.1
2022-12-10,16.9,25.0,10.5,0.0,71,12.18,11.2,2022,12,344,Winter,16.214285714285715,17.603333333333335,24.746301369863012,0.0,0.0,16.3,17.1,21.1
2022-12-11,17.3,25.2,11.5,0.0,69,12.32,12.1,2022,12,345,Winter,16.32857142857143,17.509999999999998,24.753698630136988,0.0,0.0,16.9,16.5,20.1
2022-12-12,16.9,24.6,11.5,0.0,62,12.41,13.2,2022,12,346,Winter,16.52857142857143,17.406666666666663,24.76027397260274,0.0,0.0,17.3,15.5,20.0
2022-12-13,16.8,24.4,11.3,0.0,53,12.43,20.4,2022,12,347,Winter,16.642857142857142,17.303333333333335,24.76630136986301,0.0,0.0,16.9,16.0,19.9
2022-12-14,15.7,22.1,11.2,0.0,55,12.58,19.4,2022,12,348,Winter,16.557142857142857,17.13,24.768493150684932,0.0,0.0,16.8,16.3,20.9
2022-12-15,14.6,21.6,9.0,0.0,57,12.44,17.1,2022,12,349,Winter,16.357142857142858,16.94,24.77013698630137,0.0,0.0,15.7,16.0,20.3
2022-12-16,14.0,21.2,8.6,0.0,66,12.46,13.1,2022,12,350,Winter,16.02857142857143,16.759999999999998,24.77123287671233,0.0,0.0,14.6,16.3,19.4
2022-12-17,14.1,21.7,8.3,0.0,69,12.34,11.9,2022,12,351,Winter,15.62857142857143,16.62666666666667,24.776164383561646,0.0,0.0,14.0,16.9,18.1
2022-12-18,14.3,21.5,8.3,0.0,76,12.28,9.6,2022,12,352,Winter,15.2,16.526666666666667,24.784657534246573,0.0,0.0,14.1,17.3,17.3
2022-12-19,14.1,21.4,8.9,0.0,79,12.16,10.1,2022,12,353,Winter,14.8,16.406666666666666,24.792876712328766,0.0,0.0,14.3,16.9,17.7
2022-12-20,13.6,20.8,8.6,0.0,77,11.88,10.1,2022,12,354,Winter,14.342857142857143,16.276666666666667,24.798356164383566,0.0,0.0,14.1,16.8,17.5
2022-12-21,13.0,20.5,7.6,0.0,79,12.31,10.0,2022,12,355,Winter,13.957142857142857,16.11,24.80082191780822,0.0,0.0,13.6,15.7,18.0
2022-12-22,12.9,20.3,8.5,0.0,79,12.2,10.5,2022,12,356,Winter,13.714285714285714,15.943333333333332,24.79972602739726,0.0,0.0,13.0,14.6,17.9
2022-12-23,12.2,18.9,7.7,0.0,82,11.29,10.7,2022,12,357,Winter,13.457142857142856,15.763333333333334,24.794246575342466,0.0,0.0,12.9,14.0,17.6
2022-12-24,12.4,18.9,8.5,0.0,75,12.23,15.0,2022,12,358,Winter,13.214285714285714,15.603333333333333,24.788493150684936,0.0,0.0,12.2,14.1,17.2
2022-12-25,10.9,17.1,6.5,0.0,81,12.28,13.7,2022,12,359,Winter,12.72857142857143,15.389999999999999,24.775890410958905,0.0,0.0,12.4,14.3,17.3
2022-12-26,11.1,18.4,6.3,0.0,83,12.27,10.9,2022,12,360,Winter,12.299999999999999,15.186666666666667,24.765205479452057,0.0,0.0,10.9,14.1,17.2
2022-12-27,11.9,18.8,7.1,0.0,79,11.81,18.4,2022,12,361,Winter,12.057142857142859,15.02,24.756986301369867,0.0,0.0,11.1,13.6,16.9
2022-12-28,13.1,19.6,7.8,0.0,72,12.39,19.8,2022,12,362,Winter,12.071428571428571,14.876666666666667,24.754794520547946,0.0,0.0,11.9,13.0,17.4
2022-12-29,14.1,20.2,9.4,0.0,74,9.27,12.2,2022,12,363,Winter,12.242857142857142,14.786666666666667,24.757808219178077,0.0,0.0,13.1,12.9,16.8
2022-12-30,14.9,20.7,11.1,0.0,75,11.14,13.9,2022,12,364,Winter,12.62857142857143,14.723333333333333,24.769315068493153,0.0,0.0,14.1,12.2,16.8
2022-12-31,13.1,19.0,9.6,0.0,82,12.38,17.3,2022,12,365,Winter,12.728571428571428,14.610000000000001,24.776438356164384,0.0,0.0,14.9,12.4,16.5
2023-01-01,12.5,18.3,7.9,0.0,79,12.34,8.7,2023,1,1,Winter,12.957142857142856,14.47,24.78082191780822,0.0,0.0,13.1,10.9,16.7
2023-01-02,12.2,18.2,6.3,0.0,78,12.59,9.2,2023,1,2,Winter,13.114285714285714,14.306666666666667,24.781643835616435,0.0,0.0,12.5,11.1,17.1
2023-01-03,10.6,16.6,6.0,0.0,85,11.33,9.7,2023,1,3,Winter,12.928571428571429,14.109999999999998,24.776164383561646,0.0,0.0,12.2,11.9,16.5
2023-01-04,9.7,16.5,5.4,0.0,87,12.3,11.2,2023,1,4,Winter,12.442857142857141,13.916666666666666,24.763013698630136,0.0,0.0,10.6,13.1,15.5
2023-01-05,8.9,15.4,5.4,0.0,89,10.76,10.2,2023,1,5,Winter,11.700000000000001,13.68,24.75095890410959,0.0,0.0,9.7,14.1,16.0
2023-01-06,8.3,14.1,4.8,0.0,87,11.2,10.9,2023,1,6,Winter,10.757142857142856,13.413333333333334,24.733698630136985,0.0,0.0,8.9,14.9,16.3
2023-01-07,8.2,15.3,3.8,0.0,87,11.48,13.2,2023,1,7,Winter,10.057142857142855,13.153333333333334,24.71342465753425,0.0,0.0,8.3,13.1,16.0
2023-01-08,10.1,17.1,5.7,0.0,88,11.4,14.2,2023,1,8,Winter,9.714285714285714,12.946666666666667,24.698904109589037,0.0,0.0,8.2,12.5,16.3
2023-01-09,11.1,17.4,5.7,0.0,88,9.73,7.7,2023,1,9,Winter,9.557142857142859,12.753333333333332,24.69068493150685,0.0,0.0,10.1,12.2,16.9
2023-01-10,11.5,18.4,7.5,0.0,89,10.77,14.4,2023,1,10,Winter,9.685714285714285,12.56,24.69068493150685,0.0,0.0,11.1,10.6,17.3
2023-01-11,12.1,19.7,7.6,0.0,86,11.41,13.7,2023,1,11,Winter,10.028571428571427,12.4,24.69232876712329,0.0,0.0,11.5,9.7,16.9
2023-01-12,14.5,20.1,9.8,0.1,81,11.93,16.0,2023,1,12,Winter,10.828571428571427,12.323333333333332,24.701095890410958,0.014285714285714287,0.0033333333333333335,12.1,8.9,16.8
2023-01-13,13.9,18.6,10.6,18.2,87,9.67,16.6,2023,1,13,Winter,11.62857142857143,12.263333333333332,24.705479452054796,2.6142857142857143,0.61,14.5,8.3,15.7
2023-01-14,12.1,17.0,8.0,0.0,76,13.28,17.1,2023,1,14,Winter,12.185714285714285,12.180000000000001,24.70931506849315,2.6142857142857143,0.61,13.9,8.2,14.6
2023-01-15,9.4,15.3,5.5,0.0,66,14.09,15.9,2023,1,15,Winter,12.085714285714287,12.026666666666667,24.70794520547945,2.6142857142857143,0.61,12.1,10.1,14.0
2023-01-16,9.0,15.5,3.7,0.0,64,14.0,13.3,2023,1,16,Winter,11.785714285714286,11.856666666666666,24.70465753424657,2.6142857142857143,0.61,9.4,11.1,14.1
2023-01-17,9.0,16.4,3.6,0.0,64,14.17,14.4,2023,1,17,Winter,11.428571428571429,11.68,24.702739726027396,2.6142857142857143,0.61,9.0,11.5,14.3
2023-01-18,9.2,16.6,3.2,0.0,65,14.04,10.6,2023,1,18,Winter,11.014285714285714,11.516666666666667,24.70164383561644,2.6142857142857143,0.61,9.0,12.1,14.1
2023-01-19,12.2,18.4,6.4,0.3,64,13.15,15.5,2023,1,19,Winter,10.685714285714285,11.47,24.704931506849313,2.642857142857143,0.62,9.2,14.5,13.6
2023-01-20,14.0,19.7,9.7,0.0,70,13.13,14.9,2023,1,20,Winter,10.700000000000001,11.503333333333334,24.707397260273968,0.04285714285714286,0.62,12.2,13.9,13.0
2023-01-21,13.2,20.5,7.0,0.0,79,13.93,8.7,2023,1,21,Winter,10.857142857142858,11.513333333333334,24.71013698630137,0.04285714285714286,0.62,14.0,12.1,12.9
2023-01-22,14.1,21.7,8.1,0.0,71,13.3,10.6,2023,1,22,Winter,11.528571428571427,11.576666666666664,24.71260273972603,0.04285714285714286,0.62,13.2,9.4,12.2
2023-01-23,15.5,22.8,8.4,0.0,64,13.94,10.0,2023,1,23,Winter,12.457142857142856,11.68,24.72027397260274,0.04285714285714286,0.62,14.1,9.0,12.4
2023-01-24,16.9,21.2,13.1,11.3,82,9.99,23.2,2023,1,24,Winter,13.585714285714285,11.88,24.737260273972602,1.6571428571428573,0.9966666666666667,15.5,9.0,10.9
2023-01-25,16.4,21.1,11.9,1.0,83,10.79,11.5,2023,1,25,Winter,14.614285714285714,12.056666666666667,24.753972602739722,1.8000000000000003,1.03,16.9,9.2,11.1
2023-01-26,14.3,19.0,9.9,0.0,77,13.5,16.4,2023,1,26,Winter,14.914285714285715,12.136666666666667,24.76383561643836,1.7571428571428573,1.03,16.4,12.2,11.9
2023-01-27,12.1,18.6,7.5,0.0,68,15.25,17.4,2023,1,27,Winter,14.642857142857142,12.103333333333332,24.765479452054795,1.7571428571428573,1.03,14.3,14.0,13.1
2023-01-28,12.5,20.7,6.5,0.0,69,15.35,15.3,2023,1,28,Winter,14.542857142857143,12.049999999999999,24.76794520547945,1.7571428571428573,1.03,12.1,13.2,14.1
2023-01-29,12.8,16.4,8.3,4.2,84,5.25,15.2,2023,1,29,Winter,14.357142857142858,11.979999999999999,24.76904109589041,2.357142857142857,1.1700000000000002,12.5,14.1,14.9
2023-01-30,13.2,16.2,10.4,10.2,87,5.89,22.3,2023,1,30,Winter,14.028571428571428,11.98333333333333,24.767671232876708,3.814285714285714,1.51,12.8,15.5,13.1
2023-01-31,14.1,20.5,9.7,0.0,84,14.88,20.7,2023,1,31,Winter,13.628571428571428,12.036666666666665,24.769041095890408,2.1999999999999997,1.51,13.2,16.9,12.5
2023-02-01,13.7,19.9,9.4,0.0,75,15.66,19.7,2023,2,32,Winter,13.242857142857144,12.086666666666666,24.768493150684932,2.057142857142857,1.51,14.1,16.4,12.2
2023-02-02,14.7,21.5,9.4,0.0,65,15.81,19.4,2023,2,33,Winter,13.3,12.223333333333333,24.76986301369863,2.057142857142857,1.51,13.7,14.3,10.6
2023-02-03,15.0,22.4,9.6,0.0,69,15.76,16.7,2023,2,34,Winter,13.714285714285714,12.399999999999999,24.776164383561643,2.057142857142857,1.51,14.7,12.1,9.7
2023-02-04,15.9,22.7,10.3,0.0,66,15.76,18.7,2023,2,35,Winter,14.2,12.633333333333333,24.788219178082194,2.057142857142857,1.51,15.0,12.5,8.9
2023-02-05,17.0,23.3,11.0,0.0,63,16.16,14.3,2023,2,36,Winter,14.799999999999999,12.923333333333334,24.804931506849318,1.457142857142857,1.51,15.9,12.8,8.3
2023-02-06,17.6,25.1,10.4,0.0,70,15.57,11.5,2023,2,37,Winter,15.428571428571429,13.236666666666668,24.815616438356162,0.0,1.51,17.0,13.2,8.2
2023-02-07,17.1,23.4,13.1,0.0,70,16.09,18.2,2023,2,38,Winter,15.857142857142858,13.469999999999999,24.82082191780822,0.0,1.51,17.6,14.1,10.1
2023-02-08,15.7,22.6,10.2,0.0,55,16.41,16.1,2023,2,39,Winter,16.142857142857142,13.623333333333333,24.819726027397262,0.0,1.51,17.1,13.7,11.1
2023-02-09,17.3,25.8,10.0,0.0,63,16.32,15.3,2023,2,40,Winter,16.514285714285712,13.816666666666666,24.827671232876714,0.0,1.51,15.7,14.7,11.5
2023-02-10,18.6,25.5,12.9,0.0,72,16.21,15.9,2023,2,41,Winter,17.02857142857143,14.033333333333333,24.840821917808217,0.0,1.51,17.3,15.0,12.1
2023-02-11,18.9,25.9,13.3,0.0,63,16.74,16.6,2023,2,42,Winter,17.45714285714286,14.18,24.853698630136986,0.0,1.5066666666666668,18.6,15.9,14.5
2023-02-12,15.8,21.9,10.6,0.0,47,17.31,23.8,2023,2,43,Winter,17.28571428571429,14.243333333333334,24.857808219178082,0.0,0.9,18.9,17.0,13.9
2023-02-13,15.0,21.0,9.8,0.0,35,17.5,27.9,2023,2,44,Winter,16.914285714285715,14.34,24.858630136986307,0.0,0.9,15.8,17.6,12.1
2023-02-14,16.8,23.5,11.0,0.0,44,17.08,19.3,2023,2,45,Winter,16.871428571428574,14.586666666666668,24.86219178082192,0.0,0.9,15.0,17.1,9.4
2023-02-15,18.3,25.7,12.8,0.0,55,17.35,20.9,2023,2,46,Winter,17.242857142857144,14.896666666666668,24.867123287671234,0.0,0.9,16.8,15.7,9.0
2023-02-16,18.3,26.2,11.5,0.0,71,17.35,11.0,2023,2,47,Winter,17.38571428571429,15.206666666666667,24.872876712328768,0.0,0.9,18.3,17.3,9.0
2023-02-17,19.6,26.7,13.3,0.0,77,17.44,9.9,2023,2,48,Winter,17.52857142857143,15.553333333333335,24.879178082191785,0.0,0.9,18.3,18.6,9.2
2023-02-18,19.0,26.4,12.5,0.0,78,17.56,10.5,2023,2,49,Winter,17.542857142857144,15.78,24.883835616438358,0.0,0.89,19.6,18.9,12.2
2023-02-19,21.0,27.9,14.8,0.0,70,17.56,10.4,2023,2,50,Winter,18.285714285714285,16.013333333333332,24.895890410958906,0.0,0.89,19.0,15.8,14.0
2023-02-20,22.3,30.7,15.3,0.0,65,17.71,12.0,2023,2,51,Winter,19.32857142857143,16.316666666666666,24.90986301369863,0.0,0.89,21.0,15.0,13.2
2023-02-21,21.9,29.1,15.1,0.0,58,18.27,14.2,2023,2,52,Winter,20.057142857142857,16.576666666666668,24.921917808219177,0.0,0.89,22.3,16.8,14.1
2023-02-22,20.5,28.4,13.5,0.0,63,17.24,14.1,2023,2,53,Winter,20.37142857142857,16.743333333333332,24.927123287671233,0.0,0.89,21.9,18.3,15.5
2023-02-23,20.0,27.4,14.0,0.0,53,18.8,18.9,2023,2,54,Winter,20.61428571428571,16.846666666666668,24.930958904109588,0.0,0.5133333333333333,20.5,18.3,16.9
2023-02-24,19.8,27.9,13.0,0.0,51,17.81,14.5,2023,2,55,Winter,20.642857142857142,16.96,24.93534246575343,0.0,0.4799999999999999,20.0,19.6,16.4
2023-02-25,21.0,28.4,13.4,0.0,54,18.75,9.9,2023,2,56,Winter,20.928571428571427,17.183333333333334,24.94191780821918,0.0,0.4799999999999999,19.8,19.0,14.3
2023-02-26,22.3,29.5,14.4,0.0,51,18.4,13.1,2023,2,57,Winter,21.114285714285717,17.523333333333333,24.954246575342463,0.0,0.4799999999999999,21.0,21.0,12.1
2023-02-27,22.2,29.8,15.6,0.0,53,17.67,15.0,2023,2,58,Winter,21.099999999999998,17.84666666666667,24.968219178082197,0.0,0.4799999999999999,22.3,22.3,12.5
2023-02-28,21.6,29.3,14.3,0.0,49,17.75,15.7,2023,2,59,Winter,21.057142857142857,18.139999999999997,24.982465753424652,0.0,0.33999999999999997,22.2,21.9,12.8
2023-03-01,21.8,29.7,15.7,0.0,50,18.19,17.5,2023,3,60,Spring,21.24285714285714,18.42666666666667,24.995342465753428,0.0,0.0,21.6,20.5,13.2
2023-03-02,22.1,30.0,15.2,0.0,55,18.87,14.8,2023,3,61,Spring,21.542857142857144,18.693333333333335,25.00520547945206,0.0,0.0,21.8,20.0,14.1
2023-03-03,22.6,30.6,16.8,0.0,56,18.61,18.1,2023,3,62,Spring,21.942857142857143,18.99,25.013698630136986,0.0,0.0,22.1,19.8,13.7
2023-03-04,22.4,29.8,17.5,0.0,54,17.85,17.3,2023,3,63,Spring,22.142857142857146,19.24666666666667,25.023561643835617,0.0,0.0,22.6,21.0,14.7
2023-03-05,22.4,29.6,16.3,0.0,53,19.3,20.8,2023,3,64,Spring,22.157142857142855,19.493333333333336,25.033150684931506,0.0,0.0,22.4,22.3,15.0
2023-03-06,21.7,28.7,15.9,0.0,50,20.04,17.9,2023,3,65,Spring,22.085714285714285,19.686666666666667,25.038904109589037,0.0,0.0,22.4,22.2,15.9
2023-03-07,21.8,28.7,15.8,0.0,48,19.86,13.8,2023,3,66,Spring,22.11428571428571,19.84666666666667,25.0413698630137,0.0,0.0,21.7,21.6,17.0
2023-03-08,21.3,28.2,14.8,0.2,54,17.79,14.5,2023,3,67,Spring,22.042857142857144,19.970000000000002,25.04082191780822,0.028571428571428574,0.006666666666666667,21.8,21.8,17.6
2023-03-09,21.0,27.5,15.9,0.5,62,18.01,13.8,2023,3,68,Spring,21.885714285714283,20.1,25.037808219178082,0.09999999999999999,0.02333333333333333,21.3,22.1,17.1
2023-03-10,22.3,29.2,15.5,0.0,58,20.27,15.1,2023,3,69,Spring,21.842857142857145,20.32,25.038082191780827,0.09999999999999999,0.02333333333333333,21.0,22.6,15.7
2023-03-11,23.2,30.0,16.2,0.0,51,20.39,13.0,2023,3,70,Spring,21.957142857142856,20.516666666666666,25.0413698630137,0.09999999999999999,0.02333333333333333,22.3,22.4,17.3
2023-03-12,24.3,31.9,17.1,0.0,49,20.56,11.9,2023,3,71,Spring,22.22857142857143,20.706666666666667,25.047123287671234,0.09999999999999999,0.02333333333333333,23.2,22.4,18.6
2023-03-13,24.3,32.1,17.5,0.0,49,18.4,15.8,2023,3,72,Spring,22.599999999999998,20.886666666666667,25.04931506849315,0.09999999999999999,0.02333333333333333,24.3,21.7,18.9
2023-03-14,24.2,31.6,17.2,0.0,49,20.34,22.2,2023,3,73,Spring,22.942857142857147,21.16666666666667,25.04931506849315,0.09999999999999999,0.02333333333333333,24.3,21.8,15.8
2023-03-15,24.8,32.3,17.2,0.0,43,20.43,20.4,2023,3,74,Spring,23.442857142857143,21.493333333333336,25.045753424657537,0.07142857142857142,0.02333333333333333,24.2,21.3,15.0
2023-03-16,24.5,31.9,19.0,0.1,42,17.41,23.0,2023,3,75,Spring,23.942857142857143,21.75,25.038904109589044,0.014285714285714287,0.02666666666666667,24.8,21.0,16.8
2023-03-17,22.9,28.5,19.5,1.7,55,16.98,16.7,2023,3,76,Spring,24.02857142857143,21.903333333333332,25.029041095890413,0.2571428571428572,0.08333333333333333,24.5,22.3,18.3
2023-03-18,20.4,26.8,16.7,0.3,75,18.4,22.3,2023,3,77,Spring,23.62857142857143,21.973333333333333,25.010136986301365,0.3,0.09333333333333332,22.9,23.2,18.3
2023-03-19,19.8,25.2,15.2,0.7,83,17.54,12.0,2023,3,78,Spring,22.985714285714284,21.98,24.988219178082193,0.39999999999999997,0.11666666666666667,20.4,24.3,19.6
2023-03-20,18.7,23.7,16.1,24.3,87,13.84,17.5,2023,3,79,Spring,22.185714285714287,21.970000000000002,24.962465753424656,3.8714285714285714,0.9266666666666666,19.8,24.3,19.0
2023-03-21,18.3,23.1,14.6,3.2,84,17.0,10.8,2023,3,80,Spring,21.342857142857138,21.88,24.936438356164388,4.328571428571428,1.0333333333333334,18.7,24.2,21.0
2023-03-22,19.5,26.3,14.0,0.0,75,21.28,10.1,2023,3,81,Spring,20.585714285714285,21.78666666666667,24.913698630136988,4.328571428571428,1.0333333333333334,18.3,24.8,22.3
2023-03-23,21.5,28.0,15.5,0.0,65,21.44,14.7,2023,3,82,Spring,20.157142857142855,21.773333333333333,24.897260273972602,4.314285714285714,1.0333333333333334,19.5,24.5,21.9
2023-03-24,21.6,27.5,17.3,15.8,69,15.26,23.1,2023,3,83,Spring,19.97142857142857,21.810000000000002,24.8813698630137,6.328571428571428,1.5599999999999998,21.5,22.9,20.5
2023-03-25,21.2,26.3,17.4,1.1,78,20.04,19.8,2023,3,84,Spring,20.085714285714285,21.85,24.866027397260275,6.442857142857143,1.5966666666666667,21.6,20.4,20.0
2023-03-26,21.8,27.6,16.5,0.0,62,21.07,14.0,2023,3,85,Spring,20.37142857142857,21.91666666666667,24.85123287671233,6.3428571428571425,1.5966666666666667,21.2,19.8,19.8
2023-03-27,20.8,26.8,15.5,0.0,62,22.39,18.3,2023,3,86,Spring,20.671428571428574,21.91,24.83150684931507,2.8714285714285714,1.5966666666666667,21.8,18.7,21.0
2023-03-28,21.8,28.2,15.2,0.0,61,21.43,17.4,2023,3,87,Spring,21.17142857142857,21.89333333333333,24.812054794520545,2.4142857142857146,1.5966666666666667,20.8,18.3,22.3
2023-03-29,23.3,30.8,16.7,0.2,55,18.99,11.8,2023,3,88,Spring,21.714285714285715,21.93,24.796164383561646,2.442857142857143,1.6033333333333333,21.8,19.5,22.2
2023-03-30,21.8,30.8,17.5,5.7,70,18.76,20.1,2023,3,89,Spring,21.75714285714286,21.936666666666667,24.775342465753425,3.257142857142857,1.7933333333333332,23.3,21.5,21.6
2023-03-31,19.6,24.2,17.0,9.4,83,17.09,17.4,2023,3,90,Spring,21.47142857142857,21.863333333333333,24.74821917808219,2.3428571428571425,2.106666666666667,21.8,21.6,21.8
2023-04-01,20.1,25.7,15.1,0.9,79,20.31,12.6,2023,4,91,Spring,21.314285714285717,21.796666666666667,24.7241095890411,2.314285714285714,2.1366666666666663,19.6,21.2,22.1
2023-04-02,22.2,28.3,15.9,0.0,69,21.72,16.8,2023,4,92,Spring,21.371428571428574,21.783333333333335,24.70575342465753,2.314285714285714,2.1366666666666663,20.1,21.8,22.6
2023-04-03,23.3,31.3,16.4,0.0,61,21.84,14.8,2023,4,93,Spring,21.728571428571428,21.813333333333333,24.687123287671234,2.314285714285714,2.1366666666666663,22.2,20.8,22.4
2023-04-04,22.2,28.0,17.2,0.2,61,22.28,15.6,2023,4,94,Spring,21.785714285714285,21.806666666666665,24.66821917808219,2.342857142857143,2.143333333333333,23.3,21.8,22.4
2023-04-05,22.9,30.2,16.3,0.0,50,23.74,15.3,2023,4,95,Spring,21.728571428571428,21.84666666666667,24.650410958904114,2.3142857142857145,2.143333333333333,22.2,23.3,21.7
2023-04-06,23.9,31.3,16.7,0.0,41,22.63,16.5,2023,4,96,Spring,22.02857142857143,21.916666666666668,24.633150684931508,1.5,2.143333333333333,22.9,21.8,21.8
2023-04-07,24.3,31.3,17.4,0.0,37,24.47,15.9,2023,4,97,Spring,22.7,22.016666666666666,24.614794520547946,0.15714285714285717,2.1366666666666663,23.9,19.6,21.3
2023-04-08,24.4,31.8,17.1,0.0,34,24.58,16.2,2023,4,98,Spring,23.314285714285713,22.13,24.593698630136984,0.028571428571428574,2.12,24.3,20.1,21.0
2023-04-09,26.2,33.1,18.0,0.0,30,24.27,16.6,2023,4,99,Spring,23.88571428571429,22.259999999999998,24.575342465753426,0.028571428571428574,2.12,24.4,22.2,22.3
2023-04-10,26.4,33.3,19.7,0.0,29,23.62,15.5,2023,4,100,Spring,24.32857142857143,22.366666666666667,24.556438356164385,0.028571428571428574,2.12,26.2,23.3,23.2
2023-04-11,27.7,35.9,19.4,0.0,28,24.16,25.1,2023,4,101,Spring,25.114285714285717,22.48,24.542191780821916,0.0,2.12,26.4,22.2,24.3
2023-04-12,29.4,36.4,23.1,0.0,27,21.84,24.6,2023,4,102,Spring,26.042857142857144,22.65,24.534246575342465,0.0,2.12,27.7,22.9,24.3
2023-04-13,29.5,37.2,22.2,0.0,28,24.26,19.6,2023,4,103,Spring,26.842857142857145,22.826666666666664,24.526027397260275,0.0,2.12,29.4,23.9,24.2
2023-04-14,29.5,37.3,21.8,0.0,27,24.02,17.2,2023,4,104,Spring,27.585714285714285,22.983333333333334,24.51972602739726,0.0,2.12,29.5,24.3,24.8
2023-04-15,30.9,39.1,22.0,0.0,23,24.27,14.5,2023,4,105,Spring,28.514285714285712,23.196666666666665,24.519178082191782,0.0,2.1166666666666667,29.5,24.4,24.5
2023-04-16,31.3,39.2,22.7,0.0,25,23.31,18.3,2023,4,106,Spring,29.24285714285714,23.476666666666667,24.518082191780824,0.0,2.06,30.9,26.2,22.9
2023-04-17,32.5,39.1,24.4,0.0,25,22.91,15.3,2023,4,107,Spring,30.114285714285717,23.880000000000003,24.51945205479452,0.0,2.0500000000000003,31.3,26.4,20.4
2023-04-18,32.6,39.1,25.5,0.0,23,22.54,23.5,2023,4,108,Spring,30.814285714285713,24.306666666666665,24.519178082191782,0.0,2.026666666666667,32.5,27.7,19.8
2023-04-19,29.8,37.3,25.1,0.0,35,21.2,23.1,2023,4,109,Spring,30.87142857142857,24.67666666666667,24.507397260273976,0.0,1.2166666666666666,32.6,29.4,18.7
2023-04-20,28.1,34.7,23.3,0.0,44,22.23,15.5,2023,4,110,Spring,30.67142857142857,25.003333333333334,24.491506849315073,0.0,1.11,29.8,29.5,18.3
2023-04-21,28.8,35.2,22.4,0.0,34,23.36,15.3,2023,4,111,Spring,30.571428571428573,25.313333333333333,24.484109589041097,0.0,1.11,28.1,29.5,19.5
2023-04-22,28.6,35.1,20.8,0.0,26,23.07,17.2,2023,4,112,Spring,30.242857142857144,25.55,24.47780821917808,0.0,1.11,28.8,30.9,21.5
2023-04-23,26.9,33.9,20.9,0.0,27,20.37,19.5,2023,4,113,Spring,29.614285714285717,25.726666666666667,24.464931506849318,0.0,0.5833333333333334,28.6,31.3,21.6
2023-04-24,26.1,31.9,20.0,0.0,35,21.06,17.7,2023,4,114,Spring,28.7,25.89,24.448493150684932,0.0,0.5466666666666666,26.9,32.5,21.2
2023-04-25,27.1,33.2,20.6,0.0,37,23.39,16.8,2023,4,115,Spring,27.914285714285715,26.066666666666666,24.43232876712329,0.0,0.5466666666666666,26.1,32.6,21.8
2023-04-26,28.9,35.6,22.1,0.0,32,21.33,11.9,2023,4,116,Spring,27.785714285714285,26.336666666666666,24.42109589041096,0.0,0.5466666666666666,27.1,29.8,20.8
2023-04-27,29.1,35.8,23.6,0.0,30,17.91,18.2,2023,4,117,Spring,27.928571428571427,26.580000000000002,24.40986301369863,0.0,0.5466666666666666,28.9,28.1,21.8
2023-04-28,27.9,33.5,22.4,0.0,36,17.24,9.6,2023,4,118,Spring,27.8,26.733333333333334,24.39068493150685,0.0,0.5399999999999999,29.1,28.8,23.3
2023-04-29,26.5,33.3,21.8,0.6,49,17.99,18.9,2023,4,119,Spring,27.5,26.89,24.365205479452058,0.08571428571428572,0.37,27.9,28.6,21.8
2023-04-30,24.6,30.4,21.2,1.4,61,15.17,20.2,2023,4,120,Spring,27.17142857142857,27.05666666666667,24.33479452054795,0.2857142857142857,0.10333333333333332,26.5,26.9,19.6
2023-05-01,22.1,27.8,19.8,5.4,80,14.17,12.8,2023,5,121,Spring,26.599999999999998,27.12333333333333,24.304931506849314,1.0571428571428572,0.2533333333333333,24.6,26.1,20.1
2023-05-02,22.5,28.0,19.3,5.4,81,15.8,18.4,2023,5,122,Spring,25.942857142857147,27.133333333333333,24.2772602739726,1.8285714285714287,0.43333333333333335,22.1,27.1,22.2
2023-05-03,22.4,28.2,19.9,6.8,81,17.34,14.8,2023,5,123,Spring,25.014285714285712,27.103333333333335,24.248767123287674,2.8000000000000003,0.66,22.5,28.9,23.3
2023-05-04,24.2,29.7,18.7,0.0,73,22.14,7.8,2023,5,124,Spring,24.314285714285717,27.17,24.23013698630137,2.8000000000000003,0.6533333333333334,22.4,29.1,22.2
2023-05-05,25.9,30.8,20.6,5.4,59,19.52,13.5,2023,5,125,Spring,24.02857142857143,27.269999999999996,24.217260273972602,3.5714285714285716,0.8333333333333334,24.2,27.9,22.9
2023-05-06,27.4,35.4,20.7,0.0,48,21.74,21.7,2023,5,126,Spring,24.157142857142855,27.386666666666667,24.20383561643836,3.4857142857142853,0.8333333333333334,25.9,26.5,23.9
2023-05-07,28.9,36.1,22.0,0.0,39,21.61,17.4,2023,5,127,Spring,24.771428571428572,27.540000000000003,24.193150684931506,3.2857142857142856,0.8333333333333334,27.4,24.6,24.3
2023-05-08,29.2,36.6,21.9,0.0,40,22.01,22.2,2023,5,128,Spring,25.785714285714285,27.7,24.182739726027393,2.5142857142857147,0.8333333333333334,28.9,22.1,24.4
2023-05-09,29.5,37.1,21.4,0.0,34,24.51,21.1,2023,5,129,Spring,26.785714285714285,27.81,24.172328767123286,1.7428571428571427,0.8333333333333334,29.2,22.5,26.2
2023-05-10,29.7,36.5,21.9,0.0,22,24.83,22.9,2023,5,130,Spring,27.82857142857143,27.92,24.16219178082192,0.7714285714285715,0.8333333333333334,29.5,22.4,26.4
2023-05-11,31.0,38.9,22.1,0.0,22,24.62,16.1,2023,5,131,Spring,28.8,28.029999999999998,24.153698630136986,0.7714285714285715,0.8333333333333334,29.7,24.2,27.7
2023-05-12,33.3,41.7,23.1,0.0,22,24.02,16.0,2023,5,132,Spring,29.857142857142858,28.16,24.14876712328767,0.0,0.8333333333333334,31.0,25.9,29.4
2023-05-13,33.3,41.5,25.1,0.0,25,23.11,13.7,2023,5,133,Spring,30.699999999999996,28.28666666666667,24.144109589041097,0.0,0.8333333333333334,33.3,27.4,29.5
2023-05-14,32.5,40.5,26.5,0.0,28,20.66,25.0,2023,5,134,Spring,31.214285714285715,28.386666666666667,24.134794520547945,0.0,0.8333333333333334,33.3,28.9,29.5
2023-05-15,33.4,40.5,25.2,0.0,25,22.96,14.3,2023,5,135,Spring,31.814285714285713,28.470000000000002,24.123013698630135,0.0,0.8333333333333334,32.5,29.2,30.9
2023-05-16,32.4,38.6,26.8,0.0,28,19.43,26.2,2023,5,136,Spring,32.22857142857143,28.506666666666664,24.112054794520546,0.0,0.8333333333333334,33.4,29.5,31.3
2023-05-17,33.2,40.9,26.0,0.0,26,22.03,20.6,2023,5,137,Spring,32.72857142857142,28.530000000000005,24.11287671232877,0.0,0.8333333333333334,32.4,29.7,32.5
2023-05-18,31.0,38.0,23.9,0.0,38,22.68,21.6,2023,5,138,Spring,32.72857142857142,28.47666666666667,24.102465753424656,0.0,0.8333333333333334,33.2,31.0,32.6
2023-05-19,31.6,37.9,25.9,0.0,35,23.68,21.6,2023,5,139,Spring,32.48571428571429,28.536666666666665,24.09178082191781,0.0,0.8333333333333334,31.0,33.3,29.8
2023-05-20,32.8,40.0,24.8,0.0,28,23.85,24.1,2023,5,140,Spring,32.41428571428572,28.69333333333333,24.08082191780822,0.0,0.8333333333333334,31.6,33.3,28.1
2023-05-21,34.8,42.4,25.4,0.0,22,23.25,23.0,2023,5,141,Spring,32.74285714285714,28.89333333333333,24.08,0.0,0.8333333333333334,32.8,32.5,28.8
2023-05-22,36.1,42.1,29.8,0.0,20,20.58,28.0,2023,5,142,Spring,33.128571428571426,29.14333333333333,24.08739726027397,0.0,0.8333333333333334,34.8,33.4,28.6
2023-05-23,35.3,43.6,30.0,1.0,28,19.37,28.0,2023,5,143,Spring,33.542857142857144,29.423333333333332,24.112328767123287,0.14285714285714285,0.8666666666666667,36.1,32.4,26.9
2023-05-24,30.8,37.7,26.3,0.2,47,17.36,18.5,2023,5,144,Spring,33.2,29.58,24.123013698630135,0.17142857142857143,0.8733333333333333,35.3,33.2,26.1
2023-05-25,28.2,33.9,23.4,0.2,58,20.35,19.5,2023,5,145,Spring,32.8,29.616666666666664,24.123287671232877,0.19999999999999998,0.8800000000000001,30.8,31.0,27.1
2023-05-26,28.5,34.5,22.7,0.0,55,22.85,9.4,2023,5,146,Spring,32.357142857142854,29.60333333333333,24.120273972602742,0.19999999999999998,0.8800000000000001,28.2,31.6,28.9
2023-05-27,27.1,33.8,21.0,19.2,64,18.14,36.1,2023,5,147,Spring,31.542857142857144,29.536666666666665,24.10849315068493,2.9428571428571426,1.52,28.5,32.8,29.1
2023-05-28,27.4,33.8,24.0,0.3,66,21.02,18.1,2023,5,148,Spring,30.485714285714284,29.519999999999996,24.093424657534246,2.9857142857142853,1.53,27.1,34.8,27.9
2023-05-29,27.1,34.1,22.5,1.2,70,18.79,20.0,2023,5,149,Spring,29.2,29.54,24.0772602739726,3.157142857142857,1.55,27.4,36.1,26.5
2023-05-30,27.3,34.1,22.7,0.1,65,21.83,17.4,2023,5,150,Spring,28.057142857142857,29.63,24.06219178082192,3.0285714285714285,1.5066666666666668,27.1,35.3,24.6
2023-05-31,24.9,30.9,21.6,2.9,74,19.07,24.8,2023,5,151,Spring,27.214285714285715,29.723333333333336,24.04082191780822,3.414285714285714,1.4233333333333333,27.3,30.8,22.1
2023-06-01,26.4,33.6,19.9,0.4,65,22.47,16.4,2023,6,152,Summer,26.95714285714286,29.853333333333335,24.021095890410955,3.4428571428571426,1.2566666666666666,24.9,28.2,22.5
2023-06-02,27.5,33.0,22.0,1.3,57,23.05,17.8,2023,6,153,Summer,26.814285714285713,30.02333333333333,24.003013698630138,3.6285714285714286,1.0733333333333335,26.4,28.5,22.4
2023-06-03,29.2,34.9,22.7,0.0,52,23.51,11.7,2023,6,154,Summer,27.11428571428571,30.19,23.987397260273973,0.8857142857142858,1.0733333333333335,27.5,27.1,24.2
2023-06-04,29.3,36.2,23.9,1.6,58,20.33,13.5,2023,6,155,Summer,27.385714285714283,30.303333333333335,23.970410958904107,1.0714285714285714,0.9466666666666668,29.2,27.4,25.9
2023-06-05,30.4,37.1,25.1,0.1,52,22.1,26.8,2023,6,156,Summer,27.857142857142858,30.40333333333333,23.955616438356163,0.9142857142857144,0.9499999999999998,29.3,27.1,27.4
2023-06-06,31.4,38.8,24.1,0.0,43,21.65,19.0,2023,6,157,Summer,28.442857142857143,30.486666666666665,23.944657534246577,0.9000000000000001,0.95,30.4,27.3,28.9
2023-06-07,32.1,38.4,25.0,0.0,37,22.96,20.5,2023,6,158,Summer,29.47142857142857,30.583333333333332,23.932876712328767,0.48571428571428577,0.95,31.4,24.9,29.2
2023-06-08,32.7,39.3,25.1,0.0,35,22.27,21.6,2023,6,159,Summer,30.37142857142857,30.69,23.921643835616436,0.42857142857142866,0.95,32.1,26.4,29.5
2023-06-09,34.2,40.8,26.0,0.0,34,22.59,21.9,2023,6,160,Summer,31.32857142857143,30.839999999999996,23.91479452054795,0.24285714285714288,0.95,32.7,27.5,29.7
2023-06-10,34.4,40.4,26.5,0.0,38,20.89,21.4,2023,6,161,Summer,32.07142857142857,30.953333333333333,23.90794520547945,0.24285714285714288,0.95,34.2,29.2,31.0
2023-06-11,33.8,39.2,28.2,0.0,45,22.54,21.9,2023,6,162,Summer,32.714285714285715,30.970000000000002,23.898630136986302,0.014285714285714287,0.95,34.4,29.3,33.3
2023-06-12,34.9,41.0,29.0,0.0,44,22.38,26.9,2023,6,163,Summer,33.357142857142854,31.02333333333333,23.893972602739723,0.0,0.95,33.8,30.4,33.3
2023-06-13,36.2,41.9,30.2,0.0,35,22.37,30.6,2023,6,164,Summer,34.042857142857144,31.146666666666665,23.890958904109592,0.0,0.95,34.9,31.4,32.5
2023-06-14,35.6,40.5,30.7,0.0,36,21.97,30.0,2023,6,165,Summer,34.54285714285714,31.220000000000002,23.893424657534247,0.0,0.95,36.2,32.1,33.4
2023-06-15,33.2,37.4,30.3,0.4,47,21.3,30.8,2023,6,166,Summer,34.614285714285714,31.246666666666666,23.88657534246575,0.05714285714285715,0.9633333333333334,35.6,32.7,32.4
2023-06-16,32.2,38.7,27.4,1.2,51,20.2,28.1,2023,6,167,Summer,34.32857142857143,31.21333333333333,23.88109589041096,0.2285714285714286,1.0033333333333332,33.2,34.2,33.2
2023-06-17,32.9,39.3,26.3,0.3,54,20.8,15.2,2023,6,168,Summer,34.114285714285714,31.276666666666664,23.88931506849315,0.2714285714285714,1.0133333333333334,32.2,34.4,31.0
2023-06-18,32.1,38.7,28.4,4.0,60,20.44,17.7,2023,6,169,Summer,33.871428571428574,31.293333333333337,23.895890410958906,0.8428571428571429,1.1466666666666667,32.9,33.8,31.6
2023-06-19,29.6,32.3,27.4,6.6,71,7.35,12.9,2023,6,170,Summer,33.114285714285714,31.186666666666667,23.904109589041095,1.7857142857142858,1.3666666666666667,32.1,34.9,32.8
2023-06-20,30.6,36.5,26.1,16.6,67,19.92,20.6,2023,6,171,Summer,32.31428571428572,31.046666666666667,23.91260273972603,4.1571428571428575,1.9200000000000002,29.6,36.2,34.8
2023-06-21,29.3,35.6,25.7,20.3,77,13.78,18.0,2023,6,172,Summer,31.414285714285715,30.82,23.916438356164385,7.057142857142858,2.5966666666666667,30.6,35.6,36.1
2023-06-22,31.4,36.1,27.1,2.7,72,16.7,17.2,2023,6,173,Summer,31.157142857142855,30.69,23.921643835616436,7.385714285714286,2.6533333333333338,29.3,33.2,35.3
2023-06-23,30.8,35.4,26.1,6.1,76,16.8,18.4,2023,6,174,Summer,30.95714285714286,30.689999999999998,23.92082191780822,8.085714285714285,2.85,31.4,32.2,30.8
2023-06-24,30.9,34.5,27.7,10.7,75,15.21,17.7,2023,6,175,Summer,30.67142857142857,30.780000000000005,23.92082191780822,9.571428571428571,3.2000000000000006,30.8,32.9,28.2
2023-06-25,28.0,32.3,25.8,13.6,86,11.24,15.2,2023,6,176,Summer,30.08571428571429,30.763333333333335,23.908493150684933,10.942857142857145,3.6533333333333338,30.9,32.1,28.5
2023-06-26,28.0,32.8,25.1,5.8,84,19.23,7.6,2023,6,177,Summer,29.857142857142858,30.793333333333337,23.893150684931506,10.828571428571427,3.2066666666666666,28.0,29.6,27.1
2023-06-27,28.7,33.6,25.2,8.1,82,20.82,17.7,2023,6,178,Summer,29.585714285714285,30.836666666666666,23.877808219178082,9.614285714285714,3.4666666666666672,28.0,30.6,27.4
2023-06-28,29.1,34.0,26.0,12.2,81,20.4,13.5,2023,6,179,Summer,29.557142857142857,30.903333333333332,23.863835616438354,8.457142857142857,3.8333333333333335,28.7,29.3,27.1
2023-06-29,28.5,32.4,25.8,11.7,83,16.72,16.9,2023,6,180,Summer,29.142857142857142,30.94333333333333,23.84904109589041,9.742857142857144,4.22,29.1,31.4,27.3
2023-06-30,28.8,33.9,25.3,12.7,81,19.66,13.4,2023,6,181,Summer,28.857142857142858,31.07333333333333,23.849589041095893,10.685714285714285,4.546666666666667,28.5,30.8,24.9
2023-07-01,29.1,33.7,24.6,1.9,78,21.21,23.2,2023,7,182,Summer,28.6,31.163333333333334,23.852328767123282,9.428571428571429,4.596666666666667,28.8,30.9,26.4
2023-07-02,30.5,35.3,25.9,0.9,73,22.42,10.5,2023,7,183,Summer,28.957142857142856,31.263333333333332,23.853972602739724,7.614285714285714,4.583333333333333,29.1,28.0,27.5
2023-07-03,31.1,36.6,27.1,4.5,72,22.27,20.7,2023,7,184,Summer,29.4,31.326666666666664,23.859178082191782,7.428571428571428,4.733333333333333,30.5,28.0,29.2
2023-07-04,30.7,36.7,26.1,2.5,74,22.7,16.6,2023,7,185,Summer,29.685714285714287,31.373333333333335,23.859178082191782,6.628571428571427,4.763333333333334,31.1,28.7,29.3
2023-07-05,29.1,33.6,24.4,13.0,81,17.09,16.3,2023,7,186,Summer,29.685714285714287,31.33,23.85123287671233,6.742857142857143,5.193333333333333,30.7,29.1,30.4
2023-07-06,29.0,33.1,25.3,4.8,77,19.24,14.7,2023,7,187,Summer,29.75714285714286,31.25,23.846301369863017,5.757142857142857,5.3533333333333335,29.1,28.5,31.4
2023-07-07,28.5,33.3,24.9,10.0,83,15.18,15.8,2023,7,188,Summer,29.714285714285715,31.13,23.838082191780828,5.371428571428572,5.6866666666666665,29.0,28.8,32.1
2023-07-08,27.2,29.6,26.1,34.4,91,8.18,21.9,2023,7,189,Summer,29.442857142857143,30.946666666666665,23.823287671232876,10.014285714285714,6.833333333333333,28.5,29.1,32.7
2023-07-09,27.0,30.8,25.1,29.7,91,10.88,16.5,2023,7,190,Summer,28.942857142857143,30.706666666666667,23.812328767123287,14.128571428571428,7.823333333333333,27.2,30.5,34.2
2023-07-10,27.6,31.0,25.8,34.1,90,13.7,13.0,2023,7,191,Summer,28.442857142857147,30.48,23.807123287671235,18.357142857142858,8.96,27.0,31.1,34.4
2023-07-11,28.5,33.3,25.2,2.9,84,19.46,11.6,2023,7,192,Summer,28.128571428571426,30.303333333333335,23.79972602739726,18.414285714285715,9.056666666666667,27.6,30.7,33.8
2023-07-12,28.5,33.5,25.7,9.6,86,19.47,15.0,2023,7,193,Summer,28.042857142857144,30.09,23.79232876712329,17.928571428571427,9.376666666666667,28.5,29.1,34.9
2023-07-13,29.1,33.2,26.0,5.2,82,20.32,14.7,2023,7,194,Summer,28.057142857142857,29.853333333333335,23.78739726027397,17.985714285714288,9.55,28.5,29.0,36.2
2023-07-14,28.5,33.8,25.7,21.1,83,20.31,14.4,2023,7,195,Summer,28.057142857142857,29.616666666666667,23.783561643835615,19.571428571428573,10.253333333333334,29.1,28.5,35.6
2023-07-15,28.6,33.3,26.0,17.7,86,17.1,20.7,2023,7,196,Summer,28.25714285714286,29.463333333333335,23.775890410958905,17.185714285714287,10.830000000000002,28.5,27.2,33.2
2023-07-16,28.6,32.9,25.2,21.9,85,19.62,12.9,2023,7,197,Summer,28.485714285714288,29.34333333333333,23.773150684931505,16.071428571428573,11.52,28.6,27.0,32.2
2023-07-17,29.0,33.3,26.3,11.8,85,18.86,10.1,2023,7,198,Summer,28.685714285714287,29.21333333333333,23.771506849315063,12.885714285714286,11.903333333333334,28.6,27.6,32.9
2023-07-18,28.2,31.7,25.4,13.4,86,16.43,15.5,2023,7,199,Summer,28.642857142857146,29.083333333333332,23.764109589041094,14.385714285714284,12.216666666666667,29.0,28.5,32.1
2023-07-19,28.9,33.0,26.3,9.3,86,18.8,13.0,2023,7,200,Summer,28.699999999999996,29.06,23.75835616438356,14.342857142857143,12.306666666666667,28.2,28.5,29.6
2023-07-20,29.8,35.2,26.9,23.7,81,21.97,16.8,2023,7,201,Summer,28.8,29.033333333333335,23.760821917808222,16.985714285714288,12.543333333333331,28.9,29.1,30.6
2023-07-21,30.9,35.6,26.5,4.2,76,21.61,15.5,2023,7,202,Summer,29.142857142857142,29.086666666666666,23.769315068493153,14.571428571428571,12.006666666666668,29.8,28.5,29.3
2023-07-22,30.7,34.3,27.2,6.0,76,17.89,19.9,2023,7,203,Summer,29.442857142857143,29.063333333333333,23.7772602739726,12.9,12.116666666666667,30.9,28.6,31.4
2023-07-23,30.9,34.2,28.3,0.6,73,20.62,21.9,2023,7,204,Summer,29.771428571428572,29.066666666666666,23.786027397260277,9.85714285714286,11.933333333333334,30.7,28.6,30.8
2023-07-24,29.9,34.1,27.4,7.8,80,21.29,15.5,2023,7,205,Summer,29.900000000000002,29.033333333333335,23.78876712328767,9.285714285714286,11.836666666666668,30.9,29.0,30.9
2023-07-25,29.3,34.1,25.6,11.8,82,16.99,14.9,2023,7,206,Summer,30.057142857142853,29.076666666666664,23.79041095890411,9.057142857142857,11.776666666666667,29.9,28.2,28.0
2023-07-26,27.0,29.7,25.6,18.3,91,7.94,14.3,2023,7,207,Summer,29.785714285714285,29.043333333333333,23.787123287671232,10.342857142857143,12.193333333333333,29.3,28.9,28.0
2023-07-27,28.5,31.7,26.3,11.0,88,14.84,8.9,2023,7,208,Summer,29.599999999999998,29.03666666666667,23.78767123287671,8.528571428571428,12.290000000000001,27.0,29.8,28.7
2023-07-28,28.2,32.9,26.3,27.0,87,16.56,10.2,2023,7,209,Summer,29.214285714285715,29.006666666666668,23.789315068493153,11.785714285714286,12.783333333333333,28.5,30.9,29.1
2023-07-29,27.8,31.4,24.7,11.2,84,16.75,13.5,2023,7,210,Summer,28.8,28.983333333333334,23.79068493150685,12.528571428571428,12.766666666666667,28.2,30.7,28.5
2023-07-30,29.0,33.1,25.0,2.3,80,20.85,14.0,2023,7,211,Summer,28.52857142857143,28.990000000000002,23.794246575342466,12.771428571428572,12.42,27.8,30.9,28.8
2023-07-31,29.6,33.6,25.1,0.8,78,22.03,18.6,2023,7,212,Summer,28.485714285714284,29.006666666666668,23.797534246575342,11.771428571428572,12.383333333333333,29.0,29.9,29.1
2023-08-01,30.3,34.6,26.9,0.2,75,22.26,18.7,2023,8,213,Summer,28.62857142857143,29.0,23.80438356164383,10.114285714285714,12.360000000000001,29.6,29.3,30.5
2023-08-02,30.2,35.1,27.3,1.4,78,21.0,17.8,2023,8,214,Summer,29.08571428571429,28.970000000000002,23.806849315068494,7.7,12.256666666666666,30.3,27.0,31.1
2023-08-03,29.4,34.1,26.5,9.6,82,21.94,18.0,2023,8,215,Summer,29.214285714285715,28.926666666666666,23.80767123287671,7.5,12.493333333333334,30.2,28.5,30.7
2023-08-04,28.4,31.7,26.0,11.5,88,13.86,9.4,2023,8,216,Summer,29.24285714285714,28.903333333333332,23.808493150684928,5.285714285714286,12.443333333333333,29.4,28.2,29.1
2023-08-05,29.4,33.7,26.3,4.8,83,17.76,12.9,2023,8,217,Summer,29.47142857142857,28.916666666666668,23.813424657534252,4.371428571428571,12.443333333333332,28.4,27.8,29.0
2023-08-06,30.0,34.8,26.0,1.9,74,22.44,19.8,2023,8,218,Summer,29.614285714285717,28.966666666666665,23.816986301369866,4.314285714285714,12.173333333333334,29.4,29.0,28.5
2023-08-07,30.0,34.2,27.2,0.1,68,22.11,22.0,2023,8,219,Summer,29.67142857142857,29.06,23.823287671232876,4.2142857142857135,11.03,30.0,29.6,27.2
2023-08-08,30.3,34.4,26.9,0.0,67,20.89,24.5,2023,8,220,Summer,29.67142857142857,29.17,23.82684931506849,4.185714285714285,10.04,30.0,30.3,27.0
2023-08-09,30.7,34.5,27.4,0.0,65,20.35,20.2,2023,8,221,Summer,29.742857142857144,29.27333333333333,23.827945205479455,3.9857142857142853,8.903333333333332,30.3,30.2,27.6
2023-08-10,29.9,34.0,27.3,1.7,70,19.92,17.5,2023,8,222,Summer,29.814285714285713,29.32,23.825205479452055,2.8571428571428568,8.863333333333335,30.7,29.4,28.5
2023-08-11,30.6,34.6,27.2,1.6,67,21.81,15.7,2023,8,223,Summer,30.12857142857143,29.389999999999997,23.832876712328765,1.4428571428571428,8.596666666666666,29.9,28.4,28.5
2023-08-12,31.3,35.3,28.2,0.0,56,21.24,20.7,2023,8,224,Summer,30.4,29.46333333333333,23.838356164383562,0.7571428571428571,8.423333333333334,30.6,29.4,29.1
2023-08-13,31.0,35.6,27.6,0.7,61,21.41,18.8,2023,8,225,Summer,30.54285714285714,29.546666666666667,23.8427397260274,0.5857142857142856,7.743333333333334,31.3,30.0,28.5
2023-08-14,29.7,33.5,26.8,0.0,67,17.13,13.2,2023,8,226,Summer,30.5,29.58333333333333,23.847671232876717,0.5714285714285714,7.153333333333334,31.0,30.0,28.6
2023-08-15,29.8,34.7,25.8,0.1,74,21.23,9.7,2023,8,227,Summer,30.428571428571427,29.623333333333335,23.852876712328765,0.5857142857142856,6.426666666666667,29.7,30.3,28.6
2023-08-16,30.9,36.0,25.6,0.1,67,22.0,16.8,2023,8,228,Summer,30.457142857142856,29.686666666666667,23.862465753424654,0.6,6.036666666666666,29.8,30.7,29.0
2023-08-17,31.9,36.0,27.8,0.0,58,22.59,20.3,2023,8,229,Summer,30.742857142857144,29.81,23.872328767123285,0.35714285714285715,5.59,30.9,29.9,28.2
2023-08-18,31.7,36.1,28.3,0.1,60,21.99,15.1,2023,8,230,Summer,30.9,29.903333333333332,23.87917808219178,0.14285714285714285,5.283333333333333,31.9,30.6,28.9
2023-08-19,30.3,34.1,26.2,7.4,75,18.94,19.1,2023,8,231,Summer,30.75714285714286,29.919999999999998,23.880273972602737,1.2,4.739999999999999,31.7,31.3,29.8
2023-08-20,31.8,35.8,27.8,0.1,69,22.29,18.0,2023,8,232,Summer,30.871428571428574,29.95,23.891232876712333,1.1142857142857143,4.6033333333333335,30.3,31.0,30.9
2023-08-21,32.0,36.3,28.0,0.8,70,20.73,14.7,2023,8,233,Summer,31.199999999999996,29.993333333333336,23.89835616438356,1.2285714285714284,4.430000000000001,31.8,29.7,30.7
2023-08-22,30.4,35.4,27.4,12.6,79,15.85,18.0,2023,8,234,Summer,31.285714285714285,29.97666666666667,23.90164383561644,3.0142857142857147,4.83,32.0,29.8,30.9
2023-08-23,27.7,29.9,25.6,15.5,90,5.8,20.9,2023,8,235,Summer,30.82857142857143,29.90333333333333,23.897260273972602,5.214285714285714,5.086666666666667,30.4,30.9,29.9
2023-08-24,29.0,33.3,24.8,0.0,73,20.01,17.0,2023,8,236,Summer,30.414285714285715,29.89333333333333,23.89917808219178,5.214285714285714,4.6933333333333325,27.7,31.9,29.3
2023-08-25,30.0,33.9,25.7,0.0,63,19.03,16.7,2023,8,237,Summer,30.171428571428574,29.993333333333332,23.90164383561644,5.2,4.083333333333333,29.0,31.7,27.0
2023-08-26,30.4,34.3,27.3,0.0,60,21.52,18.9,2023,8,238,Summer,30.185714285714283,30.05666666666667,23.90219178082192,4.142857142857143,3.716666666666667,30.0,30.3,28.5
2023-08-27,30.4,34.8,27.1,0.1,56,21.38,23.2,2023,8,239,Summer,29.985714285714288,30.13,23.90164383561644,4.142857142857143,2.8200000000000003,30.4,31.8,28.2
2023-08-28,29.4,34.8,26.3,2.2,63,21.03,22.5,2023,8,240,Summer,29.61428571428571,30.183333333333334,23.897260273972602,4.3428571428571425,2.5200000000000005,30.4,32.0,27.8
2023-08-29,30.4,35.0,25.8,0.0,59,21.68,19.3,2023,8,241,Summer,29.614285714285717,30.23,23.89808219178082,2.5428571428571423,2.443333333333334,29.4,30.4,29.0
2023-08-30,30.9,36.4,26.6,0.0,57,21.76,15.5,2023,8,242,Summer,30.071428571428566,30.27333333333333,23.89917808219178,0.3285714285714286,2.4166666666666665,30.4,27.7,29.6
2023-08-31,31.1,36.4,25.7,0.0,59,21.44,14.4,2023,8,243,Summer,30.37142857142857,30.3,23.89835616438356,0.3285714285714286,2.4100000000000006,30.9,29.0,30.3
2023-09-01,31.9,37.3,26.7,0.0,54,21.88,19.3,2023,9,244,Autumn,30.64285714285714,30.356666666666666,23.898630136986302,0.3285714285714286,2.3633333333333337,31.1,30.0,30.2
2023-09-02,31.8,37.2,27.3,0.0,51,22.77,23.4,2023,9,245,Autumn,30.842857142857145,30.436666666666667,23.89835616438356,0.3285714285714286,2.0433333333333334,31.9,30.4,29.4
2023-09-03,31.3,36.7,26.3,0.0,53,22.83,22.0,2023,9,246,Autumn,30.97142857142857,30.533333333333335,23.89643835616438,0.31428571428571433,1.66,31.8,30.4,28.4
2023-09-04,31.3,37.3,25.6,0.0,52,22.87,18.6,2023,9,247,Autumn,31.24285714285714,30.59666666666667,23.894246575342464,0.0,1.5,31.3,29.4,29.4
2023-09-05,30.7,36.2,26.5,6.1,67,18.75,12.5,2023,9,248,Autumn,31.285714285714285,30.62,23.892328767123285,0.8714285714285713,1.6400000000000001,31.3,30.4,30.0
2023-09-06,30.9,36.2,24.3,1.7,64,21.61,21.4,2023,9,249,Autumn,31.285714285714285,30.65,23.890136986301375,1.1142857142857143,1.6933333333333336,30.7,30.9,30.0
2023-09-07,31.9,38.4,27.0,0.0,60,20.47,9.6,2023,9,250,Autumn,31.4,30.703333333333333,23.889863013698633,1.1142857142857143,1.6933333333333336,30.9,31.1,30.3
2023-09-08,30.3,36.6,25.5,1.3,68,20.91,20.3,2023,9,251,Autumn,31.171428571428574,30.69,23.885753424657533,1.3,1.7366666666666668,31.9,31.9,30.7
2023-09-09,27.8,32.4,25.4,2.5,80,15.93,25.4,2023,9,252,Autumn,30.599999999999998,30.619999999999997,23.875616438356165,1.657142857142857,1.7633333333333332,30.3,31.8,29.9
2023-09-10,26.1,30.0,24.2,35.3,89,12.33,17.6,2023,9,253,Autumn,29.857142857142858,30.470000000000002,23.864383561643837,6.7,2.8866666666666663,27.8,31.3,30.6
2023-09-11,27.5,32.1,23.9,1.0,81,20.04,19.8,2023,9,254,Autumn,29.314285714285717,30.34333333333333,23.858356164383558,6.8428571428571425,2.92,26.1,31.3,31.3
2023-09-12,28.7,33.4,24.4,0.0,79,20.28,9.6,2023,9,255,Autumn,29.02857142857143,30.266666666666666,23.854246575342465,5.971428571428571,2.8966666666666665,27.5,30.7,31.0
2023-09-13,29.7,33.7,26.4,7.4,79,19.38,16.3,2023,9,256,Autumn,28.857142857142858,30.266666666666666,23.854794520547944,6.785714285714286,3.143333333333333,28.7,30.9,29.7
2023-09-14,29.2,34.1,26.7,5.5,82,17.47,15.3,2023,9,257,Autumn,28.47142857142857,30.246666666666666,23.859452054794517,7.571428571428571,3.3233333333333333,29.7,31.9,29.8
2023-09-15,28.1,32.0,25.5,5.7,87,12.27,14.6,2023,9,258,Autumn,28.157142857142855,30.153333333333332,23.864931506849317,8.2,3.51,29.2,30.3,30.9
2023-09-16,28.3,31.5,26.4,7.8,84,14.38,23.9,2023,9,259,Autumn,28.22857142857143,30.033333333333335,23.870684931506847,8.957142857142857,3.7700000000000005,28.1,27.8,31.9
2023-09-17,27.1,31.7,25.2,6.5,87,14.09,22.5,2023,9,260,Autumn,28.37142857142857,29.88,23.86986301369863,4.8428571428571425,3.9833333333333334,28.3,26.1,31.7
2023-09-18,27.9,31.7,24.7,2.1,79,19.23,23.1,2023,9,261,Autumn,28.428571428571427,29.8,23.86958904109589,5.0,3.8066666666666666,27.1,27.5,30.3
2023-09-19,28.6,33.1,24.6,0.2,77,19.85,11.5,2023,9,262,Autumn,28.414285714285715,29.69333333333333,23.86986301369863,5.028571428571429,3.81,27.9,28.7,31.8
2023-09-20,29.4,33.1,25.5,0.9,76,18.58,9.2,2023,9,263,Autumn,28.371428571428574,29.606666666666666,23.875890410958903,4.1000000000000005,3.813333333333333,28.6,29.7,32.0
2023-09-21,28.9,33.5,26.0,2.6,81,18.69,22.0,2023,9,264,Autumn,28.328571428571426,29.556666666666665,23.880000000000003,3.685714285714286,3.48,29.4,29.2,30.4
2023-09-22,29.4,33.3,25.3,0.3,78,19.0,10.5,2023,9,265,Autumn,28.514285714285712,29.613333333333337,23.89205479452055,2.914285714285714,2.9733333333333336,28.9,28.1,27.7
2023-09-23,28.6,32.8,25.6,1.4,82,18.26,13.7,2023,9,266,Autumn,28.557142857142853,29.6,23.9027397260274,2.0,3.0200000000000005,29.4,28.3,29.0
2023-09-24,27.9,32.8,25.3,0.9,80,17.99,14.8,2023,9,267,Autumn,28.67142857142857,29.530000000000005,23.911780821917812,1.2,3.05,28.6,27.1,30.0
2023-09-25,28.6,32.9,24.6,0.2,76,19.03,9.4,2023,9,268,Autumn,28.77142857142857,29.469999999999995,23.918082191780822,0.9285714285714287,3.0566666666666666,27.9,27.9,30.4
2023-09-26,28.8,32.9,24.9,0.2,73,18.69,9.4,2023,9,269,Autumn,28.8,29.416666666666668,23.923835616438357,0.9285714285714286,3.06,28.6,28.6,30.4
2023-09-27,27.8,33.3,23.3,0.0,65,20.37,14.0,2023,9,270,Autumn,28.571428571428573,29.363333333333333,23.927123287671233,0.7999999999999999,2.9866666666666664,28.8,29.4,29.4
2023-09-28,26.6,33.1,20.6,0.0,62,20.62,12.9,2023,9,271,Autumn,28.242857142857144,29.236666666666668,23.92547945205479,0.42857142857142855,2.9866666666666664,27.8,28.9,30.4
2023-09-29,26.8,33.2,20.4,0.0,61,20.38,9.7,2023,9,272,Autumn,27.871428571428574,29.1,23.924657534246574,0.38571428571428573,2.9866666666666664,26.6,29.4,30.9
2023-09-30,27.9,34.8,22.8,0.0,57,19.96,17.6,2023,9,273,Autumn,27.771428571428572,28.993333333333336,23.926301369863015,0.18571428571428572,2.9866666666666664,26.8,28.6,31.1
2023-10-01,27.4,34.6,21.3,0.0,54,20.01,19.5,2023,10,274,Autumn,27.7,28.843333333333337,23.924657534246574,0.05714285714285715,2.9866666666666664,27.9,27.9,31.9
2023-10-02,26.7,33.8,20.2,0.0,43,20.07,19.9,2023,10,275,Autumn,27.428571428571427,28.673333333333332,23.92109589041096,0.028571428571428574,2.9866666666666664,27.4,28.6,31.8
2023-10-03,26.4,33.9,20.0,0.0,40,20.12,23.4,2023,10,276,Autumn,27.085714285714285,28.51,23.917534246575343,0.0,2.9866666666666664,26.7,28.8,31.3
2023-10-04,26.3,33.9,18.9,0.0,53,19.8,21.1,2023,10,277,Autumn,26.87142857142857,28.34333333333333,23.913698630136988,0.0,2.9866666666666664,26.4,27.8,31.3
2023-10-05,26.4,34.3,19.9,0.0,52,19.76,16.4,2023,10,278,Autumn,26.842857142857138,28.2,23.911780821917805,0.0,2.783333333333333,26.3,26.6,30.7
2023-10-06,27.3,35.3,19.9,0.0,51,19.44,13.7,2023,10,279,Autumn,26.91428571428571,28.080000000000002,23.914246575342467,0.0,2.7266666666666666,26.4,26.8,30.9
2023-10-07,28.3,35.0,21.6,0.0,60,18.75,14.4,2023,10,280,Autumn,26.97142857142857,27.959999999999997,23.924657534246574,0.0,2.7266666666666666,27.3,27.9,31.9
2023-10-08,29.7,35.3,24.1,0.0,58,18.53,14.9,2023,10,281,Autumn,27.3,27.94,23.94438356164384,0.0,2.683333333333333,28.3,27.4,30.3
2023-10-09,29.3,35.2,24.6,0.0,54,17.67,16.7,2023,10,282,Autumn,27.671428571428574,27.990000000000002,23.962739726027397,0.0,2.6,29.7,26.7,27.8
2023-10-10,28.4,33.5,24.4,2.5,55,16.6,13.1,2023,10,283,Autumn,27.957142857142856,28.066666666666666,23.976438356164383,0.35714285714285715,1.5066666666666668,29.3,26.4,26.1
2023-10-11,26.5,33.7,21.2,0.0,57,18.63,15.5,2023,10,284,Autumn,27.985714285714284,28.033333333333335,23.984931506849314,0.35714285714285715,1.4733333333333334,28.4,26.3,27.5
2023-10-12,25.8,33.2,18.9,0.0,54,18.47,14.3,2023,10,285,Autumn,27.900000000000002,27.936666666666667,23.99041095890411,0.35714285714285715,1.4733333333333334,26.5,26.4,28.7
2023-10-13,27.5,34.7,20.3,0.0,55,17.85,13.4,2023,10,286,Autumn,27.928571428571427,27.863333333333337,24.000547945205483,0.35714285714285715,1.2266666666666668,25.8,27.3,29.7
2023-10-14,28.2,35.0,21.6,0.0,52,16.54,16.1,2023,10,287,Autumn,27.91428571428571,27.83,24.012876712328765,0.35714285714285715,1.0433333333333334,27.5,28.3,29.2
2023-10-15,27.3,33.7,22.3,0.1,55,16.86,15.6,2023,10,288,Autumn,27.571428571428573,27.803333333333335,24.02219178082192,0.37142857142857144,0.8566666666666667,28.2,29.7,28.1
2023-10-16,24.3,29.0,19.8,9.9,65,13.08,27.6,2023,10,289,Autumn,26.857142857142858,27.67,24.022739726027396,1.7857142857142858,0.9266666666666665,27.3,29.3,28.3
2023-10-17,22.3,28.7,18.2,3.3,72,14.24,13.5,2023,10,290,Autumn,25.985714285714288,27.509999999999998,24.017534246575348,1.9000000000000001,0.82,24.3,28.4,27.1
2023-10-18,22.6,29.0,17.1,0.0,65,17.09,14.7,2023,10,291,Autumn,25.428571428571427,27.333333333333332,24.012876712328765,1.9000000000000001,0.75,22.3,26.5,27.9
2023-10-19,21.9,28.6,17.0,0.0,63,17.17,13.2,2023,10,292,Autumn,24.87142857142857,27.11,24.007945205479455,1.9000000000000001,0.7433333333333334,22.6,25.8,28.6
2023-10-20,22.4,29.1,17.0,0.0,65,17.1,9.9,2023,10,293,Autumn,24.142857142857142,26.87666666666667,24.004931506849317,1.9000000000000001,0.7133333333333333,21.9,27.5,29.4
2023-10-21,22.8,29.7,16.7,0.0,63,16.88,9.8,2023,10,294,Autumn,23.371428571428574,26.673333333333336,24.001643835616438,1.9000000000000001,0.6266666666666667,22.4,28.2,28.9
2023-10-22,23.3,30.4,17.1,0.0,61,16.33,10.8,2023,10,295,Autumn,22.8,26.469999999999995,24.003013698630138,1.8857142857142857,0.6166666666666667,22.8,27.3,29.4
2023-10-23,23.2,29.7,17.6,0.0,64,16.29,11.4,2023,10,296,Autumn,22.642857142857142,26.290000000000003,24.00630136986301,0.4714285714285714,0.57,23.3,24.3,28.6
2023-10-24,23.4,30.5,17.7,0.0,60,16.18,11.0,2023,10,297,Autumn,22.800000000000004,26.139999999999997,24.00958904109589,0.0,0.5399999999999999,23.2,22.3,27.9
2023-10-25,23.2,30.6,17.1,0.0,59,16.25,14.6,2023,10,298,Autumn,22.885714285714283,25.96,24.012602739726027,0.0,0.5333333333333333,23.4,22.6,28.6
2023-10-26,22.9,30.5,16.9,0.0,58,16.42,13.0,2023,10,299,Autumn,23.028571428571432,25.763333333333332,24.012054794520548,0.0,0.5266666666666667,23.2,21.9,28.8
2023-10-27,22.9,30.4,16.6,0.0,51,16.52,11.9,2023,10,300,Autumn,23.099999999999998,25.6,24.00904109589041,0.0,0.5266666666666667,22.9,22.4,27.8
2023-10-28,24.4,30.0,18.6,0.0,48,13.66,10.0,2023,10,301,Autumn,23.328571428571426,25.526666666666664,24.012328767123286,0.0,0.5266666666666667,22.9,22.8,26.6
2023-10-29,24.0,31.4,17.8,0.0,56,15.53,9.3,2023,10,302,Autumn,23.428571428571427,25.433333333333334,24.013972602739727,0.0,0.5266666666666667,24.4,23.3,26.8
2023-10-30,23.9,31.7,17.6,0.0,67,15.14,10.7,2023,10,303,Autumn,23.52857142857143,25.299999999999997,24.016438356164382,0.0,0.5266666666666667,24.0,23.2,27.9
2023-10-31,24.1,31.1,18.5,0.0,69,15.07,8.9,2023,10,304,Autumn,23.62857142857143,25.189999999999998,24.018904109589045,0.0,0.5266666666666667,23.9,23.4,27.4
2023-11-01,24.0,30.5,18.8,0.0,66,15.14,10.8,2023,11,305,Autumn,23.74285714285714,25.1,24.02054794520548,0.0,0.5266666666666667,24.1,23.2,26.7
2023-11-02,24.1,30.3,19.0,0.0,66,14.8,10.5,2023,11,306,Autumn,23.91428571428571,25.02333333333333,24.023287671232875,0.0,0.5266666666666667,24.0,22.9,26.4
2023-11-03,22.5,28.5,17.8,1.1,70,13.99,16.8,2023,11,307,Autumn,23.857142857142858,24.896666666666665,24.020821917808217,0.15714285714285717,0.5633333333333332,24.1,22.9,26.3
2023-11-04,22.5,29.6,15.9,0.0,66,14.63,16.0,2023,11,308,Autumn,23.585714285714285,24.766666666666666,24.014520547945203,0.15714285714285717,0.5633333333333332,22.5,24.4,26.4
2023-11-05,22.7,29.6,16.8,0.0,62,15.08,11.3,2023,11,309,Autumn,23.400000000000002,24.613333333333333,24.01123287671233,0.15714285714285717,0.5633333333333332,22.5,24.0,27.3
2023-11-06,22.2,29.5,15.2,0.0,60,14.88,11.4,2023,11,310,Autumn,23.157142857142855,24.41,24.007945205479455,0.15714285714285717,0.5633333333333332,22.7,23.9,28.3
2023-11-07,22.5,30.1,16.3,0.0,64,14.45,11.4,2023,11,311,Autumn,22.928571428571427,24.169999999999998,24.005479452054793,0.15714285714285717,0.5633333333333332,22.2,24.1,29.7
2023-11-08,22.7,29.5,16.8,0.0,65,14.33,10.3,2023,11,312,Autumn,22.74285714285714,23.95,24.00794520547945,0.15714285714285717,0.5633333333333332,22.5,24.0,29.3
2023-11-09,22.7,29.2,16.9,0.0,65,13.97,10.3,2023,11,313,Autumn,22.542857142857144,23.759999999999998,24.00958904109589,0.15714285714285717,0.48000000000000004,22.7,24.1,28.4
2023-11-10,20.5,26.4,16.1,2.9,76,10.93,19.5,2023,11,314,Autumn,22.25714285714286,23.56,24.00794520547945,0.41428571428571426,0.5766666666666667,22.7,22.5,26.5
2023-11-11,19.2,25.3,14.9,0.0,76,13.89,11.6,2023,11,315,Autumn,21.785714285714285,23.339999999999996,24.005479452054793,0.41428571428571426,0.5766666666666667,20.5,22.5,25.8
2023-11-12,18.8,25.1,13.9,0.0,74,14.09,11.4,2023,11,316,Autumn,21.228571428571428,23.049999999999997,24.00219178082192,0.41428571428571426,0.5766666666666667,19.2,22.7,27.5
2023-11-13,19.0,25.6,13.2,0.0,73,13.85,9.8,2023,11,317,Autumn,20.771428571428572,22.743333333333332,23.99972602739726,0.41428571428571426,0.5766666666666667,18.8,22.2,28.2
2023-11-14,18.9,25.2,14.1,0.0,71,11.71,9.8,2023,11,318,Autumn,20.25714285714286,22.46333333333333,23.994246575342466,0.41428571428571426,0.5733333333333335,19.0,22.5,27.3
2023-11-15,18.5,25.7,13.1,0.0,72,13.86,10.2,2023,11,319,Autumn,19.657142857142855,22.27,23.989315068493152,0.41428571428571426,0.24333333333333332,18.9,22.7,24.3
2023-11-16,19.7,26.2,13.0,0.0,69,13.52,8.6,2023,11,320,Autumn,19.228571428571428,22.183333333333334,23.990136986301373,0.41428571428571426,0.13333333333333333,18.5,22.7,22.3
2023-11-17,20.4,26.8,14.3,0.0,71,13.0,9.9,2023,11,321,Autumn,19.214285714285715,22.11,23.996438356164386,0.0,0.13333333333333333,19.7,20.5,22.6
2023-11-18,19.9,26.2,14.6,0.0,70,13.04,8.0,2023,11,322,Autumn,19.314285714285713,22.043333333333337,24.003561643835614,0.0,0.13333333333333333,20.4,19.2,21.9
2023-11-19,20.1,25.7,13.9,0.0,66,12.88,10.5,2023,11,323,Autumn,19.5,21.96666666666666,24.010136986301372,0.0,0.13333333333333333,19.9,18.8,22.4
2023-11-20,19.6,25.5,13.4,0.0,65,13.19,10.2,2023,11,324,Autumn,19.585714285714285,21.86,24.015890410958907,0.0,0.13333333333333333,20.1,19.0,22.8
2023-11-21,18.8,25.2,13.5,0.0,70,13.18,16.3,2023,11,325,Autumn,19.571428571428573,21.71,24.018082191780824,0.0,0.13333333333333333,19.6,18.9,23.3
2023-11-22,18.1,24.8,13.1,0.0,65,13.32,13.8,2023,11,326,Autumn,19.514285714285712,21.54,24.018630136986303,0.0,0.13333333333333333,18.8,18.5,23.2
2023-11-23,18.0,24.8,11.3,0.0,68,13.21,9.0,2023,11,327,Autumn,19.271428571428572,21.36,24.01972602739726,0.0,0.13333333333333333,18.1,19.7,23.4
2023-11-24,18.5,25.1,13.4,0.0,69,13.01,10.0,2023,11,328,Autumn,19.0,21.20333333333333,24.023287671232875,0.0,0.13333333333333333,18.0,20.4,23.2
2023-11-25,18.5,25.3,12.4,0.0,68,12.87,10.0,2023,11,329,Autumn,18.8,21.056666666666665,24.026575342465755,0.0,0.13333333333333333,18.5,19.9,22.9
2023-11-26,19.2,25.5,14.2,0.0,68,10.47,11.2,2023,11,330,Autumn,18.671428571428574,20.933333333333334,24.032054794520544,0.0,0.13333333333333333,18.5,20.1,22.9
2023-11-27,18.5,24.0,15.7,4.0,75,6.96,23.2,2023,11,331,Autumn,18.514285714285712,20.736666666666668,24.036438356164382,0.5714285714285714,0.26666666666666666,19.2,19.6,24.4
2023-11-28,17.4,20.6,15.1,3.2,88,6.06,10.2,2023,11,332,Autumn,18.314285714285713,20.516666666666666,24.036438356164386,1.0285714285714287,0.3733333333333333,18.5,18.8,24.0
2023-11-29,18.5,24.4,13.4,0.4,80,11.56,8.7,2023,11,333,Autumn,18.37142857142857,20.336666666666666,24.041095890410958,1.0857142857142859,0.38666666666666666,17.4,18.1,23.9
2023-11-30,17.8,21.7,14.1,1.0,84,9.33,13.3,2023,11,334,Autumn,18.342857142857145,20.12666666666667,24.043835616438358,1.2285714285714284,0.42,18.5,18.0,24.1
2023-12-01,18.4,24.2,13.8,0.1,81,11.06,8.0,2023,12,335,Winter,18.328571428571426,19.94,24.04904109589041,1.242857142857143,0.4233333333333333,17.8,18.5,24.0
2023-12-02,18.0,24.2,13.2,0.0,79,11.66,8.7,2023,12,336,Winter,18.257142857142856,19.736666666666668,24.052602739726023,1.242857142857143,0.4233333333333333,18.4,18.5,24.1
2023-12-03,18.0,24.5,12.2,0.1,74,12.09,10.4,2023,12,337,Winter,18.085714285714285,19.586666666666666,24.055068493150685,1.2571428571428573,0.39,18.0,19.2,22.5
2023-12-04,17.8,22.9,13.7,0.0,73,10.56,11.3,2023,12,338,Winter,17.985714285714284,19.43,24.058630136986306,0.6857142857142857,0.39,18.0,18.5,22.5
2023-12-05,16.5,23.2,11.5,0.0,73,12.3,12.4,2023,12,339,Winter,17.857142857142858,19.223333333333333,24.061369863013702,0.2285714285714286,0.39,17.8,17.4,22.7
2023-12-06,16.4,23.6,11.7,0.0,76,12.46,11.3,2023,12,340,Winter,17.557142857142857,19.029999999999998,24.06246575342466,0.17142857142857146,0.39,16.5,18.5,22.2
2023-12-07,16.7,24.1,11.6,0.0,77,12.06,10.2,2023,12,341,Winter,17.4,18.836666666666666,24.063561643835612,0.028571428571428588,0.39,16.4,17.8,22.5
2023-12-08,16.5,23.8,11.4,0.0,74,12.3,13.3,2023,12,342,Winter,17.128571428571426,18.63,24.064931506849312,0.014285714285714303,0.39,16.7,18.4,22.7
2023-12-09,15.9,23.4,10.7,0.0,70,12.43,13.3,2023,12,343,Winter,16.82857142857143,18.403333333333332,24.06383561643836,0.014285714285714303,0.39,16.5,18.0,22.7
2023-12-10,15.5,22.5,10.8,0.0,68,12.46,18.0,2023,12,344,Winter,16.47142857142857,18.236666666666668,24.060000000000002,0.0,0.29333333333333333,15.9,18.0,20.5
2023-12-11,15.2,22.3,9.1,0.0,69,12.27,10.1,2023,12,345,Winter,16.1,18.103333333333335,24.054246575342464,0.0,0.29333333333333333,15.5,17.8,19.2
2023-12-12,15.6,22.8,9.3,0.0,70,12.03,11.4,2023,12,346,Winter,15.971428571428572,17.99666666666667,24.05068493150685,0.0,0.29333333333333333,15.2,16.5,18.8
2023-12-13,15.9,22.8,10.4,0.0,67,12.09,10.3,2023,12,347,Winter,15.900000000000002,17.893333333333334,24.048219178082192,0.0,0.29333333333333333,15.6,16.4,19.0
2023-12-14,14.7,22.1,9.7,0.0,71,12.28,16.1,2023,12,348,Winter,15.614285714285714,17.75333333333333,24.045479452054796,0.0,0.29333333333333333,15.9,16.7,18.9
2023-12-15,14.2,22.1,7.5,0.0,71,12.21,10.2,2023,12,349,Winter,15.285714285714286,17.61,24.044383561643834,0.0,0.29333333333333333,14.7,16.5,18.5
2023-12-16,14.5,22.3,7.7,0.0,67,12.01,12.1,2023,12,350,Winter,15.085714285714285,17.436666666666667,24.04575342465753,0.0,0.29333333333333333,14.2,15.9,19.7
2023-12-17,15.4,22.6,9.5,0.0,64,12.03,12.6,2023,12,351,Winter,15.071428571428571,17.27,24.04931506849315,0.0,0.29333333333333333,14.5,15.5,20.4
2023-12-18,14.3,21.5,9.1,0.0,67,12.25,20.1,2023,12,352,Winter,14.942857142857141,17.083333333333332,24.04931506849315,0.0,0.29333333333333333,15.4,15.2,19.9
2023-12-19,14.2,21.5,8.6,0.0,64,12.45,17.1,2023,12,353,Winter,14.742857142857144,16.886666666666667,24.049589041095892,0.0,0.29333333333333333,14.3,15.6,20.1
2023-12-20,13.6,20.4,7.9,0.0,70,11.55,11.8,2023,12,354,Winter,14.414285714285713,16.686666666666667,24.049589041095885,0.0,0.29333333333333333,14.2,15.9,19.6
2023-12-21,13.9,21.6,8.1,0.0,74,11.92,13.3,2023,12,355,Winter,14.3,16.523333333333333,24.052054794520547,0.0,0.29333333333333333,13.6,14.7,18.8
2023-12-22,13.9,21.5,7.1,0.0,76,12.16,9.7,2023,12,356,Winter,14.257142857142856,16.383333333333333,24.054794520547944,0.0,0.29333333333333333,13.9,14.2,18.1
2023-12-23,16.1,22.1,11.1,0.3,72,11.89,9.4,2023,12,357,Winter,14.485714285714286,16.32,24.0654794520548,0.04285714285714287,0.30333333333333334,13.9,14.5,18.0
2023-12-24,15.8,22.9,9.7,0.0,76,11.93,9.2,2023,12,358,Winter,14.542857142857143,16.23,24.074794520547943,0.04285714285714287,0.30333333333333334,16.1,15.4,18.5
2023-12-25,15.5,22.9,10.7,0.0,78,12.12,12.2,2023,12,359,Winter,14.714285714285714,16.13,24.08739726027397,0.04285714285714287,0.30333333333333334,15.8,14.3,18.5
2023-12-26,15.4,22.7,9.5,0.0,75,11.42,8.2,2023,12,360,Winter,14.885714285714286,16.003333333333334,24.099178082191777,0.04285714285714287,0.30333333333333334,15.5,14.2,19.2
2023-12-27,14.3,21.7,8.5,0.0,80,12.13,10.1,2023,12,361,Winter,14.985714285714286,15.863333333333335,24.105753424657536,0.04285714285714287,0.16999999999999998,15.4,13.6,18.5
2023-12-28,14.0,20.9,9.7,0.0,85,11.64,10.3,2023,12,362,Winter,15.0,15.75,24.10821917808219,0.04285714285714287,0.06333333333333332,14.3,13.9,17.4
2023-12-29,13.3,20.2,8.3,0.0,87,10.26,6.4,2023,12,363,Winter,14.914285714285715,15.576666666666664,24.106027397260277,0.04285714285714287,0.05,14.0,13.9,18.5
2023-12-30,12.5,19.0,9.0,0.0,90,9.24,9.3,2023,12,364,Winter,14.4,15.4,24.09945205479452,0.0,0.016666666666666666,13.3,16.1,17.8
2023-12-31,12.7,18.7,7.6,0.0,84,11.45,8.0,2023,12,365,Winter,13.957142857142857,15.21,24.098356164383567,0.0,0.013333333333333334,12.5,15.8,18.4
2024-01-01,10.4,16.2,5.9,0.0,85,10.65,8.2,2024,1,1,Winter,13.22857142857143,14.956666666666667,24.09260273972603,0.0,0.013333333333333334,12.7,15.5,18.0
2024-01-02,9.1,15.3,4.6,0.0,86,11.21,8.2,2024,1,2,Winter,12.328571428571427,14.66,24.0841095890411,0.0,0.01,10.4,15.4,18.0
2024-01-03,9.5,15.9,4.8,0.0,89,9.77,10.4,2024,1,3,Winter,11.642857142857142,14.383333333333333,24.08109589041096,0.0,0.01,9.1,14.3,17.8
2024-01-04,11.5,17.9,5.2,0.0,82,10.85,10.2,2024,1,4,Winter,11.285714285714286,14.216666666666667,24.086027397260278,0.0,0.01,9.5,14.0,16.5
2024-01-05,11.7,17.3,7.3,0.1,85,7.51,9.7,2024,1,5,Winter,11.057142857142859,14.06,24.093698630136984,0.014285714285714303,0.013333333333333334,11.5,13.3,16.4
2024-01-06,11.6,16.9,6.3,0.0,82,9.25,9.0,2024,1,6,Winter,10.928571428571429,13.889999999999999,24.102739726027398,0.014285714285714303,0.013333333333333334,11.7,12.5,16.7
2024-01-07,11.4,17.5,6.1,0.0,81,12.7,7.1,2024,1,7,Winter,10.742857142857144,13.72,24.111506849315067,0.014285714285714303,0.013333333333333334,11.6,12.7,16.5
2024-01-08,10.9,18.4,5.5,0.0,86,12.32,8.9,2024,1,8,Winter,10.814285714285713,13.553333333333335,24.113698630136987,0.014285714285714303,0.013333333333333334,11.4,10.4,15.9
2024-01-09,10.8,18.0,6.2,0.0,86,12.52,13.9,2024,1,9,Winter,11.057142857142859,13.396666666666668,24.11287671232877,0.014285714285714303,0.013333333333333334,10.9,9.1,15.5
2024-01-10,9.2,15.8,4.6,0.0,84,13.14,15.0,2024,1,10,Winter,11.014285714285714,13.196666666666665,24.106575342465753,0.014285714285714303,0.013333333333333334,10.8,9.5,15.2
2024-01-11,9.3,15.5,5.6,0.0,88,10.92,12.0,2024,1,11,Winter,10.700000000000001,12.986666666666668,24.098904109589043,0.014285714285714303,0.013333333333333334,9.2,11.5,15.6
2024-01-12,10.1,17.4,5.6,0.0,86,12.01,12.4,2024,1,12,Winter,10.471428571428572,12.793333333333333,24.086849315068495,0.0,0.013333333333333334,9.3,11.7,15.9
2024-01-13,10.3,18.1,5.9,0.0,84,10.08,10.2,2024,1,13,Winter,10.285714285714286,12.646666666666667,24.076986301369864,0.0,0.013333333333333334,10.1,11.6,14.7
2024-01-14,9.7,18.0,4.8,0.0,86,12.14,10.0,2024,1,14,Winter,10.042857142857143,12.496666666666668,24.070410958904112,0.0,0.013333333333333334,10.3,11.4,14.2
2024-01-15,9.0,16.1,5.0,0.0,85,12.41,9.0,2024,1,15,Winter,9.771428571428572,12.313333333333334,24.069315068493154,0.0,0.013333333333333334,9.7,10.9,14.5
2024-01-16,8.9,17.5,3.9,0.0,86,12.09,11.0,2024,1,16,Winter,9.5,12.096666666666668,24.069041095890412,0.0,0.013333333333333334,9.0,10.8,15.4
2024-01-17,9.9,17.8,4.0,0.0,84,13.86,10.7,2024,1,17,Winter,9.6,11.95,24.07150684931507,0.0,0.013333333333333334,8.9,9.2,14.3
2024-01-18,11.0,17.5,6.0,0.0,86,11.35,8.0,2024,1,18,Winter,9.842857142857143,11.843333333333334,24.07643835616438,0.0,0.013333333333333334,9.9,9.3,14.2
2024-01-19,10.2,16.8,6.3,0.0,89,11.02,9.2,2024,1,19,Winter,9.857142857142858,11.73,24.07095890410959,0.0,0.013333333333333334,11.0,10.1,13.6
2024-01-20,9.6,16.1,5.1,0.0,88,12.15,10.3,2024,1,20,Winter,9.757142857142856,11.586666666666668,24.05890410958904,0.0,0.013333333333333334,10.2,10.3,13.9
2024-01-21,9.0,16.1,5.2,0.0,89,11.72,14.1,2024,1,21,Winter,9.657142857142857,11.423333333333334,24.04739726027397,0.0,0.013333333333333334,9.6,9.7,13.9
2024-01-22,9.2,16.9,5.0,0.0,86,12.28,10.6,2024,1,22,Winter,9.685714285714285,11.193333333333333,24.033972602739723,0.0,0.0033333333333333335,9.0,9.0,16.1
2024-01-23,10.4,17.3,4.9,0.0,88,12.47,8.9,2024,1,23,Winter,9.9,11.013333333333334,24.02,0.0,0.0033333333333333335,9.2,8.9,15.8
2024-01-24,11.3,18.2,6.4,0.0,84,13.72,8.3,2024,1,24,Winter,10.1,10.873333333333335,24.004657534246576,0.0,0.0033333333333333335,10.4,9.9,15.5
2024-01-25,10.2,17.5,5.6,0.0,88,12.39,10.4,2024,1,25,Winter,9.985714285714284,10.7,23.987671232876714,0.0,0.0033333333333333335,11.3,11.0,15.4
2024-01-26,11.4,18.5,6.0,0.0,84,13.86,11.3,2024,1,26,Winter,10.157142857142857,10.603333333333332,23.979726027397255,0.0,0.0033333333333333335,10.2,10.2,14.3
2024-01-27,12.5,20.6,6.9,0.0,77,14.63,16.8,2024,1,27,Winter,10.571428571428571,10.553333333333333,23.980821917808218,0.0,0.0033333333333333335,11.4,9.6,14.0
2024-01-28,13.8,20.3,7.0,0.0,79,11.52,13.8,2024,1,28,Winter,11.257142857142856,10.57,23.98438356164384,0.0,0.0033333333333333335,12.5,9.0,13.3
2024-01-29,14.5,21.3,9.5,0.0,85,14.27,12.2,2024,1,29,Winter,12.014285714285714,10.636666666666667,23.98904109589041,0.0,0.0033333333333333335,13.8,9.2,12.5
2024-01-30,13.8,20.5,10.0,0.0,89,13.03,9.4,2024,1,30,Winter,12.5,10.673333333333334,23.990684931506852,0.0,0.0033333333333333335,14.5,10.4,12.7
2024-01-31,14.0,20.2,9.9,9.0,92,9.17,14.5,2024,1,31,Winter,12.885714285714284,10.793333333333333,23.99041095890411,1.2857142857142858,0.30333333333333334,13.8,11.3,10.4
2024-02-01,15.4,21.2,12.2,30.0,86,10.42,21.5,2024,2,32,Winter,13.62857142857143,11.003333333333332,23.995068493150683,5.571428571428571,1.3033333333333335,14.0,10.2,9.1
2024-02-02,13.0,19.3,8.5,0.0,84,14.6,15.5,2024,2,33,Winter,13.857142857142858,11.12,23.99041095890411,5.571428571428571,1.3033333333333335,15.4,11.4,9.5
2024-02-03,14.1,20.7,8.2,0.0,70,13.17,11.5,2024,2,34,Winter,14.085714285714285,11.206666666666667,23.987945205479452,5.571428571428571,1.3033333333333335,13.0,12.5,11.5
2024-02-04,16.0,20.7,12.9,7.1,85,9.1,16.2,2024,2,35,Winter,14.400000000000002,11.35,23.98821917808219,6.585714285714286,1.5366666666666666,14.1,13.8,11.7
2024-02-05,15.1,19.8,10.3,2.1,83,13.92,12.2,2024,2,36,Winter,14.485714285714286,11.466666666666667,23.983013698630135,6.885714285714286,1.6066666666666667,16.0,14.5,11.6
2024-02-06,12.2,18.7,7.5,0.0,75,16.33,15.6,2024,2,37,Winter,14.257142857142856,11.493333333333334,23.968219178082197,6.885714285714286,1.6066666666666667,15.1,13.8,11.4
2024-02-07,12.5,18.4,7.9,0.0,66,16.05,23.7,2024,2,38,Winter,14.042857142857144,11.546666666666669,23.955616438356166,5.6000000000000005,1.6066666666666667,12.2,14.0,10.9
2024-02-08,13.1,19.1,8.2,0.0,64,16.61,27.4,2024,2,39,Winter,13.714285714285714,11.623333333333333,23.94849315068493,1.3142857142857143,1.6066666666666667,12.5,15.4,10.8
2024-02-09,13.4,20.5,8.1,0.0,66,16.78,15.7,2024,2,40,Winter,13.771428571428572,11.763333333333334,23.937808219178084,1.3142857142857143,1.6066666666666667,13.1,13.0,9.2
2024-02-10,13.1,19.7,7.2,0.0,78,15.33,11.8,2024,2,41,Winter,13.62857142857143,11.889999999999999,23.922739726027395,1.3142857142857143,1.6066666666666667,13.4,14.1,9.3
2024-02-11,14.1,21.5,8.1,0.0,75,16.79,9.7,2024,2,42,Winter,13.357142857142858,12.023333333333333,23.90958904109589,0.3,1.6066666666666667,13.1,16.0,10.1
2024-02-12,14.3,21.5,7.7,0.0,75,14.76,9.7,2024,2,43,Winter,13.242857142857144,12.156666666666668,23.905479452054795,0.0,1.6066666666666667,14.1,15.1,10.3
2024-02-13,14.9,21.2,8.5,0.0,73,13.9,10.5,2024,2,44,Winter,13.628571428571428,12.33,23.905205479452054,0.0,1.6066666666666667,14.3,12.2,9.7
2024-02-14,15.8,22.7,9.6,0.0,74,17.04,13.6,2024,2,45,Winter,14.099999999999998,12.556666666666667,23.902465753424657,0.0,1.6066666666666667,14.9,12.5,9.0
2024-02-15,15.8,23.6,9.7,0.0,69,17.36,15.0,2024,2,46,Winter,14.485714285714286,12.786666666666667,23.895616438356168,0.0,1.6066666666666667,15.8,13.1,8.9
2024-02-16,15.7,24.5,8.6,0.0,64,17.85,12.8,2024,2,47,Winter,14.814285714285713,12.98,23.88849315068493,0.0,1.6066666666666667,15.8,13.4,9.9
2024-02-17,16.2,24.6,9.7,0.0,61,17.99,14.9,2024,2,48,Winter,15.257142857142856,13.153333333333334,23.87917808219178,0.0,1.6066666666666667,15.7,13.1,11.0
2024-02-18,18.6,27.1,10.0,0.0,59,17.4,15.9,2024,2,49,Winter,15.900000000000002,13.433333333333334,23.878082191780823,0.0,1.6066666666666667,16.2,14.1,10.2
2024-02-19,20.3,26.8,14.7,0.0,61,17.04,28.5,2024,2,50,Winter,16.757142857142856,13.79,23.87616438356164,0.0,1.6066666666666667,18.6,14.3,9.6
2024-02-20,20.2,27.3,15.3,0.2,66,16.74,20.0,2024,2,51,Winter,17.514285714285716,14.163333333333334,23.870410958904113,0.028571428571428574,1.6133333333333333,20.3,14.9,9.0
2024-02-21,18.5,25.9,12.2,0.0,58,18.25,17.3,2024,2,52,Winter,17.900000000000002,14.473333333333334,23.86109589041096,0.028571428571428574,1.6133333333333333,20.2,15.8,9.2
2024-02-22,17.4,24.0,10.9,0.0,51,18.19,16.7,2024,2,53,Winter,18.128571428571426,14.706666666666667,23.85260273972603,0.028571428571428574,1.6133333333333333,18.5,15.8,10.4
2024-02-23,15.6,22.8,8.5,0.0,48,18.88,15.2,2024,2,54,Winter,18.114285714285714,14.85,23.840547945205483,0.028571428571428574,1.6133333333333333,17.4,15.7,11.3
2024-02-24,16.2,23.4,9.3,0.0,45,16.51,12.1,2024,2,55,Winter,18.114285714285717,15.05,23.830684931506845,0.028571428571428574,1.6133333333333333,15.6,16.2,10.2
2024-02-25,17.3,25.0,10.5,0.0,39,17.94,17.7,2024,2,56,Winter,17.928571428571427,15.246666666666668,23.82054794520548,0.028571428571428574,1.6133333333333333,16.2,18.6,11.4
2024-02-26,17.6,24.6,11.1,0.0,46,14.2,12.0,2024,2,57,Winter,17.54285714285714,15.416666666666666,23.80767123287671,0.028571428571428574,1.6133333333333333,17.3,20.3,12.5
2024-02-27,18.0,24.5,14.1,0.9,46,16.51,16.0,2024,2,58,Winter,17.228571428571428,15.556666666666667,23.79616438356164,0.1285714285714286,1.6433333333333333,17.6,20.2,13.8
2024-02-28,17.3,24.0,11.4,0.0,57,19.22,20.7,2024,2,59,Winter,17.057142857142857,15.65,23.78438356164384,0.1285714285714286,1.6433333333333333,18.0,18.5,14.5
2024-02-29,18.4,26.3,12.0,0.0,56,19.57,13.2,2024,2,60,Winter,17.2,15.803333333333333,23.775068493150684,0.1285714285714286,1.6433333333333333,17.3,17.4,13.8
2024-03-01,20.0,26.5,13.9,1.7,60,14.26,16.0,2024,3,61,Spring,17.82857142857143,16.003333333333334,23.76931506849315,0.37142857142857144,1.4,18.4,15.6,14.0
2024-03-02,19.8,24.7,17.3,6.5,74,12.99,33.4,2024,3,62,Spring,18.342857142857145,16.15,23.76164383561644,1.3,0.6166666666666667,20.0,16.2,15.4
2024-03-03,17.6,22.7,13.4,10.4,70,19.22,15.4,2024,3,63,Spring,18.385714285714283,16.303333333333335,23.74849315068493,2.7857142857142856,0.9633333333333333,19.8,17.3,13.0
2024-03-04,15.8,21.7,11.1,0.0,62,20.51,14.7,2024,3,64,Spring,18.12857142857143,16.36,23.73041095890411,2.7857142857142856,0.9633333333333333,17.6,17.6,14.1
2024-03-05,14.7,20.9,8.9,0.0,54,20.52,15.6,2024,3,65,Spring,17.65714285714286,16.316666666666666,23.71123287671233,2.6571428571428575,0.7266666666666666,15.8,18.0,16.0
2024-03-06,15.1,21.1,9.2,0.0,56,16.39,15.3,2024,3,66,Spring,17.342857142857145,16.316666666666666,23.692876712328765,2.6571428571428575,0.6566666666666667,14.7,17.3,15.1
2024-03-07,17.1,24.2,10.1,0.0,56,19.93,15.1,2024,3,67,Spring,17.157142857142855,16.48,23.6813698630137,2.6571428571428575,0.6566666666666667,15.1,18.4,12.2
2024-03-08,17.9,25.4,11.3,0.0,53,20.67,16.8,2024,3,68,Spring,16.857142857142858,16.66,23.67287671232877,2.414285714285714,0.6566666666666667,17.1,20.0,12.5
2024-03-09,17.9,25.2,11.8,0.0,50,21.11,17.4,2024,3,69,Spring,16.585714285714285,16.82,23.660821917808217,1.4857142857142858,0.6566666666666667,17.9,19.8,13.1
2024-03-10,19.2,26.6,12.0,0.0,51,20.25,11.6,2024,3,70,Spring,16.814285714285713,17.013333333333332,23.64986301369863,0.0,0.6566666666666667,17.9,17.6,13.4
2024-03-11,22.3,29.5,14.8,0.0,47,20.42,13.8,2024,3,71,Spring,17.74285714285714,17.32,23.64438356164383,0.0,0.6566666666666667,19.2,15.8,13.1
2024-03-12,21.9,29.1,13.9,0.0,47,20.86,16.9,2024,3,72,Spring,18.77142857142857,17.58,23.63780821917808,0.0,0.6566666666666667,22.3,14.7,14.1
2024-03-13,21.4,29.4,13.9,0.2,52,19.58,18.2,2024,3,73,Spring,19.67142857142857,17.816666666666666,23.63013698630137,0.028571428571428574,0.6633333333333334,21.9,15.1,14.3
2024-03-14,21.6,29.2,14.1,0.0,53,20.93,15.8,2024,3,74,Spring,20.314285714285713,18.040000000000003,23.621369863013697,0.028571428571428574,0.6633333333333334,21.4,17.1,14.9
2024-03-15,20.3,27.2,14.3,0.0,43,22.0,16.9,2024,3,75,Spring,20.657142857142855,18.189999999999998,23.609863013698632,0.028571428571428574,0.6633333333333334,21.6,17.9,15.8
2024-03-16,19.7,27.6,12.7,0.0,45,21.57,12.9,2024,3,76,Spring,20.91428571428571,18.32,23.601095890410956,0.028571428571428574,0.6633333333333334,20.3,17.9,15.8
2024-03-17,20.5,28.8,11.8,0.0,46,21.21,11.5,2024,3,77,Spring,21.099999999999998,18.48,23.601369863013698,0.028571428571428574,0.6633333333333334,19.7,19.2,15.7
2024-03-18,20.6,28.5,13.0,0.0,48,22.39,13.0,2024,3,78,Spring,20.857142857142858,18.62666666666667,23.603561643835615,0.028571428571428574,0.6633333333333334,20.5,22.3,16.2
2024-03-19,21.5,29.8,13.6,0.0,45,22.01,16.3,2024,3,79,Spring,20.8,18.723333333333336,23.61123287671233,0.028571428571428574,0.6633333333333334,20.6,21.9,18.6
2024-03-20,23.2,32.0,14.2,0.0,44,22.31,11.6,2024,3,80,Spring,21.057142857142857,18.819999999999997,23.624657534246577,0.0,0.6633333333333334,21.5,21.4,20.3
2024-03-21,22.7,29.2,16.9,0.0,55,21.61,18.7,2024,3,81,Spring,21.214285714285715,18.903333333333332,23.633424657534242,0.0,0.6566666666666667,23.2,21.6,20.2
2024-03-22,24.8,32.4,17.8,0.0,51,21.86,13.3,2024,3,82,Spring,21.857142857142858,19.113333333333333,23.64246575342466,0.0,0.6566666666666667,22.7,20.3,18.5
2024-03-23,25.7,33.8,18.1,0.0,46,22.41,19.6,2024,3,83,Spring,22.714285714285715,19.39,23.653698630136983,0.0,0.6566666666666667,24.8,19.7,17.4
2024-03-24,24.4,31.0,18.6,0.1,45,17.04,35.3,2024,3,84,Spring,23.271428571428572,19.683333333333334,23.662465753424662,0.014285714285714287,0.66,25.7,20.5,15.6
2024-03-25,25.0,32.8,16.6,0.0,47,22.4,21.2,2024,3,85,Spring,23.900000000000002,19.976666666666667,23.671232876712327,0.014285714285714287,0.66,24.4,20.6,16.2
2024-03-26,26.0,33.6,18.5,0.0,42,18.51,14.2,2024,3,86,Spring,24.542857142857144,20.266666666666666,23.685479452054796,0.014285714285714287,0.66,25.0,21.5,17.3
2024-03-27,28.4,36.4,21.6,0.0,41,20.08,20.4,2024,3,87,Spring,25.285714285714285,20.626666666666665,23.70356164383562,0.014285714285714287,0.66,26.0,23.2,17.6
2024-03-28,29.0,37.0,21.9,0.0,41,21.03,16.3,2024,3,88,Spring,26.185714285714287,20.993333333333332,23.71917808219178,0.014285714285714287,0.63,28.4,22.7,18.0
2024-03-29,28.2,36.5,20.9,0.0,46,20.21,19.4,2024,3,89,Spring,26.67142857142857,21.35666666666667,23.736712328767123,0.014285714285714287,0.63,29.0,24.8,17.3
2024-03-30,28.4,35.2,22.8,0.0,39,21.37,19.2,2024,3,90,Spring,27.057142857142857,21.689999999999998,23.760821917808222,0.014285714285714287,0.63,28.2,25.7,18.4
2024-03-31,27.4,34.4,20.0,0.0,36,22.26,21.4,2024,3,91,Spring,27.485714285714284,21.936666666666664,23.78082191780822,0.0,0.5733333333333334,28.4,24.4,20.0
2024-04-01,24.9,31.3,18.7,0.0,38,20.99,20.8,2024,4,92,Spring,27.471428571428568,22.10666666666667,23.788219178082194,0.0,0.3566666666666667,27.4,25.0,19.8
2024-04-02,25.3,32.9,17.1,0.0,33,22.85,21.4,2024,4,93,Spring,27.37142857142857,22.363333333333333,23.793698630136983,0.0,0.010000000000000002,24.9,26.0,17.6
2024-04-03,28.3,35.9,21.8,0.0,24,21.42,18.8,2024,4,94,Spring,27.357142857142854,22.779999999999998,23.81041095890411,0.0,0.010000000000000002,25.3,28.4,15.8
2024-04-04,29.2,36.4,20.5,0.0,26,22.65,18.0,2024,4,95,Spring,27.38571428571429,23.263333333333332,23.827671232876707,0.0,0.010000000000000002,28.3,29.0,14.7
2024-04-05,28.2,35.6,21.2,0.0,24,18.55,28.2,2024,4,96,Spring,27.385714285714283,23.7,23.83945205479452,0.0,0.010000000000000002,29.2,28.2,15.1
2024-04-06,27.3,35.0,19.6,0.0,21,23.91,21.3,2024,4,97,Spring,27.228571428571428,24.040000000000003,23.84767123287671,0.0,0.010000000000000002,28.2,28.4,17.1
2024-04-07,26.9,35.4,17.5,0.0,21,24.46,21.1,2024,4,98,Spring,27.157142857142862,24.339999999999996,23.85452054794521,0.0,0.010000000000000002,27.3,27.4,17.9
2024-04-08,28.0,36.8,19.0,0.0,20,24.0,20.0,2024,4,99,Spring,27.599999999999998,24.676666666666666,23.859452054794524,0.0,0.010000000000000002,26.9,24.9,17.9
2024-04-09,29.0,37.8,19.9,0.0,18,22.81,16.6,2024,4,100,Spring,28.128571428571426,25.003333333333334,23.866575342465758,0.0,0.010000000000000002,28.0,25.3,19.2
2024-04-10,28.9,38.6,19.8,0.0,21,22.85,13.4,2024,4,101,Spring,28.214285714285715,25.223333333333333,23.86986301369863,0.0,0.010000000000000002,29.0,28.3,22.3
2024-04-11,30.0,38.0,22.2,0.0,21,23.27,14.2,2024,4,102,Spring,28.328571428571426,25.493333333333332,23.871506849315068,0.0,0.010000000000000002,28.9,29.2,21.9
2024-04-12,30.5,38.8,21.8,0.0,21,23.17,11.3,2024,4,103,Spring,28.657142857142855,25.796666666666667,23.874246575342468,0.0,0.0033333333333333335,30.0,28.2,21.4
2024-04-13,30.8,38.5,25.3,1.2,27,21.39,16.0,2024,4,104,Spring,29.157142857142855,26.103333333333335,23.877808219178082,0.17142857142857143,0.043333333333333335,30.5,27.3,21.6
2024-04-14,27.5,33.8,22.8,0.5,45,14.43,15.5,2024,4,105,Spring,29.24285714285714,26.343333333333337,23.86849315068493,0.24285714285714285,0.060000000000000005,30.8,26.9,20.3
2024-04-15,28.8,36.3,22.3,1.3,48,19.34,20.9,2024,4,106,Spring,29.357142857142858,26.646666666666665,23.861643835616437,0.42857142857142855,0.10333333333333333,27.5,28.0,19.7
2024-04-16,29.8,35.7,23.5,0.0,36,23.53,21.6,2024,4,107,Spring,29.471428571428568,26.956666666666667,23.854246575342465,0.42857142857142855,0.10333333333333333,28.8,29.0,20.5
2024-04-17,29.3,35.3,22.2,0.0,27,24.44,29.3,2024,4,108,Spring,29.528571428571432,27.246666666666666,23.845205479452055,0.42857142857142855,0.10333333333333333,29.8,28.9,20.6
2024-04-18,30.9,37.8,23.7,0.0,24,23.13,17.3,2024,4,109,Spring,29.657142857142862,27.56,23.848219178082193,0.42857142857142855,0.10333333333333333,29.3,30.0,21.5
2024-04-19,31.7,38.3,24.6,0.0,29,22.18,18.9,2024,4,110,Spring,29.82857142857143,27.843333333333337,23.85808219178082,0.42857142857142855,0.10333333333333333,30.9,30.5,23.2
2024-04-20,30.0,36.7,22.3,0.0,28,22.16,21.1,2024,4,111,Spring,29.714285714285715,28.086666666666666,23.861369863013696,0.2571428571428572,0.10333333333333333,31.7,30.8,22.7
2024-04-21,30.1,36.6,23.6,0.0,27,19.77,17.6,2024,4,112,Spring,30.085714285714285,28.263333333333335,23.865479452054792,0.18571428571428572,0.10333333333333333,30.0,27.5,24.8
2024-04-22,31.1,37.0,24.5,0.0,25,21.86,25.5,2024,4,113,Spring,30.414285714285715,28.44333333333333,23.876986301369865,0.0,0.10333333333333333,30.1,28.8,25.7
2024-04-23,30.0,38.0,22.6,0.0,26,23.53,23.2,2024,4,114,Spring,30.442857142857143,28.63,23.887671232876713,0.0,0.1,31.1,29.8,24.4
2024-04-24,29.8,36.9,21.0,0.0,28,24.2,21.9,2024,4,115,Spring,30.514285714285712,28.790000000000003,23.89506849315068,0.0,0.1,30.0,29.3,25.0
2024-04-25,30.0,38.3,21.5,0.0,24,24.6,23.7,2024,4,116,Spring,30.385714285714283,28.923333333333336,23.89808219178082,0.0,0.1,29.8,30.9,26.0
2024-04-26,32.2,39.2,23.4,0.0,23,22.78,32.9,2024,4,117,Spring,30.457142857142856,29.05,23.906575342465754,0.0,0.1,30.0,31.7,28.4
2024-04-27,32.0,37.9,26.0,0.0,27,23.04,21.3,2024,4,118,Spring,30.74285714285714,29.15,23.91780821917808,0.0,0.1,32.2,30.0,29.0
2024-04-28,30.6,37.5,22.7,0.0,28,22.85,17.0,2024,4,119,Spring,30.814285714285717,29.23,23.929041095890412,0.0,0.1,32.0,30.1,28.2
2024-04-29,30.8,38.1,23.6,0.0,26,23.27,23.7,2024,4,120,Spring,30.771428571428572,29.310000000000002,23.946027397260274,0.0,0.1,30.6,31.1,28.4
2024-04-30,29.7,36.2,23.3,0.0,25,25.05,19.0,2024,4,121,Spring,30.72857142857143,29.386666666666667,23.966849315068497,0.0,0.1,30.8,30.0,27.4
2024-05-01,26.9,32.7,20.5,0.0,22,25.05,23.6,2024,5,122,Spring,30.314285714285713,29.45333333333333,23.978904109589045,0.0,0.1,29.7,29.8,24.9
2024-05-02,27.6,35.0,19.3,0.0,26,24.83,19.5,2024,5,123,Spring,29.97142857142857,29.529999999999998,23.993150684931507,0.0,0.1,26.9,30.0,25.3
2024-05-03,30.2,38.1,20.7,0.0,22,23.98,23.9,2024,5,124,Spring,29.685714285714287,29.593333333333337,24.00958904109589,0.0,0.1,27.6,32.2,28.3
2024-05-04,33.0,40.6,26.5,0.0,19,23.07,16.4,2024,5,125,Spring,29.82857142857143,29.720000000000002,24.029041095890413,0.0,0.1,30.2,32.0,29.2
2024-05-05,33.3,40.9,25.0,0.0,20,24.29,19.2,2024,5,126,Spring,30.214285714285715,29.889999999999997,24.045205479452054,0.0,0.1,33.0,30.6,28.2
2024-05-06,33.8,40.6,26.0,0.0,22,23.37,23.6,2024,5,127,Spring,30.642857142857142,30.10666666666667,24.0586301369863,0.0,0.1,33.3,30.8,27.3
2024-05-07,34.0,41.4,26.2,0.0,25,22.52,18.1,2024,5,128,Spring,31.257142857142856,30.343333333333337,24.07178082191781,0.0,0.1,33.8,29.7,26.9
2024-05-08,32.7,39.7,27.0,0.0,39,22.05,21.1,2024,5,129,Spring,32.08571428571428,30.5,24.080547945205485,0.0,0.1,34.0,26.9,28.0
2024-05-09,32.5,39.6,26.2,0.0,37,23.12,25.3,2024,5,130,Spring,32.785714285714285,30.616666666666667,24.088219178082195,0.0,0.1,32.7,27.6,29.0
2024-05-10,32.1,39.5,26.0,1.1,43,22.18,20.9,2024,5,131,Spring,33.05714285714286,30.723333333333336,24.091232876712326,0.15714285714285717,0.13666666666666666,32.5,30.2,28.9
2024-05-11,31.9,38.8,26.0,0.1,42,20.51,18.5,2024,5,132,Spring,32.9,30.78666666666667,24.087397260273978,0.17142857142857146,0.14,32.1,33.0,30.0
2024-05-12,32.3,37.8,27.5,0.1,38,20.92,15.9,2024,5,133,Spring,32.75714285714285,30.84666666666667,24.084657534246574,0.18571428571428572,0.14333333333333334,31.9,33.3,30.5
2024-05-13,33.0,40.3,27.2,0.0,29,20.44,16.4,2024,5,134,Spring,32.642857142857146,30.92,24.086027397260274,0.18571428571428572,0.10333333333333333,32.3,33.8,30.8
2024-05-14,32.8,40.7,24.6,0.0,21,23.89,20.5,2024,5,135,Spring,32.471428571428575,31.096666666666668,24.084383561643833,0.18571428571428572,0.08666666666666668,33.0,34.0,27.5
2024-05-15,34.2,42.3,25.4,0.0,19,24.08,17.8,2024,5,136,Spring,32.68571428571429,31.276666666666667,24.089315068493153,0.18571428571428572,0.043333333333333335,32.8,32.7,28.8
2024-05-16,34.5,42.7,26.5,0.0,18,24.07,18.0,2024,5,137,Spring,32.971428571428575,31.433333333333334,24.092876712328767,0.18571428571428572,0.043333333333333335,34.2,32.5,29.8
2024-05-17,36.3,44.0,28.1,0.0,18,23.58,16.3,2024,5,138,Spring,33.57142857142857,31.666666666666668,24.10739726027397,0.028571428571428574,0.043333333333333335,34.5,32.1,29.3
2024-05-18,37.0,44.0,27.1,0.0,19,23.38,26.6,2024,5,139,Spring,34.300000000000004,31.87,24.122191780821915,0.014285714285714287,0.043333333333333335,36.3,31.9,30.9
2024-05-19,36.7,44.9,27.7,0.0,17,23.8,26.4,2024,5,140,Spring,34.92857142857143,32.03666666666667,24.132876712328766,0.0,0.043333333333333335,37.0,32.3,31.7
2024-05-20,36.4,43.6,29.1,0.0,19,22.98,28.3,2024,5,141,Spring,35.41428571428572,32.25,24.137260273972604,0.0,0.043333333333333335,36.7,33.0,30.0
2024-05-21,35.2,42.6,29.1,0.0,28,23.19,15.8,2024,5,142,Spring,35.75714285714286,32.419999999999995,24.134794520547945,0.0,0.043333333333333335,36.4,32.8,30.1
2024-05-22,35.2,41.1,29.8,0.3,36,21.86,24.4,2024,5,143,Spring,35.9,32.556666666666665,24.1345205479452,0.04285714285714286,0.05333333333333334,35.2,34.2,31.1
2024-05-23,35.7,41.1,30.5,0.0,36,21.07,22.9,2024,5,144,Spring,36.07142857142857,32.74666666666667,24.147945205479452,0.04285714285714286,0.05333333333333334,35.2,34.5,30.0
2024-05-24,35.6,40.9,30.4,0.0,36,22.2,20.6,2024,5,145,Spring,35.971428571428575,32.940000000000005,24.16821917808219,0.04285714285714286,0.05333333333333334,35.7,36.3,29.8
2024-05-25,37.4,44.4,30.6,0.0,27,22.17,27.4,2024,5,146,Spring,36.028571428571425,33.18666666666667,24.192602739726027,0.04285714285714286,0.05333333333333334,35.6,37.0,30.0
2024-05-26,38.1,46.0,29.5,0.0,17,24.34,25.9,2024,5,147,Spring,36.228571428571435,33.38333333333333,24.2227397260274,0.04285714285714286,0.05333333333333334,37.4,36.7,32.2
2024-05-27,38.2,45.7,30.2,0.0,18,24.18,22.1,2024,5,148,Spring,36.48571428571429,33.59,24.252328767123284,0.04285714285714286,0.05333333333333334,38.1,36.4,32.0
2024-05-28,37.3,45.8,28.9,0.0,14,24.91,19.2,2024,5,149,Spring,36.785714285714285,33.81333333333334,24.280273972602743,0.04285714285714286,0.05333333333333334,38.2,35.2,30.6
2024-05-29,38.6,45.7,31.1,0.0,18,22.34,17.9,2024,5,150,Spring,37.271428571428565,34.07333333333333,24.311232876712328,0.0,0.05333333333333334,37.3,35.2,30.8
2024-05-30,39.2,45.8,33.0,0.0,16,24.03,25.2,2024,5,151,Spring,37.77142857142858,34.39,24.35041095890411,0.0,0.05333333333333334,38.6,35.7,29.7
2024-05-31,37.6,45.9,28.5,0.0,12,24.19,25.5,2024,5,152,Spring,38.05714285714286,34.74666666666667,24.38109589041096,0.0,0.05333333333333334,39.2,35.6,26.9
2024-06-01,37.4,44.0,31.3,0.0,17,16.6,26.4,2024,6,153,Summer,38.057142857142864,35.07333333333334,24.40821917808219,0.0,0.05333333333333334,37.6,37.4,27.6
2024-06-02,36.4,41.4,30.5,0.0,25,21.43,20.7,2024,6,154,Summer,37.81428571428571,35.28,24.42794520547945,0.0,0.05333333333333334,37.4,38.1,30.2
2024-06-03,36.9,44.4,29.6,0.0,25,23.08,20.2,2024,6,155,Summer,37.628571428571426,35.41,24.448767123287674,0.0,0.05333333333333334,36.4,38.2,33.0
2024-06-04,36.9,43.1,30.9,0.0,19,22.0,24.1,2024,6,156,Summer,37.57142857142857,35.53,24.466575342465756,0.0,0.05333333333333334,36.9,37.3,33.3
2024-06-05,36.6,41.7,30.2,0.0,23,20.7,25.4,2024,6,157,Summer,37.285714285714285,35.623333333333335,24.480821917808218,0.0,0.05333333333333334,36.9,38.6,33.8
2024-06-06,35.0,40.8,28.2,0.0,28,23.28,20.0,2024,6,158,Summer,36.68571428571429,35.656666666666666,24.488767123287676,0.0,0.05333333333333334,36.6,39.2,34.0
2024-06-07,35.2,42.2,28.9,0.0,30,23.05,22.4,2024,6,159,Summer,36.34285714285714,35.74,24.495616438356162,0.0,0.05333333333333334,35.0,37.6,32.7
2024-06-08,34.7,40.2,28.3,0.0,27,22.52,25.6,2024,6,160,Summer,35.95714285714286,35.81333333333334,24.496986301369862,0.0,0.05333333333333334,35.2,37.4,32.5
2024-06-09,35.1,42.2,28.3,0.0,23,24.13,19.8,2024,6,161,Summer,35.77142857142857,35.91333333333333,24.49890410958904,0.0,0.016666666666666666,34.7,36.4,32.1
2024-06-10,36.0,43.0,27.9,0.0,18,23.78,22.2,2024,6,162,Summer,35.642857142857146,36.05,24.504931506849317,0.0,0.013333333333333334,35.1,36.9,31.9
2024-06-11,36.3,43.2,28.9,0.0,19,23.28,20.0,2024,6,163,Summer,35.557142857142864,36.18333333333333,24.508767123287672,0.0,0.01,36.0,36.9,32.3
2024-06-12,36.9,44.1,28.8,0.0,17,24.13,18.2,2024,6,164,Summer,35.6,36.31333333333334,24.510684931506848,0.0,0.01,36.3,36.6,33.0
2024-06-13,37.6,44.9,29.6,0.0,20,23.67,28.1,2024,6,165,Summer,35.971428571428575,36.47333333333333,24.516164383561645,0.0,0.01,36.9,35.0,32.8
2024-06-14,37.5,43.4,32.8,0.0,28,21.15,31.5,2024,6,166,Summer,36.300000000000004,36.583333333333336,24.527945205479455,0.0,0.01,37.6,35.2,34.2
2024-06-15,37.7,43.3,32.2,0.0,27,22.45,28.3,2024,6,167,Summer,36.728571428571435,36.690000000000005,24.54301369863014,0.0,0.01,37.5,34.7,34.5
2024-06-16,38.4,44.1,32.8,0.0,25,22.72,25.1,2024,6,168,Summer,37.199999999999996,36.760000000000005,24.558082191780823,0.0,0.01,37.7,35.1,36.3
2024-06-17,38.9,44.0,33.7,0.0,25,22.38,26.8,2024,6,169,Summer,37.614285714285714,36.82333333333334,24.576712328767123,0.0,0.01,38.4,36.0,37.0
2024-06-18,38.9,44.2,34.5,0.0,25,22.42,30.9,2024,6,170,Summer,37.98571428571428,36.89666666666667,24.602191780821915,0.0,0.01,38.9,36.3,36.7
2024-06-19,37.0,41.3,33.7,0.8,35,18.9,32.1,2024,6,171,Summer,38.0,36.916666666666664,24.619726027397256,0.1142857142857143,0.03666666666666667,38.9,36.9,36.4
2024-06-20,34.0,39.3,25.5,4.9,45,18.67,14.5,2024,6,172,Summer,37.48571428571428,36.876666666666665,24.632602739726025,0.8142857142857143,0.2,37.0,37.6,35.2
2024-06-21,32.5,38.3,25.4,2.1,53,19.31,28.2,2024,6,173,Summer,36.771428571428565,36.78666666666666,24.635616438356163,1.1142857142857143,0.26,34.0,37.5,35.2
2024-06-22,33.7,38.5,29.9,0.0,51,16.95,12.3,2024,6,174,Summer,36.2,36.720000000000006,24.643561643835614,1.1142857142857143,0.26,32.5,37.7,35.7
2024-06-23,34.5,39.5,30.2,0.3,51,21.03,15.5,2024,6,175,Summer,35.642857142857146,36.68333333333333,24.653424657534245,1.157142857142857,0.26999999999999996,33.7,38.4,35.6
2024-06-24,34.1,39.5,31.0,1.7,54,19.38,15.1,2024,6,176,Summer,34.95714285714286,36.57333333333334,24.670136986301372,1.4000000000000001,0.3266666666666667,34.5,38.9,37.4
2024-06-25,32.9,36.6,29.8,4.0,62,15.2,15.3,2024,6,177,Summer,34.1,36.4,24.683561643835617,1.9714285714285715,0.46,34.1,38.9,38.1
2024-06-26,31.0,34.3,26.8,23.3,73,13.72,19.4,2024,6,178,Summer,33.24285714285715,36.16,24.689863013698634,5.185714285714285,1.2366666666666668,32.9,37.0,38.2
2024-06-27,28.3,30.4,25.4,11.5,84,8.14,21.7,2024,6,179,Summer,32.42857142857143,35.86,24.687671232876713,6.128571428571429,1.62,31.0,34.0,37.3
2024-06-28,27.8,30.6,25.6,20.9,85,8.42,14.8,2024,6,180,Summer,31.75714285714286,35.5,24.685753424657538,8.814285714285715,2.316666666666667,28.3,32.5,38.6
2024-06-29,29.3,32.9,26.5,18.9,80,14.79,11.7,2024,6,181,Summer,31.12857142857143,35.169999999999995,24.68712328767123,11.514285714285714,2.9466666666666668,27.8,33.7,39.2
2024-06-30,30.7,34.8,26.8,11.9,74,20.37,15.6,2024,6,182,Summer,30.585714285714285,34.940000000000005,24.691506849315072,13.171428571428573,3.3433333333333333,29.3,34.5,37.6
2024-07-01,30.1,34.1,25.9,11.5,79,16.9,11.8,2024,7,183,Summer,30.014285714285712,34.69666666666667,24.69041095890411,14.571428571428571,3.7266666666666666,30.7,34.1,37.4
2024-07-02,29.3,33.6,26.4,14.1,84,11.43,14.9,2024,7,184,Summer,29.5,34.46,24.685479452054796,16.014285714285712,4.196666666666667,30.1,32.9,36.4
2024-07-03,29.3,32.9,26.0,2.5,83,13.37,16.1,2024,7,185,Summer,29.25714285714286,34.20666666666667,24.681643835616438,13.042857142857143,4.28,29.3,31.0,36.9
2024-07-04,28.0,31.6,25.5,7.3,83,12.44,11.3,2024,7,186,Summer,29.214285714285715,33.91,24.6786301369863,12.442857142857141,4.5233333333333325,29.3,28.3,36.9
2024-07-05,27.8,30.4,26.2,0.7,85,11.26,16.2,2024,7,187,Summer,29.214285714285715,33.61666666666667,24.675342465753424,9.557142857142855,4.546666666666667,28.0,27.8,36.6
2024-07-06,28.6,33.0,26.0,1.0,80,17.96,15.8,2024,7,188,Summer,29.11428571428571,33.403333333333336,24.675616438356162,7.0,4.58,27.8,29.3,35.0
2024-07-07,28.6,33.5,25.6,0.1,76,19.6,14.2,2024,7,189,Summer,28.814285714285717,33.18333333333333,24.67945205479452,5.314285714285714,4.583333333333333,28.6,30.7,35.2
2024-07-08,28.9,33.2,25.3,0.0,76,19.23,11.4,2024,7,190,Summer,28.642857142857142,32.989999999999995,24.684657534246575,3.6714285714285713,4.583333333333333,28.6,30.1,34.7
2024-07-09,29.5,32.4,26.2,4.9,80,19.36,11.4,2024,7,191,Summer,28.67142857142857,32.803333333333335,24.689863013698627,2.357142857142857,4.746666666666667,28.9,29.3,35.1
2024-07-10,30.4,34.1,26.5,11.3,79,19.57,14.8,2024,7,192,Summer,28.828571428571426,32.61666666666667,24.695068493150686,3.6142857142857143,5.123333333333333,29.5,29.3,36.0
2024-07-11,31.2,36.4,26.8,3.9,76,21.61,21.0,2024,7,193,Summer,29.285714285714285,32.446666666666665,24.702465753424658,3.1285714285714286,5.253333333333333,30.4,28.0,36.3
2024-07-12,30.3,35.3,27.0,0.5,74,19.09,23.4,2024,7,194,Summer,29.642857142857142,32.22666666666667,24.705753424657534,3.1,5.27,31.2,27.8,36.9
2024-07-13,29.9,34.3,25.2,12.4,77,21.97,11.7,2024,7,195,Summer,29.82857142857143,31.970000000000002,24.70958904109589,4.728571428571429,5.683333333333334,30.3,28.6,37.6
2024-07-14,31.1,34.9,27.0,0.3,72,21.69,8.5,2024,7,196,Summer,30.185714285714283,31.756666666666664,24.716438356164385,4.757142857142857,5.693333333333333,29.9,28.6,37.5
2024-07-15,30.2,33.2,25.5,3.0,76,18.42,21.4,2024,7,197,Summer,30.371428571428574,31.506666666666668,24.72082191780822,5.185714285714285,5.793333333333334,31.1,28.9,37.7
2024-07-16,30.7,34.3,25.6,17.0,77,21.57,15.5,2024,7,198,Summer,30.542857142857144,31.25,24.7254794520548,6.9142857142857155,6.36,30.2,29.5,38.4
2024-07-17,31.2,34.7,28.2,0.2,75,21.42,13.7,2024,7,199,Summer,30.657142857142855,30.993333333333332,24.733698630136985,5.328571428571429,6.366666666666666,30.7,30.4,38.9
2024-07-18,31.2,34.7,27.7,2.0,76,20.21,12.1,2024,7,200,Summer,30.657142857142855,30.736666666666668,24.740000000000002,5.057142857142857,6.433333333333334,31.2,31.2,38.9
2024-07-19,30.5,34.4,27.3,0.9,77,20.47,12.0,2024,7,201,Summer,30.685714285714287,30.52,24.741917808219178,5.114285714285714,6.4366666666666665,31.2,30.3,37.0
2024-07-20,31.0,35.1,27.1,0.2,75,21.72,13.0,2024,7,202,Summer,30.842857142857145,30.42,24.742191780821916,3.3714285714285714,6.28,30.5,29.9,34.0
2024-07-21,31.1,34.8,27.2,1.9,78,20.35,16.3,2024,7,203,Summer,30.842857142857145,30.373333333333335,24.74328767123288,3.6,6.2733333333333325,31.0,31.1,32.5
2024-07-22,31.0,34.6,27.8,5.0,78,19.04,10.9,2024,7,204,Summer,30.957142857142856,30.283333333333335,24.743561643835616,3.8857142857142857,6.4399999999999995,31.1,30.2,33.7
2024-07-23,30.4,34.8,27.0,4.3,80,19.98,14.9,2024,7,205,Summer,30.914285714285715,30.146666666666665,24.744931506849316,2.0714285714285716,6.573333333333334,31.0,30.7,34.5
2024-07-24,29.5,33.7,26.4,6.9,82,15.43,9.5,2024,7,206,Summer,30.671428571428574,29.993333333333336,24.745479452054795,3.028571428571429,6.746666666666666,30.4,31.2,34.1
2024-07-25,30.8,34.7,27.2,0.6,76,20.44,11.1,2024,7,207,Summer,30.61428571428571,29.923333333333332,24.7558904109589,2.8285714285714287,6.633333333333334,29.5,31.2,32.9
2024-07-26,29.9,33.0,27.4,10.2,81,12.59,13.0,2024,7,208,Summer,30.52857142857143,29.886666666666663,24.759726027397264,4.157142857142857,6.196666666666667,30.8,30.5,31.0
2024-07-27,30.5,34.0,28.0,4.5,81,15.63,16.1,2024,7,209,Summer,30.457142857142856,29.959999999999997,24.766027397260274,4.771428571428571,5.963333333333334,29.9,31.0,28.3
2024-07-28,31.4,35.1,28.6,6.0,77,19.1,15.7,2024,7,210,Summer,30.5,30.080000000000002,24.775890410958905,5.357142857142857,5.466666666666667,30.5,31.1,27.8
2024-07-29,31.8,35.7,28.3,0.3,73,19.83,15.8,2024,7,211,Summer,30.61428571428571,30.163333333333334,24.783561643835615,4.685714285714285,4.846666666666667,31.4,31.0,29.3
2024-07-30,32.8,36.4,29.0,0.1,70,19.84,13.7,2024,7,212,Summer,30.957142857142856,30.233333333333334,24.79232876712329,4.085714285714285,4.453333333333333,31.8,30.4,30.7
2024-07-31,31.0,37.1,26.5,116.0,78,20.27,17.4,2024,7,213,Summer,31.17142857142857,30.263333333333332,24.79424657534247,19.67142857142857,7.936666666666667,32.8,29.5,30.1
2024-08-01,28.2,31.2,25.5,34.7,85,13.72,17.8,2024,8,214,Summer,30.8,30.226666666666667,24.78876712328767,24.542857142857144,8.623333333333335,31.0,30.8,29.3
2024-08-02,28.4,32.2,25.5,3.0,83,16.91,17.6,2024,8,215,Summer,30.585714285714285,30.196666666666665,24.786027397260273,23.514285714285716,8.640000000000002,28.2,29.9,29.3
2024-08-03,28.9,32.4,26.0,1.9,82,16.73,20.9,2024,8,216,Summer,30.357142857142858,30.226666666666667,24.787397260273977,23.142857142857142,8.46,28.4,30.5,28.0
2024-08-04,29.7,33.5,26.9,0.1,74,21.03,25.9,2024,8,217,Summer,30.11428571428571,30.290000000000003,24.78821917808219,22.3,8.440000000000001,28.9,31.4,27.8
2024-08-05,29.0,32.6,26.4,1.2,76,18.6,31.0,2024,8,218,Summer,29.714285714285715,30.303333333333335,24.78547945205479,22.428571428571427,8.446666666666667,29.7,31.8,28.6
2024-08-06,29.0,31.8,26.4,0.1,76,14.77,14.7,2024,8,219,Summer,29.17142857142857,30.316666666666666,24.782739726027394,22.428571428571427,8.446666666666667,29.0,32.8,28.6
2024-08-07,27.3,30.1,25.5,16.4,86,8.84,11.2,2024,8,220,Summer,28.642857142857142,30.263333333333332,24.774520547945208,8.2,8.993333333333334,29.0,31.0,28.9
2024-08-08,27.6,31.5,25.5,10.8,87,14.96,12.3,2024,8,221,Summer,28.557142857142857,30.2,24.76602739726027,4.785714285714284,9.19,27.3,28.2,29.5
2024-08-09,27.8,31.8,25.3,30.8,87,17.13,8.4,2024,8,222,Summer,28.47142857142857,30.113333333333337,24.76027397260274,8.757142857142854,9.840000000000002,27.6,28.4,30.4
2024-08-10,27.6,31.3,24.9,16.7,87,15.67,9.8,2024,8,223,Summer,28.285714285714285,29.993333333333332,24.752054794520546,10.87142857142857,10.266666666666667,27.8,28.9,31.2
2024-08-11,27.3,30.9,25.6,11.4,89,12.93,11.1,2024,8,224,Summer,27.942857142857147,29.893333333333334,24.74109589041096,12.485714285714284,10.629999999999999,27.6,29.7,30.3
2024-08-12,26.7,30.0,25.6,10.9,91,9.98,13.6,2024,8,225,Summer,27.614285714285717,29.786666666666665,24.729315068493154,13.87142857142857,10.580000000000002,27.3,29.0,29.9
2024-08-13,27.3,30.8,25.2,9.1,90,13.55,15.1,2024,8,226,Summer,27.371428571428574,29.660000000000004,24.722739726027395,15.157142857142855,10.873333333333333,26.7,29.0,31.1
2024-08-14,28.0,30.7,25.9,7.8,89,12.98,10.8,2024,8,227,Summer,27.47142857142857,29.586666666666666,24.71780821917808,13.928571428571427,11.033333333333333,27.3,27.3,30.2
2024-08-15,28.4,32.2,25.9,10.9,87,18.67,14.1,2024,8,228,Summer,27.585714285714285,29.509999999999998,24.71095890410959,13.942857142857141,10.830000000000002,28.0,27.6,30.7
2024-08-16,27.8,32.3,25.5,15.0,88,16.88,15.5,2024,8,229,Summer,27.585714285714285,29.396666666666665,24.699726027397265,11.685714285714283,11.323333333333334,28.4,27.8,31.2
2024-08-17,28.5,31.9,25.7,7.7,86,17.16,9.6,2024,8,230,Summer,27.714285714285715,29.306666666666665,24.690958904109593,10.4,11.513333333333334,27.8,27.6,31.2
2024-08-18,29.1,32.7,26.2,2.3,83,18.96,14.7,2024,8,231,Summer,27.971428571428568,29.259999999999998,24.687671232876713,9.099999999999998,11.56,28.5,27.3,30.5
2024-08-19,29.0,32.7,26.2,1.6,82,20.04,17.0,2024,8,232,Summer,28.3,29.19333333333333,24.679999999999996,7.77142857142857,11.606666666666666,29.1,26.7,31.0
2024-08-20,28.2,31.6,26.4,4.3,85,15.71,12.7,2024,8,233,Summer,28.428571428571427,29.096666666666668,24.66958904109589,7.085714285714284,11.686666666666667,29.0,27.3,31.1
2024-08-21,28.4,32.0,25.1,5.4,86,20.4,8.7,2024,8,234,Summer,28.485714285714284,29.009999999999998,24.664109589041097,6.742857142857141,11.7,28.2,28.0,31.0
2024-08-22,28.2,32.8,24.7,7.0,86,20.91,10.7,2024,8,235,Summer,28.45714285714286,28.936666666666667,24.665479452054793,6.185714285714283,11.79,28.4,28.4,30.4
2024-08-23,27.4,30.7,24.9,0.9,86,12.93,10.5,2024,8,236,Summer,28.400000000000002,28.866666666666667,24.661095890410955,4.171428571428569,11.590000000000002,28.2,27.8,29.5
2024-08-24,28.3,31.5,25.3,8.8,84,15.82,16.6,2024,8,237,Summer,28.37142857142857,28.783333333333335,24.65643835616438,4.328571428571427,11.863333333333335,27.4,28.5,30.8
2024-08-25,28.8,32.2,24.9,15.2,79,21.05,22.0,2024,8,238,Summer,28.32857142857143,28.74666666666667,24.65205479452055,6.17142857142857,12.030000000000001,28.3,29.1,29.9
2024-08-26,28.2,31.6,26.0,3.8,83,19.26,22.7,2024,8,239,Summer,28.214285714285715,28.67,24.646027397260273,6.485714285714283,12.006666666666668,28.8,29.0,30.5
2024-08-27,27.2,31.2,24.3,11.1,85,18.99,24.1,2024,8,240,Summer,28.071428571428573,28.529999999999998,24.64,7.4571428571428555,12.176666666666668,28.2,28.2,31.4
2024-08-28,26.8,30.3,24.2,7.9,87,17.06,16.2,2024,8,241,Summer,27.842857142857145,28.363333333333333,24.63013698630137,7.814285714285711,12.430000000000001,27.2,28.4,31.8
2024-08-29,26.9,30.9,24.4,19.5,87,14.4,19.4,2024,8,242,Summer,27.657142857142855,28.166666666666668,24.61917808219178,9.599999999999998,13.076666666666666,26.8,28.2,32.8
2024-08-30,27.5,31.3,25.0,7.5,88,16.53,9.1,2024,8,243,Summer,27.67142857142857,28.05,24.609315068493153,10.542857142857141,9.46,26.9,27.4,31.0
2024-08-31,29.2,33.3,25.6,0.0,79,21.44,13.3,2024,8,244,Summer,27.8,28.083333333333332,24.601917808219174,9.285714285714283,8.303333333333333,27.5,28.3,28.2
2024-09-01,29.6,33.5,25.9,0.1,76,20.92,13.9,2024,9,245,Autumn,27.91428571428571,28.123333333333335,24.595890410958905,7.128571428571426,8.206666666666667,29.2,28.8,28.4
2024-09-02,28.0,31.5,25.1,11.7,84,13.71,14.1,2024,9,246,Autumn,27.885714285714283,28.093333333333337,24.586849315068495,8.257142857142854,8.533333333333333,29.6,28.2,28.9
2024-09-03,27.4,31.6,25.4,17.8,87,16.25,13.4,2024,9,247,Autumn,27.914285714285715,28.016666666666666,24.576164383561643,9.214285714285712,9.123333333333333,28.0,27.2,29.7
2024-09-04,27.2,30.8,24.4,0.9,87,16.26,10.6,2024,9,248,Autumn,27.97142857142857,27.956666666666667,24.566575342465757,8.214285714285712,9.113333333333335,27.4,26.8,29.0
2024-09-05,27.5,31.6,24.8,2.9,84,19.82,12.8,2024,9,249,Autumn,28.057142857142857,27.90666666666667,24.557260273972602,5.842857142857141,9.206666666666667,27.2,26.9,29.0
2024-09-06,26.5,30.6,24.2,14.7,89,15.36,15.6,2024,9,250,Autumn,27.914285714285715,27.880000000000003,24.542465753424658,6.871428571428569,9.15,27.5,27.5,27.3
2024-09-07,26.8,30.4,24.1,23.6,88,13.35,11.8,2024,9,251,Autumn,27.571428571428573,27.853333333333335,24.53287671232877,10.242857142857142,9.576666666666666,26.5,29.2,27.6
2024-09-08,27.6,31.3,24.4,14.1,87,16.43,10.3,2024,9,252,Autumn,27.285714285714285,27.846666666666668,24.532328767123285,12.242857142857142,9.02,26.8,29.6,27.8
2024-09-09,28.4,32.7,25.2,3.4,82,20.12,13.2,2024,9,253,Autumn,27.342857142857138,27.873333333333335,24.538630136986303,11.057142857142855,8.576666666666666,27.6,28.0,27.6
2024-09-10,27.2,30.7,24.9,11.8,89,14.03,11.5,2024,9,254,Autumn,27.314285714285717,27.87,24.537808219178086,10.2,8.59,28.4,27.4,27.3
2024-09-11,27.5,31.7,25.0,26.7,89,15.07,16.6,2024,9,255,Autumn,27.357142857142858,27.89666666666667,24.534520547945206,13.885714285714284,9.116666666666667,27.2,27.2,26.7
2024-09-12,25.4,27.2,23.9,100.8,91,3.41,24.4,2024,9,256,Autumn,27.057142857142853,27.833333333333332,24.522739726027396,27.871428571428567,12.173333333333336,27.5,27.5,27.3
2024-09-13,25.4,30.0,23.3,54.7,89,13.41,22.7,2024,9,257,Autumn,26.9,27.746666666666666,24.512328767123286,33.58571428571428,13.736666666666668,25.4,26.5,28.0
2024-09-14,26.0,29.9,22.6,4.7,84,17.6,18.7,2024,9,258,Autumn,26.785714285714285,27.666666666666668,24.50657534246575,30.88571428571428,13.53,25.4,26.8,28.4
2024-09-15,26.4,31.2,22.5,0.1,79,20.44,19.8,2024,9,259,Autumn,26.61428571428571,27.62,24.5013698630137,28.885714285714283,13.033333333333333,26.0,27.6,27.8
2024-09-16,27.2,32.1,23.7,0.0,73,20.96,17.3,2024,9,260,Autumn,26.442857142857143,27.576666666666668,24.501643835616438,28.4,12.776666666666667,26.4,28.4,28.5
2024-09-17,27.6,31.5,23.9,0.0,74,16.07,11.6,2024,9,261,Autumn,26.5,27.526666666666664,24.50082191780822,26.714285714285715,12.7,27.2,27.2,29.1
2024-09-18,24.9,27.7,22.8,62.7,86,7.92,17.9,2024,9,262,Autumn,26.128571428571426,27.39,24.490684931506852,31.857142857142854,14.736666666666668,27.6,27.5,29.0
2024-09-19,26.2,29.8,22.8,3.7,85,16.27,15.7,2024,9,263,Autumn,26.242857142857144,27.32333333333333,24.481917808219183,17.985714285714284,14.716666666666667,24.9,25.4,28.2
2024-09-20,27.2,31.1,24.0,0.0,80,18.75,12.2,2024,9,264,Autumn,26.5,27.283333333333335,24.4772602739726,10.171428571428569,14.536666666666667,26.2,25.4,28.4
2024-09-21,27.9,31.6,24.8,0.2,79,16.21,9.2,2024,9,265,Autumn,26.771428571428572,27.27333333333333,24.473150684931504,9.528571428571427,14.31,27.2,26.0,28.2
2024-09-22,29.0,33.1,25.3,0.0,77,18.88,6.9,2024,9,266,Autumn,27.142857142857142,27.326666666666664,24.474246575342463,9.514285714285714,14.28,27.9,26.4,27.4
2024-09-23,28.9,33.3,25.1,0.0,78,20.12,10.7,2024,9,267,Autumn,27.385714285714283,27.346666666666668,24.476986301369863,9.514285714285714,13.986666666666666,29.0,27.2,28.3
2024-09-24,29.3,33.6,25.2,0.0,77,19.65,6.9,2024,9,268,Autumn,27.628571428571426,27.363333333333333,24.47890410958904,9.514285714285714,13.479999999999999,28.9,27.6,28.8
2024-09-25,29.0,33.0,26.4,0.4,81,17.94,16.1,2024,9,269,Autumn,28.214285714285715,27.39,24.47945205479452,0.6142857142857122,13.366666666666667,29.3,24.9,28.2
2024-09-26,27.9,31.4,25.3,0.4,82,14.75,13.2,2024,9,270,Autumn,28.457142857142856,27.413333333333334,24.479726027397263,0.14285714285714082,13.01,29.0,26.2,27.2
2024-09-27,27.3,30.9,24.8,0.8,80,17.57,16.0,2024,9,271,Autumn,28.47142857142857,27.43,24.481643835616442,0.2571428571428551,12.773333333333333,27.9,27.2,26.8
2024-09-28,26.3,30.5,23.1,0.0,81,14.26,11.6,2024,9,272,Autumn,28.24285714285714,27.410000000000004,24.48027397260274,0.22857142857142657,12.123333333333333,27.3,27.9,26.9
2024-09-29,26.4,30.7,22.6,0.3,83,13.82,10.1,2024,9,273,Autumn,27.87142857142857,27.373333333333335,24.476164383561642,0.2714285714285694,11.883333333333333,26.3,29.0,27.5
2024-09-30,27.7,32.7,23.5,0.0,77,17.95,15.2,2024,9,274,Autumn,27.699999999999996,27.32333333333333,24.476986301369863,0.2714285714285694,11.883333333333333,26.4,28.9,29.2
2024-10-01,28.3,33.2,24.0,0.0,76,19.34,14.9,2024,10,275,Autumn,27.557142857142857,27.279999999999998,24.481369863013697,0.2714285714285694,11.88,27.7,29.3,29.6
2024-10-02,28.9,34.6,24.7,0.0,73,19.49,17.7,2024,10,276,Autumn,27.542857142857144,27.31,24.48821917808219,0.21428571428571225,11.490000000000002,28.3,29.0,28.0
2024-10-03,28.6,33.9,24.5,0.0,66,19.57,18.4,2024,10,277,Autumn,27.642857142857142,27.35,24.494520547945207,0.1571428571428551,10.896666666666668,28.9,27.9,27.4
2024-10-04,28.3,33.5,23.8,0.0,68,19.2,13.4,2024,10,278,Autumn,27.785714285714285,27.386666666666663,24.499726027397266,0.042857142857140824,10.866666666666667,28.6,27.3,27.2
2024-10-05,28.4,33.6,24.2,0.0,66,17.84,17.8,2024,10,279,Autumn,28.085714285714285,27.416666666666664,24.502739726027396,0.042857142857140824,10.770000000000001,28.3,26.3,27.5
2024-10-06,27.8,33.6,23.7,0.0,65,18.34,15.9,2024,10,280,Autumn,28.285714285714285,27.459999999999997,24.5013698630137,0.0,10.280000000000001,28.4,26.4,26.5
2024-10-07,26.7,32.4,21.9,0.0,71,18.52,9.1,2024,10,281,Autumn,28.142857142857142,27.456666666666663,24.493150684931507,0.0,9.493333333333334,27.8,27.7,26.8
2024-10-08,27.0,32.5,22.2,0.0,70,18.08,10.0,2024,10,282,Autumn,27.957142857142856,27.436666666666664,24.486849315068493,0.0,9.023333333333335,26.7,28.3,27.6
2024-10-09,26.5,32.2,20.6,0.0,65,18.26,14.8,2024,10,283,Autumn,27.61428571428571,27.37333333333333,24.481643835616442,0.0,8.91,27.0,28.9,28.4
2024-10-10,26.1,32.3,21.0,0.0,60,18.26,13.9,2024,10,284,Autumn,27.25714285714286,27.336666666666662,24.480547945205483,0.0,8.516666666666667,26.5,28.6,27.2
2024-10-11,25.0,31.7,19.1,0.0,56,18.47,13.7,2024,10,285,Autumn,26.785714285714285,27.25333333333333,24.478356164383563,0.0,7.626666666666666,26.1,28.3,27.5
2024-10-12,25.3,32.0,19.1,0.0,61,18.31,10.6,2024,10,286,Autumn,26.342857142857145,27.25,24.472328767123287,0.0,4.266666666666667,25.0,28.4,25.4
2024-10-13,26.0,32.1,19.7,0.0,57,17.96,8.7,2024,10,287,Autumn,26.085714285714285,27.27,24.466301369863015,0.0,2.4433333333333334,25.3,27.8,25.4
2024-10-14,25.7,31.8,20.5,0.0,55,17.82,10.4,2024,10,288,Autumn,25.942857142857147,27.259999999999998,24.46191780821918,0.0,2.2866666666666666,26.0,26.7,26.0
2024-10-15,25.2,31.9,19.4,0.0,57,17.71,13.1,2024,10,289,Autumn,25.685714285714287,27.220000000000002,24.464383561643835,0.0,2.283333333333333,25.7,27.0,26.4
2024-10-16,25.7,32.4,19.6,0.0,57,16.28,9.0,2024,10,290,Autumn,25.571428571428573,27.169999999999998,24.473698630136987,0.0,2.283333333333333,25.2,26.5,27.2
2024-10-17,26.3,32.8,20.6,0.0,63,16.9,9.2,2024,10,291,Autumn,25.599999999999998,27.12666666666667,24.483835616438355,0.0,2.283333333333333,25.7,26.1,27.6
2024-10-18,26.1,33.4,20.1,0.0,65,17.11,10.1,2024,10,292,Autumn,25.757142857142856,27.166666666666668,24.495342465753424,0.0,0.19333333333333333,26.3,25.0,24.9
2024-10-19,26.8,33.7,21.0,0.0,63,16.98,9.9,2024,10,293,Autumn,25.97142857142857,27.186666666666667,24.50739726027397,0.0,0.07,26.1,25.3,26.2
2024-10-20,26.5,33.0,20.2,0.0,68,16.44,10.5,2024,10,294,Autumn,26.042857142857144,27.163333333333334,24.51753424657534,0.0,0.07,26.8,26.0,27.2
2024-10-21,25.6,32.3,20.0,0.0,70,16.52,9.1,2024,10,295,Autumn,26.028571428571432,27.086666666666666,24.523835616438355,0.0,0.06333333333333334,26.5,25.7,27.9
2024-10-22,25.6,31.5,20.1,0.0,67,16.45,9.5,2024,10,296,Autumn,26.085714285714285,26.973333333333336,24.53041095890411,0.0,0.06333333333333334,25.6,25.2,29.0
2024-10-23,26.1,32.1,20.1,0.0,61,16.22,17.5,2024,10,297,Autumn,26.142857142857142,26.880000000000003,24.537808219178086,0.0,0.06333333333333334,25.6,25.7,28.9
2024-10-24,25.5,32.6,20.2,0.0,59,16.38,14.8,2024,10,298,Autumn,26.02857142857143,26.75333333333333,24.544109589041096,0.0,0.06333333333333334,26.1,26.3,29.3
2024-10-25,25.0,32.1,19.1,0.0,61,16.3,17.9,2024,10,299,Autumn,25.871428571428574,26.619999999999997,24.549863013698634,0.0,0.05,25.5,26.1,29.0
2024-10-26,24.6,31.6,19.0,0.0,66,16.13,13.2,2024,10,300,Autumn,25.557142857142857,26.509999999999998,24.55452054794521,0.0,0.03666666666666667,25.0,26.8,27.9
2024-10-27,25.2,31.1,20.4,0.0,74,15.78,8.5,2024,10,301,Autumn,25.37142857142857,26.44,24.55671232876712,0.0,0.01,24.6,26.5,27.3
2024-10-28,25.7,31.4,21.0,0.0,71,15.62,10.9,2024,10,302,Autumn,25.385714285714283,26.419999999999998,24.5613698630137,0.0,0.01,25.2,25.6,26.3
2024-10-29,26.4,32.9,20.6,0.0,70,15.47,8.9,2024,10,303,Autumn,25.5,26.42,24.56821917808219,0.0,0.0,25.7,25.6,26.4
2024-10-30,27.0,34.3,21.3,0.0,65,15.43,12.4,2024,10,304,Autumn,25.628571428571426,26.39666666666667,24.576164383561643,0.0,0.0,26.4,26.1,27.7
2024-10-31,26.1,32.8,20.8,0.0,63,15.26,18.0,2024,10,305,Autumn,25.714285714285715,26.323333333333334,24.581917808219178,0.0,0.0,27.0,25.5,28.3
2024-11-01,24.9,32.0,19.3,0.0,53,15.67,17.6,2024,11,306,Autumn,25.699999999999996,26.19,24.5841095890411,0.0,0.0,26.1,25.0,28.9
2024-11-02,24.4,31.7,17.7,0.0,54,15.13,10.7,2024,11,307,Autumn,25.67142857142857,26.05,24.589315068493153,0.0,0.0,24.9,24.6,28.6
2024-11-03,24.4,31.3,18.2,0.0,54,15.22,9.3,2024,11,308,Autumn,25.557142857142857,25.92,24.594520547945205,0.0,0.0,24.4,25.2,28.3
2024-11-04,23.7,30.4,17.5,0.0,62,14.91,9.5,2024,11,309,Autumn,25.27142857142857,25.763333333333335,24.5972602739726,0.0,0.0,24.4,25.7,28.4
2024-11-05,23.4,29.4,18.1,0.0,71,14.54,10.5,2024,11,310,Autumn,24.842857142857145,25.616666666666667,24.600547945205477,0.0,0.0,23.7,26.4,27.8
2024-11-06,23.9,30.2,18.1,0.0,67,14.44,8.9,2024,11,311,Autumn,24.400000000000002,25.523333333333333,24.604383561643832,0.0,0.0,23.4,27.0,26.7
2024-11-07,24.2,30.1,19.0,0.0,67,14.22,7.4,2024,11,312,Autumn,24.128571428571426,25.430000000000003,24.608493150684932,0.0,0.0,23.9,26.1,27.0
2024-11-08,24.6,30.3,19.0,0.0,66,14.14,8.1,2024,11,313,Autumn,24.085714285714285,25.366666666666667,24.613698630136987,0.0,0.0,24.2,24.9,26.5
2024-11-09,24.5,30.6,19.7,0.0,68,13.8,11.4,2024,11,314,Autumn,24.099999999999998,25.313333333333333,24.624657534246577,0.0,0.0,24.6,24.4,26.1
2024-11-10,24.3,30.2,19.3,0.0,69,13.92,9.6,2024,11,315,Autumn,24.085714285714285,25.290000000000003,24.638630136986304,0.0,0.0,24.5,24.4,25.0
2024-11-11,23.9,29.8,18.5,0.0,74,13.72,8.0,2024,11,316,Autumn,24.114285714285717,25.243333333333332,24.652602739726024,0.0,0.0,24.3,23.7,25.3
2024-11-12,24.9,31.2,19.0,0.0,60,13.91,15.0,2024,11,317,Autumn,24.328571428571426,25.206666666666663,24.668767123287672,0.0,0.0,23.9,23.4,26.0
2024-11-13,24.1,30.0,18.8,0.0,56,13.99,10.5,2024,11,318,Autumn,24.357142857142858,25.153333333333332,24.683013698630134,0.0,0.0,24.9,23.9,25.7
2024-11-14,24.1,30.0,19.0,0.0,55,13.53,9.6,2024,11,319,Autumn,24.342857142857145,25.116666666666667,24.69835616438356,0.0,0.0,24.1,24.2,25.2
2024-11-15,23.7,29.0,18.7,0.0,51,13.59,12.6,2024,11,320,Autumn,24.214285714285715,25.05,24.70931506849315,0.0,0.0,24.1,24.6,25.7
2024-11-16,23.3,28.8,17.6,0.0,55,13.36,10.5,2024,11,321,Autumn,24.042857142857144,24.95,24.717260273972602,0.0,0.0,23.7,24.5,26.3
2024-11-17,22.9,28.5,18.0,0.0,58,13.2,8.9,2024,11,322,Autumn,23.842857142857145,24.84333333333333,24.725479452054792,0.0,0.0,23.3,24.3,26.1
2024-11-18,20.8,26.4,15.9,0.0,60,13.46,7.8,2024,11,323,Autumn,23.4,24.64333333333333,24.72739726027397,0.0,0.0,22.9,23.9,26.8
2024-11-19,20.1,25.9,14.2,0.0,51,13.52,8.7,2024,11,324,Autumn,22.714285714285715,24.43,24.72876712328767,0.0,0.0,20.8,24.9,26.5
2024-11-20,19.8,25.9,13.6,0.0,50,13.56,8.3,2024,11,325,Autumn,22.099999999999998,24.236666666666668,24.731506849315068,0.0,0.0,20.1,24.1,25.6
2024-11-21,19.7,25.8,13.6,0.0,51,13.41,7.7,2024,11,326,Autumn,21.47142857142857,24.04,24.735890410958906,0.0,0.0,19.8,24.1,25.6
2024-11-22,20.3,26.3,14.0,0.0,54,13.12,7.0,2024,11,327,Autumn,20.985714285714288,23.846666666666668,24.742191780821916,0.0,0.0,19.7,23.7,26.1
2024-11-23,20.9,27.5,14.1,0.0,51,12.98,6.0,2024,11,328,Autumn,20.642857142857142,23.693333333333335,24.74876712328767,0.0,0.0,20.3,23.3,25.5
2024-11-24,21.4,27.7,15.7,0.0,48,13.0,10.6,2024,11,329,Autumn,20.428571428571427,23.57333333333333,24.75671232876712,0.0,0.0,20.9,22.9,25.0
2024-11-25,20.6,25.9,15.1,0.0,57,13.0,11.0,2024,11,330,Autumn,20.4,23.44,24.76054794520548,0.0,0.0,21.4,20.8,24.6
2024-11-26,19.7,25.6,13.9,0.0,56,12.96,10.4,2024,11,331,Autumn,20.342857142857145,23.256666666666664,24.76383561643836,0.0,0.0,20.6,20.1,25.2
2024-11-27,19.8,26.0,13.6,0.0,49,12.97,8.1,2024,11,332,Autumn,20.342857142857145,23.060000000000002,24.770410958904108,0.0,0.0,19.7,19.8,25.7
2024-11-28,19.4,25.5,12.8,0.0,50,13.02,6.5,2024,11,333,Autumn,20.3,22.826666666666664,24.772876712328763,0.0,0.0,19.8,19.7,26.4
2024-11-29,18.9,24.6,12.5,0.0,59,12.69,5.1,2024,11,334,Autumn,20.099999999999998,22.556666666666665,24.775890410958905,0.0,0.0,19.4,20.3,27.0
2024-11-30,18.9,24.9,12.4,0.0,60,12.54,8.0,2024,11,335,Autumn,19.814285714285713,22.316666666666663,24.777260273972605,0.0,0.0,18.9,20.9,26.1
2024-12-01,19.4,24.8,14.0,0.0,61,12.36,8.1,2024,12,336,Winter,19.52857142857143,22.133333333333333,24.78109589041096,0.0,0.0,18.9,21.4,24.9
2024-12-02,19.5,25.8,13.3,0.0,58,12.52,7.1,2024,12,337,Winter,19.37142857142857,21.970000000000002,24.785205479452056,0.0,0.0,19.4,20.6,24.4
2024-12-03,20.1,26.5,13.5,0.0,56,12.42,10.7,2024,12,338,Winter,19.428571428571427,21.826666666666664,24.791506849315066,0.0,0.0,19.5,19.7,24.4
2024-12-04,20.1,25.6,15.2,0.0,50,12.47,14.2,2024,12,339,Winter,19.471428571428568,21.706666666666663,24.801369863013697,0.0,0.0,20.1,19.8,23.7
2024-12-05,17.8,23.6,12.0,0.0,45,12.9,12.7,2024,12,340,Winter,19.24285714285714,21.52,24.805205479452052,0.0,0.0,20.1,19.4,23.4
2024-12-06,17.5,23.5,11.3,0.0,47,12.62,12.0,2024,12,341,Winter,19.042857142857144,21.30666666666667,24.807397260273973,0.0,0.0,17.8,18.9,23.9
2024-12-07,16.9,23.1,9.7,0.0,44,12.77,5.0,2024,12,342,Winter,18.75714285714286,21.063333333333333,24.80849315068493,0.0,0.0,17.5,18.9,24.2
2024-12-08,16.1,22.3,11.0,1.5,56,11.88,13.1,2024,12,343,Winter,18.285714285714285,20.780000000000005,24.809041095890407,0.21428571428571225,0.05,16.9,19.4,24.6
2024-12-09,15.3,20.2,10.4,0.0,65,12.25,8.7,2024,12,344,Winter,17.685714285714287,20.473333333333336,24.808493150684928,0.21428571428571225,0.05,16.1,19.5,24.5
2024-12-10,14.5,20.1,9.8,0.0,53,12.66,13.0,2024,12,345,Winter,16.885714285714286,20.146666666666665,24.806575342465752,0.21428571428571225,0.05,15.3,20.1,24.3
2024-12-11,13.9,20.2,8.2,0.0,47,12.77,10.5,2024,12,346,Winter,16.0,19.813333333333333,24.80191780821918,0.21428571428571225,0.05,14.5,20.1,23.9
2024-12-12,14.2,20.5,7.7,0.0,52,12.69,10.1,2024,12,347,Winter,15.485714285714286,19.456666666666667,24.797260273972604,0.21428571428571225,0.05,13.9,17.8,24.9
2024-12-13,14.8,20.6,9.2,0.0,48,12.81,15.1,2024,12,348,Winter,15.1,19.146666666666665,24.797534246575342,0.21428571428571225,0.05,14.2,17.5,24.1
2024-12-14,14.6,20.7,8.6,0.0,44,12.66,12.5,2024,12,349,Winter,14.771428571428572,18.83,24.7986301369863,0.21428571428571225,0.05,14.8,16.9,24.1
2024-12-15,14.3,21.1,7.3,0.0,51,12.7,6.5,2024,12,350,Winter,14.514285714285714,18.516666666666666,24.798082191780825,0.0,0.05,14.6,16.1,23.7
2024-12-16,14.2,21.0,7.0,0.0,67,12.47,5.9,2024,12,351,Winter,14.357142857142858,18.21333333333333,24.794794520547942,0.0,0.05,14.3,15.3,23.3
2024-12-17,14.2,20.6,7.7,0.0,74,11.21,4.4,2024,12,352,Winter,14.314285714285715,17.923333333333336,24.794520547945204,0.0,0.05,14.2,14.5,22.9
2024-12-18,14.0,20.9,7.6,0.0,69,12.18,7.2,2024,12,353,Winter,14.328571428571427,17.69666666666667,24.793972602739725,0.0,0.05,14.2,13.9,20.8
2024-12-19,14.5,20.8,8.0,0.0,62,12.34,8.3,2024,12,354,Winter,14.37142857142857,17.51,24.796438356164387,0.0,0.05,14.0,14.2,20.1
2024-12-20,16.2,23.2,10.2,0.0,62,12.04,6.5,2024,12,355,Winter,14.571428571428571,17.39,24.802739726027397,0.0,0.05,14.5,14.8,19.8
2024-12-21,15.5,22.1,9.2,0.0,65,12.23,7.3,2024,12,356,Winter,14.700000000000001,17.25,24.807123287671235,0.0,0.05,16.2,14.6,19.7
2024-12-22,16.3,22.5,10.5,0.0,60,12.27,7.2,2024,12,357,Winter,14.985714285714284,17.116666666666667,24.80767123287671,0.0,0.05,15.5,14.3,20.3
2024-12-23,14.5,17.6,11.6,1.4,68,5.59,10.1,2024,12,358,Winter,15.028571428571428,16.903333333333332,24.804109589041097,0.19999999999999796,0.09666666666666666,16.3,14.2,20.9
2024-12-24,14.7,18.7,11.4,0.5,77,8.92,8.9,2024,12,359,Winter,15.1,16.68,24.80191780821918,0.2714285714285694,0.11333333333333333,14.5,14.2,21.4
2024-12-25,15.1,20.6,10.8,0.0,78,11.76,7.6,2024,12,360,Winter,15.257142857142856,16.496666666666666,24.80109589041096,0.2714285714285694,0.11333333333333333,14.7,14.0,20.6
2024-12-26,16.1,22.6,9.9,0.0,68,12.08,4.8,2024,12,361,Winter,15.485714285714286,16.37666666666667,24.80602739726027,0.2714285714285694,0.11333333333333333,15.1,14.5,19.7
2024-12-27,15.1,17.1,13.8,29.9,84,4.15,11.3,2024,12,362,Winter,15.328571428571427,16.22,24.809041095890407,4.54285714285714,1.1099999999999999,16.1,16.2,19.8
2024-12-28,14.9,18.1,12.3,4.6,89,5.94,7.8,2024,12,363,Winter,15.242857142857142,16.07,24.813424657534245,5.1999999999999975,1.2633333333333332,15.1,15.5,19.4
2024-12-29,13.7,18.3,10.6,0.0,86,11.23,9.6,2024,12,364,Winter,14.87142857142857,15.896666666666668,24.816712328767125,5.1999999999999975,1.2633333333333332,14.9,16.3,18.9
2024-12-30,12.7,18.1,9.6,0.0,87,11.02,11.0,2024,12,365,Winter,14.614285714285714,15.69,24.81671232876712,4.999999999999998,1.2633333333333332,13.7,14.5,18.9
2024-12-31,11.3,16.1,7.5,0.0,89,10.22,5.1,2024,12,366,Winter,14.128571428571428,15.42,24.81917808219178,4.928571428571426,1.2633333333333332,12.7,14.7,19.4
